{"dram": {"open_time": 0, "copy_time": 23.110676765441895, "close_persist_time": 0}, "pickle_dram_nvme": {"open_time": 6.198883056640625e-05, "copy_time": 80.27292013168335, "close_persist_time": 1.6689300537109375e-05}, "pickle_dram_fs_dax0": {"open_time": 6.079673767089844e-05, "copy_time": 78.4813244342804, "close_persist_time": 1.6927719116210938e-05}, "pickle_dram_fs_dax1": {"open_time": 4.267692565917969e-05, "copy_time": 160.1845920085907, "close_persist_time": 1.6689300537109375e-05}, "pymm_dram_fs_dax0": {"open_time": 0.06563735008239746, "copy_time": 33.1014609336853, "close_persist_time": 0.04911375045776367}, "pymm_dram_fs_dax1": {"open_time": 0.06897139549255371, "copy_time": 119.33386135101318, "close_persist_time": 0.04916810989379883}, "pymm_dram_dev_dax0": {"open_time": 0.003931999206542969, "copy_time": 20.091664791107178, "close_persist_time": 0.04904890060424805}, "pymm_dram_dev_dax1": {"open_time": 0.004037141799926758, "copy_time": 74.78267097473145, "close_persist_time": 0.0488591194152832}, "pymm_dram_nvme": {"open_time": 0.05808734893798828, "copy_time": 58.13513398170471, "close_persist_time": 0.048473358154296875}, "ndarray_save_dram_nvme": {"open_time": 0, "copy_time": 31.126944541931152, "close_persist_time": 0}, "ndarray_save_dram_fs_dax0": {"open_time": 0, "copy_time": 33.5257294178009, "close_persist_time": 0}, "ndarray_save_dram_fs_dax1": {"open_time": 0, "copy_time": 116.71450924873352, "close_persist_time": 0}}