{"dram": {"open_time": 0, "copy_time": 23.23172688484192, "close_persist_time": 0}, "pickle_dram_nvme": {"open_time": 6.0558319091796875e-05, "copy_time": 80.566654920578, "close_persist_time": 1.6689300537109375e-05}, "pickle_dram_fs_dax0": {"open_time": 5.245208740234375e-05, "copy_time": 78.83693623542786, "close_persist_time": 1.9073486328125e-05}, "pickle_dram_fs_dax1": {"open_time": 4.3392181396484375e-05, "copy_time": 160.03082752227783, "close_persist_time": 1.6450881958007812e-05}, "pymm_dram_fs_dax0": {"open_time": 0.06545567512512207, "copy_time": 33.33074641227722, "close_persist_time": 0.04929327964782715}, "pymm_dram_fs_dax1": {"open_time": 0.0686485767364502, "copy_time": 119.37390661239624, "close_persist_time": 0.049101829528808594}, "pymm_dram_dev_dax0": {"open_time": 0.00396418571472168, "copy_time": 20.043991088867188, "close_persist_time": 0.048964738845825195}, "pymm_dram_dev_dax1": {"open_time": 0.004072427749633789, "copy_time": 74.80942702293396, "close_persist_time": 0.04903888702392578}, "pymm_dram_nvme": {"open_time": 0.05746889114379883, "copy_time": 57.965163469314575, "close_persist_time": 0.04848337173461914}, "ndarray_save_dram_nvme": {"open_time": 0, "copy_time": 31.351718187332153, "close_persist_time": 0}, "ndarray_save_dram_fs_dax0": {"open_time": 0, "copy_time": 33.778443574905396, "close_persist_time": 0}, "ndarray_save_dram_fs_dax1": {"open_time": 0, "copy_time": 116.49680924415588, "close_persist_time": 0}}