{"dram": {"open_time": 0, "copy_time": 23.156890153884888, "close_persist_time": 0}, "pickle_dram_nvme": {"open_time": 6.031990051269531e-05, "copy_time": 79.70535564422607, "close_persist_time": 1.6689300537109375e-05}, "pickle_dram_fs_dax0": {"open_time": 4.982948303222656e-05, "copy_time": 78.56240749359131, "close_persist_time": 1.7881393432617188e-05}, "pickle_dram_fs_dax1": {"open_time": 4.38690185546875e-05, "copy_time": 160.1558825969696, "close_persist_time": 1.6689300537109375e-05}, "pymm_dram_fs_dax0": {"open_time": 0.06554245948791504, "copy_time": 33.552241802215576, "close_persist_time": 0.04951119422912598}, "pymm_dram_fs_dax1": {"open_time": 0.06831479072570801, "copy_time": 119.21642088890076, "close_persist_time": 0.04887676239013672}, "pymm_dram_dev_dax0": {"open_time": 0.003942012786865234, "copy_time": 19.82476496696472, "close_persist_time": 0.04903721809387207}, "pymm_dram_dev_dax1": {"open_time": 0.0040667057037353516, "copy_time": 74.76492667198181, "close_persist_time": 0.04903984069824219}, "pymm_dram_nvme": {"open_time": 0.05733370780944824, "copy_time": 57.62290000915527, "close_persist_time": 0.048769474029541016}, "ndarray_save_dram_nvme": {"open_time": 0, "copy_time": 31.058686017990112, "close_persist_time": 0}, "ndarray_save_dram_fs_dax0": {"open_time": 0, "copy_time": 33.52718377113342, "close_persist_time": 0}, "ndarray_save_dram_fs_dax1": {"open_time": 0, "copy_time": 116.46672797203064, "close_persist_time": 0}}