{"dram": {"open_time": 0, "copy_time": 23.070964574813843, "close_persist_time": 0}, "pickle_dram_nvme": {"open_time": 6.246566772460938e-05, "copy_time": 79.98110818862915, "close_persist_time": 1.6450881958007812e-05}, "pickle_dram_fs_dax0": {"open_time": 5.316734313964844e-05, "copy_time": 78.2936339378357, "close_persist_time": 1.7404556274414062e-05}, "pickle_dram_fs_dax1": {"open_time": 4.363059997558594e-05, "copy_time": 160.03033304214478, "close_persist_time": 1.7404556274414062e-05}, "pymm_dram_fs_dax0": {"open_time": 0.06565093994140625, "copy_time": 33.775389194488525, "close_persist_time": 0.049303293228149414}, "pymm_dram_fs_dax1": {"open_time": 0.06853294372558594, "copy_time": 119.31317210197449, "close_persist_time": 0.04915428161621094}, "pymm_dram_dev_dax0": {"open_time": 0.003926277160644531, "copy_time": 20.0595281124115, "close_persist_time": 0.04890847206115723}, "pymm_dram_dev_dax1": {"open_time": 0.00406193733215332, "copy_time": 74.76682376861572, "close_persist_time": 0.049060821533203125}, "pymm_dram_nvme": {"open_time": 0.05696535110473633, "copy_time": 57.39768147468567, "close_persist_time": 0.04851412773132324}, "ndarray_save_dram_nvme": {"open_time": 0, "copy_time": 31.513477087020874, "close_persist_time": 0}, "ndarray_save_dram_fs_dax0": {"open_time": 0, "copy_time": 33.78405165672302, "close_persist_time": 0}, "ndarray_save_dram_fs_dax1": {"open_time": 0, "copy_time": 116.47979927062988, "close_persist_time": 0}}