{"dram": {"open_time": 0, "copy_time": 23.20550537109375, "close_persist_time": 0}, "pickle_dram_nvme": {"open_time": 6.318092346191406e-05, "copy_time": 80.12776398658752, "close_persist_time": 1.5497207641601562e-05}, "pickle_dram_fs_dax0": {"open_time": 5.030632019042969e-05, "copy_time": 78.93156147003174, "close_persist_time": 1.621246337890625e-05}, "pickle_dram_fs_dax1": {"open_time": 4.458427429199219e-05, "copy_time": 160.15793251991272, "close_persist_time": 1.52587890625e-05}, "pymm_dram_fs_dax0": {"open_time": 0.06568193435668945, "copy_time": 33.31609773635864, "close_persist_time": 0.04912900924682617}, "pymm_dram_fs_dax1": {"open_time": 0.06853961944580078, "copy_time": 119.20622968673706, "close_persist_time": 0.04889321327209473}, "pymm_dram_dev_dax0": {"open_time": 0.003949642181396484, "copy_time": 19.81993079185486, "close_persist_time": 0.048700809478759766}, "pymm_dram_dev_dax1": {"open_time": 0.0040740966796875, "copy_time": 74.5925829410553, "close_persist_time": 0.04903841018676758}, "pymm_dram_nvme": {"open_time": 0.057802438735961914, "copy_time": 57.45056223869324, "close_persist_time": 0.048520565032958984}, "ndarray_save_dram_nvme": {"open_time": 0, "copy_time": 30.664389610290527, "close_persist_time": 0}, "ndarray_save_dram_fs_dax0": {"open_time": 0, "copy_time": 33.61107540130615, "close_persist_time": 0}, "ndarray_save_dram_fs_dax1": {"open_time": 0, "copy_time": 116.51487612724304, "close_persist_time": 0}}