{"dram": {"open_time": 0, "copy_time": 23.133373737335205, "close_persist_time": 0}, "pickle_dram_nvme": {"open_time": 5.841255187988281e-05, "copy_time": 79.98024272918701, "close_persist_time": 1.430511474609375e-05}, "pickle_dram_fs_dax0": {"open_time": 4.601478576660156e-05, "copy_time": 78.57749724388123, "close_persist_time": 1.811981201171875e-05}, "pickle_dram_fs_dax1": {"open_time": 4.267692565917969e-05, "copy_time": 160.56117868423462, "close_persist_time": 1.5735626220703125e-05}, "pymm_dram_fs_dax0": {"open_time": 0.06559562683105469, "copy_time": 33.44152784347534, "close_persist_time": 0.049520254135131836}, "pymm_dram_fs_dax1": {"open_time": 0.0681772232055664, "copy_time": 119.25853180885315, "close_persist_time": 0.04911351203918457}, "pymm_dram_dev_dax0": {"open_time": 0.0039331912994384766, "copy_time": 20.04298186302185, "close_persist_time": 0.048890113830566406}, "pymm_dram_dev_dax1": {"open_time": 0.004103899002075195, "copy_time": 74.75044250488281, "close_persist_time": 0.04901742935180664}, "pymm_dram_nvme": {"open_time": 0.05704355239868164, "copy_time": 58.18945908546448, "close_persist_time": 0.04848909378051758}, "ndarray_save_dram_nvme": {"open_time": 0, "copy_time": 31.235836267471313, "close_persist_time": 0}, "ndarray_save_dram_fs_dax0": {"open_time": 0, "copy_time": 33.5038948059082, "close_persist_time": 0}, "ndarray_save_dram_fs_dax1": {"open_time": 0, "copy_time": 116.496342420578, "close_persist_time": 0}}