{"dram": {"open_time": 0, "copy_time": 23.173351526260376, "close_persist_time": 0}, "pickle_dram_nvme": {"open_time": 6.365776062011719e-05, "copy_time": 79.98689150810242, "close_persist_time": 1.4781951904296875e-05}, "pickle_dram_fs_dax0": {"open_time": 4.696846008300781e-05, "copy_time": 79.19960141181946, "close_persist_time": 1.6927719116210938e-05}, "pickle_dram_fs_dax1": {"open_time": 4.7206878662109375e-05, "copy_time": 160.24431443214417, "close_persist_time": 1.5497207641601562e-05}, "pymm_dram_fs_dax0": {"open_time": 0.06525373458862305, "copy_time": 33.22844386100769, "close_persist_time": 0.04936552047729492}, "pymm_dram_fs_dax1": {"open_time": 0.06845545768737793, "copy_time": 119.40953755378723, "close_persist_time": 0.04920482635498047}, "pymm_dram_dev_dax0": {"open_time": 0.003932476043701172, "copy_time": 19.776834726333618, "close_persist_time": 0.04900693893432617}, "pymm_dram_dev_dax1": {"open_time": 0.004026651382446289, "copy_time": 74.88493752479553, "close_persist_time": 0.04908418655395508}, "pymm_dram_nvme": {"open_time": 0.05740237236022949, "copy_time": 57.77454614639282, "close_persist_time": 0.04862189292907715}, "ndarray_save_dram_nvme": {"open_time": 0, "copy_time": 31.17560911178589, "close_persist_time": 0}, "ndarray_save_dram_fs_dax0": {"open_time": 0, "copy_time": 33.79419016838074, "close_persist_time": 0}, "ndarray_save_dram_fs_dax1": {"open_time": 0, "copy_time": 116.58477354049683, "close_persist_time": 0}}