{"dram": {"open_time": 0, "copy_time": 23.197418212890625, "close_persist_time": 0}, "pickle_dram_nvme": {"open_time": 6.175041198730469e-05, "copy_time": 80.22710275650024, "close_persist_time": 1.5020370483398438e-05}, "pickle_dram_fs_dax0": {"open_time": 5.054473876953125e-05, "copy_time": 78.69222402572632, "close_persist_time": 1.8596649169921875e-05}, "pickle_dram_fs_dax1": {"open_time": 4.363059997558594e-05, "copy_time": 160.23801684379578, "close_persist_time": 1.71661376953125e-05}, "pymm_dram_fs_dax0": {"open_time": 0.06568288803100586, "copy_time": 33.38617753982544, "close_persist_time": 0.04951643943786621}, "pymm_dram_fs_dax1": {"open_time": 0.06894993782043457, "copy_time": 119.2637288570404, "close_persist_time": 0.04879403114318848}, "pymm_dram_dev_dax0": {"open_time": 0.0039043426513671875, "copy_time": 19.548463344573975, "close_persist_time": 0.04906749725341797}, "pymm_dram_dev_dax1": {"open_time": 0.004088401794433594, "copy_time": 74.78307056427002, "close_persist_time": 0.049124717712402344}, "pymm_dram_nvme": {"open_time": 0.057883501052856445, "copy_time": 57.18177318572998, "close_persist_time": 0.048847198486328125}, "ndarray_save_dram_nvme": {"open_time": 0, "copy_time": 31.469671726226807, "close_persist_time": 0}, "ndarray_save_dram_fs_dax0": {"open_time": 0, "copy_time": 33.939942836761475, "close_persist_time": 0}, "ndarray_save_dram_fs_dax1": {"open_time": 0, "copy_time": 116.5366780757904, "close_persist_time": 0}}