{"dram": {"open_time": 0, "copy_time": 23.112829446792603, "close_persist_time": 0}, "pickle_dram_nvme": {"open_time": 6.127357482910156e-05, "copy_time": 80.18877959251404, "close_persist_time": 1.52587890625e-05}, "pickle_dram_fs_dax0": {"open_time": 4.9114227294921875e-05, "copy_time": 78.65826177597046, "close_persist_time": 1.71661376953125e-05}, "pickle_dram_fs_dax1": {"open_time": 4.9591064453125e-05, "copy_time": 160.1949474811554, "close_persist_time": 1.5735626220703125e-05}, "pymm_dram_fs_dax0": {"open_time": 0.06558036804199219, "copy_time": 33.646265745162964, "close_persist_time": 0.04993462562561035}, "pymm_dram_fs_dax1": {"open_time": 0.0688326358795166, "copy_time": 119.40603542327881, "close_persist_time": 0.04927420616149902}, "pymm_dram_dev_dax0": {"open_time": 0.0039615631103515625, "copy_time": 20.026063680648804, "close_persist_time": 0.0491330623626709}, "pymm_dram_dev_dax1": {"open_time": 0.004103183746337891, "copy_time": 74.68213081359863, "close_persist_time": 0.04917597770690918}, "pymm_dram_nvme": {"open_time": 0.05750775337219238, "copy_time": 57.879400968551636, "close_persist_time": 0.04868030548095703}, "ndarray_save_dram_nvme": {"open_time": 0, "copy_time": 31.185891151428223, "close_persist_time": 0}, "ndarray_save_dram_fs_dax0": {"open_time": 0, "copy_time": 33.66543674468994, "close_persist_time": 0}, "ndarray_save_dram_fs_dax1": {"open_time": 0, "copy_time": 116.49185872077942, "close_persist_time": 0}}