{"dram": {"open_time": 0, "copy_time": 23.090770721435547, "close_persist_time": 0}, "pickle_dram_nvme": {"open_time": 6.318092346191406e-05, "copy_time": 79.95646929740906, "close_persist_time": 1.6689300537109375e-05}, "pickle_dram_fs_dax0": {"open_time": 5.030632019042969e-05, "copy_time": 78.59289813041687, "close_persist_time": 1.6927719116210938e-05}, "pickle_dram_fs_dax1": {"open_time": 4.3392181396484375e-05, "copy_time": 160.10169124603271, "close_persist_time": 1.621246337890625e-05}, "pymm_dram_fs_dax0": {"open_time": 0.06498861312866211, "copy_time": 33.00446009635925, "close_persist_time": 0.04906630516052246}, "pymm_dram_fs_dax1": {"open_time": 0.0682530403137207, "copy_time": 119.1718978881836, "close_persist_time": 0.04920077323913574}, "pymm_dram_dev_dax0": {"open_time": 0.003939390182495117, "copy_time": 19.897772073745728, "close_persist_time": 0.04901552200317383}, "pymm_dram_dev_dax1": {"open_time": 0.00406193733215332, "copy_time": 74.74149346351624, "close_persist_time": 0.0491023063659668}, "pymm_dram_nvme": {"open_time": 0.05728745460510254, "copy_time": 58.14004683494568, "close_persist_time": 0.04872918128967285}, "ndarray_save_dram_nvme": {"open_time": 0, "copy_time": 31.18988847732544, "close_persist_time": 0}, "ndarray_save_dram_fs_dax0": {"open_time": 0, "copy_time": 33.97143316268921, "close_persist_time": 0}, "ndarray_save_dram_fs_dax1": {"open_time": 0, "copy_time": 116.49610185623169, "close_persist_time": 0}}