{"dram": {"open_time": 0, "copy_time": 23.131845951080322, "close_persist_time": 0}, "pickle_dram_nvme": {"open_time": 6.937980651855469e-05, "copy_time": 80.39926719665527, "close_persist_time": 1.5735626220703125e-05}, "pickle_dram_fs_dax0": {"open_time": 5.364418029785156e-05, "copy_time": 79.02413821220398, "close_persist_time": 2.0503997802734375e-05}, "pickle_dram_fs_dax1": {"open_time": 4.57763671875e-05, "copy_time": 160.177494764328, "close_persist_time": 1.71661376953125e-05}, "pymm_dram_fs_dax0": {"open_time": 0.06508708000183105, "copy_time": 32.980162382125854, "close_persist_time": 0.048932552337646484}, "pymm_dram_fs_dax1": {"open_time": 0.06859827041625977, "copy_time": 119.21623396873474, "close_persist_time": 0.048532962799072266}, "pymm_dram_dev_dax0": {"open_time": 0.0039408206939697266, "copy_time": 20.0525643825531, "close_persist_time": 0.04868340492248535}, "pymm_dram_dev_dax1": {"open_time": 0.004037618637084961, "copy_time": 75.18141984939575, "close_persist_time": 0.048792123794555664}, "pymm_dram_nvme": {"open_time": 0.057385921478271484, "copy_time": 58.25177884101868, "close_persist_time": 0.0489351749420166}, "ndarray_save_dram_nvme": {"open_time": 0, "copy_time": 30.97032928466797, "close_persist_time": 0}, "ndarray_save_dram_fs_dax0": {"open_time": 0, "copy_time": 33.72375774383545, "close_persist_time": 0}, "ndarray_save_dram_fs_dax1": {"open_time": 0, "copy_time": 116.45212841033936, "close_persist_time": 0}}