{"dram": {"open_time": 0, "copy_time": 23.17373561859131, "close_persist_time": 0}, "pickle_dram_nvme": {"open_time": 6.413459777832031e-05, "copy_time": 80.20543622970581, "close_persist_time": 1.52587890625e-05}, "pickle_dram_fs_dax0": {"open_time": 4.792213439941406e-05, "copy_time": 78.71424055099487, "close_persist_time": 1.6689300537109375e-05}, "pickle_dram_fs_dax1": {"open_time": 4.458427429199219e-05, "copy_time": 160.02641606330872, "close_persist_time": 1.6450881958007812e-05}, "pymm_dram_fs_dax0": {"open_time": 0.0655982494354248, "copy_time": 33.271204710006714, "close_persist_time": 0.05473899841308594}, "pymm_dram_fs_dax1": {"open_time": 0.06874823570251465, "copy_time": 119.21002173423767, "close_persist_time": 0.049181222915649414}, "pymm_dram_dev_dax0": {"open_time": 0.003953456878662109, "copy_time": 19.710591793060303, "close_persist_time": 0.04879617691040039}, "pymm_dram_dev_dax1": {"open_time": 0.00409245491027832, "copy_time": 74.668039560318, "close_persist_time": 0.04912376403808594}, "pymm_dram_nvme": {"open_time": 0.05702614784240723, "copy_time": 57.6661901473999, "close_persist_time": 0.0485234260559082}, "ndarray_save_dram_nvme": {"open_time": 0, "copy_time": 31.173869848251343, "close_persist_time": 0}, "ndarray_save_dram_fs_dax0": {"open_time": 0, "copy_time": 33.61866331100464, "close_persist_time": 0}, "ndarray_save_dram_fs_dax1": {"open_time": 0, "copy_time": 116.47327971458435, "close_persist_time": 0}}