{"dram": {"open_time": 0, "copy_time": 23.069823026657104, "close_persist_time": 0}, "pickle_dram_nvme": {"open_time": 6.175041198730469e-05, "copy_time": 99.42328786849976, "close_persist_time": 1.4781951904296875e-05}, "pickle_dram_fs_dax0": {"open_time": 5.078315734863281e-05, "copy_time": 97.29325437545776, "close_persist_time": 1.621246337890625e-05}, "pymm_dram_fs_dax0": {"open_time": 0.0637519359588623, "copy_time": 33.78030276298523, "close_persist_time": 24.4787380695343}, "pymm_dram_dev_dax0": {"open_time": 0.004033088684082031, "copy_time": 19.613245248794556, "close_persist_time": 24.445483922958374}, "pymm_dram_nvme": {"open_time": 0.0612645149230957, "copy_time": 56.09874486923218, "close_persist_time": 8.894736051559448}, "ndarray_save_dram_nvme": {"open_time": 0, "copy_time": 31.19663381576538, "close_persist_time": 0}, "ndarray_save_dram_fs_dax0": {"open_time": 0, "copy_time": 33.5651273727417, "close_persist_time": 0}}