{"dram": {"open_time": 0, "copy_time": 23.133192777633667, "close_persist_time": 0}, "pickle_dram_nvme": {"open_time": 6.175041198730469e-05, "copy_time": 80.00579595565796, "close_persist_time": 1.5974044799804688e-05}, "pickle_dram_fs_dax0": {"open_time": 5.1975250244140625e-05, "copy_time": 77.95185041427612, "close_persist_time": 1.8358230590820312e-05}, "pickle_dram_fs_dax1": {"open_time": 4.172325134277344e-05, "copy_time": 160.33948683738708, "close_persist_time": 1.7881393432617188e-05}, "pymm_dram_fs_dax0": {"open_time": 0.06546163558959961, "copy_time": 33.280848026275635, "close_persist_time": 0.04896235466003418}, "pymm_dram_fs_dax1": {"open_time": 0.06868672370910645, "copy_time": 119.44589328765869, "close_persist_time": 0.04891777038574219}, "pymm_dram_dev_dax0": {"open_time": 0.00403141975402832, "copy_time": 19.821024656295776, "close_persist_time": 0.04844260215759277}, "pymm_dram_dev_dax1": {"open_time": 0.004109621047973633, "copy_time": 74.75139594078064, "close_persist_time": 0.04882025718688965}, "pymm_dram_nvme": {"open_time": 0.05718183517456055, "copy_time": 57.826865434646606, "close_persist_time": 0.048716068267822266}, "ndarray_save_dram_nvme": {"open_time": 0, "copy_time": 31.214478969573975, "close_persist_time": 0}, "ndarray_save_dram_fs_dax0": {"open_time": 0, "copy_time": 33.31685948371887, "close_persist_time": 0}, "ndarray_save_dram_fs_dax1": {"open_time": 0, "copy_time": 116.49842190742493, "close_persist_time": 0}}