{"dram": {"open_time": 0, "copy_time": 23.190038681030273, "close_persist_time": 0}, "pickle_dram_nvme": {"open_time": 5.984306335449219e-05, "copy_time": 79.69656610488892, "close_persist_time": 1.5020370483398438e-05}, "pickle_dram_fs_dax0": {"open_time": 5.5789947509765625e-05, "copy_time": 78.72730541229248, "close_persist_time": 1.9073486328125e-05}, "pickle_dram_fs_dax1": {"open_time": 4.5299530029296875e-05, "copy_time": 159.95522737503052, "close_persist_time": 1.6450881958007812e-05}, "pymm_dram_fs_dax0": {"open_time": 0.0656893253326416, "copy_time": 33.656410932540894, "close_persist_time": 0.049141645431518555}, "pymm_dram_fs_dax1": {"open_time": 0.06900191307067871, "copy_time": 119.2711853981018, "close_persist_time": 0.04900312423706055}, "pymm_dram_dev_dax0": {"open_time": 0.003956317901611328, "copy_time": 19.903454303741455, "close_persist_time": 0.048784732818603516}, "pymm_dram_dev_dax1": {"open_time": 0.004038333892822266, "copy_time": 74.71900224685669, "close_persist_time": 0.048955678939819336}, "pymm_dram_nvme": {"open_time": 0.05822896957397461, "copy_time": 57.09075212478638, "close_persist_time": 0.04846954345703125}, "ndarray_save_dram_nvme": {"open_time": 0, "copy_time": 31.22896718978882, "close_persist_time": 0}, "ndarray_save_dram_fs_dax0": {"open_time": 0, "copy_time": 33.52621912956238, "close_persist_time": 0}, "ndarray_save_dram_fs_dax1": {"open_time": 0, "copy_time": 116.43866920471191, "close_persist_time": 0}}