{"dram": {"open_time": 0, "copy_time": 23.107830047607422, "close_persist_time": 0}, "pickle_dram_nvme": {"open_time": 6.508827209472656e-05, "copy_time": 80.19652962684631, "close_persist_time": 1.5735626220703125e-05}, "pickle_dram_fs_dax0": {"open_time": 5.078315734863281e-05, "copy_time": 78.62848615646362, "close_persist_time": 1.7881393432617188e-05}, "pickle_dram_fs_dax1": {"open_time": 4.506111145019531e-05, "copy_time": 160.22919034957886, "close_persist_time": 1.5735626220703125e-05}, "pymm_dram_fs_dax0": {"open_time": 0.0653982162475586, "copy_time": 33.17674684524536, "close_persist_time": 0.048990488052368164}, "pymm_dram_fs_dax1": {"open_time": 0.0684514045715332, "copy_time": 119.47295188903809, "close_persist_time": 0.04889798164367676}, "pymm_dram_dev_dax0": {"open_time": 0.003975629806518555, "copy_time": 19.827696800231934, "close_persist_time": 0.04864144325256348}, "pymm_dram_dev_dax1": {"open_time": 0.004088640213012695, "copy_time": 74.77292561531067, "close_persist_time": 0.04891061782836914}, "pymm_dram_nvme": {"open_time": 0.057108163833618164, "copy_time": 57.89764714241028, "close_persist_time": 0.04842853546142578}, "ndarray_save_dram_nvme": {"open_time": 0, "copy_time": 31.18029546737671, "close_persist_time": 0}, "ndarray_save_dram_fs_dax0": {"open_time": 0, "copy_time": 33.59754133224487, "close_persist_time": 0}, "ndarray_save_dram_fs_dax1": {"open_time": 0, "copy_time": 116.45867824554443, "close_persist_time": 0}}