{"dram": {"open_time": 0, "copy_time": 23.150565147399902, "close_persist_time": 0}, "pickle_dram_nvme": {"open_time": 6.318092346191406e-05, "copy_time": 79.95875430107117, "close_persist_time": 1.5020370483398438e-05}, "pickle_dram_fs_dax0": {"open_time": 5.078315734863281e-05, "copy_time": 78.53187775611877, "close_persist_time": 1.6450881958007812e-05}, "pickle_dram_fs_dax1": {"open_time": 4.363059997558594e-05, "copy_time": 160.241774559021, "close_persist_time": 1.5735626220703125e-05}, "pymm_dram_fs_dax0": {"open_time": 0.06502366065979004, "copy_time": 33.31993341445923, "close_persist_time": 0.04880857467651367}, "pymm_dram_fs_dax1": {"open_time": 0.06833744049072266, "copy_time": 119.38461327552795, "close_persist_time": 0.048979997634887695}, "pymm_dram_dev_dax0": {"open_time": 0.003965139389038086, "copy_time": 19.94503378868103, "close_persist_time": 0.04881548881530762}, "pymm_dram_dev_dax1": {"open_time": 0.00409698486328125, "copy_time": 74.74895882606506, "close_persist_time": 0.04871082305908203}, "pymm_dram_nvme": {"open_time": 0.05728578567504883, "copy_time": 58.22834372520447, "close_persist_time": 0.048654794692993164}, "ndarray_save_dram_nvme": {"open_time": 0, "copy_time": 30.962137460708618, "close_persist_time": 0}, "ndarray_save_dram_fs_dax0": {"open_time": 0, "copy_time": 33.74028944969177, "close_persist_time": 0}, "ndarray_save_dram_fs_dax1": {"open_time": 0, "copy_time": 116.48444533348083, "close_persist_time": 0}}