{"dram": {"open_time": 0, "copy_time": 23.204074144363403, "close_persist_time": 0}, "pickle_dram_nvme": {"open_time": 6.270408630371094e-05, "copy_time": 80.21967887878418, "close_persist_time": 1.5020370483398438e-05}, "pickle_dram_fs_dax0": {"open_time": 5.221366882324219e-05, "copy_time": 78.92557907104492, "close_persist_time": 1.8358230590820312e-05}, "pickle_dram_fs_dax1": {"open_time": 4.5299530029296875e-05, "copy_time": 160.27550673484802, "close_persist_time": 1.5020370483398438e-05}, "pymm_dram_fs_dax0": {"open_time": 0.06524038314819336, "copy_time": 33.111992835998535, "close_persist_time": 0.04898214340209961}, "pymm_dram_fs_dax1": {"open_time": 0.06839728355407715, "copy_time": 119.31410312652588, "close_persist_time": 0.04878592491149902}, "pymm_dram_dev_dax0": {"open_time": 0.003927707672119141, "copy_time": 19.970792531967163, "close_persist_time": 0.0488889217376709}, "pymm_dram_dev_dax1": {"open_time": 0.004057168960571289, "copy_time": 74.50344228744507, "close_persist_time": 0.04887986183166504}, "pymm_dram_nvme": {"open_time": 0.057749032974243164, "copy_time": 57.82747292518616, "close_persist_time": 0.0480039119720459}, "ndarray_save_dram_nvme": {"open_time": 0, "copy_time": 31.47694993019104, "close_persist_time": 0}, "ndarray_save_dram_fs_dax0": {"open_time": 0, "copy_time": 33.6543927192688, "close_persist_time": 0}, "ndarray_save_dram_fs_dax1": {"open_time": 0, "copy_time": 116.66129112243652, "close_persist_time": 0}}