{"dram": {"open_time": 0, "copy_time": 23.188002824783325, "close_persist_time": 0}, "pickle_dram_nvme": {"open_time": 6.198883056640625e-05, "copy_time": 80.1389513015747, "close_persist_time": 1.6927719116210938e-05}, "pickle_dram_fs_dax0": {"open_time": 4.76837158203125e-05, "copy_time": 78.77123022079468, "close_persist_time": 1.8358230590820312e-05}, "pickle_dram_fs_dax1": {"open_time": 4.220008850097656e-05, "copy_time": 160.22368550300598, "close_persist_time": 1.7404556274414062e-05}, "pymm_dram_fs_dax0": {"open_time": 0.06566023826599121, "copy_time": 33.264365911483765, "close_persist_time": 0.04879951477050781}, "pymm_dram_fs_dax1": {"open_time": 0.06857943534851074, "copy_time": 119.1899139881134, "close_persist_time": 0.04886221885681152}, "pymm_dram_dev_dax0": {"open_time": 0.003964424133300781, "copy_time": 19.897409915924072, "close_persist_time": 0.0485377311706543}, "pymm_dram_dev_dax1": {"open_time": 0.004086017608642578, "copy_time": 74.71378636360168, "close_persist_time": 0.048749446868896484}, "pymm_dram_nvme": {"open_time": 0.057312726974487305, "copy_time": 57.74633002281189, "close_persist_time": 0.048502445220947266}, "ndarray_save_dram_nvme": {"open_time": 0, "copy_time": 30.711077451705933, "close_persist_time": 0}, "ndarray_save_dram_fs_dax0": {"open_time": 0, "copy_time": 33.97533369064331, "close_persist_time": 0}, "ndarray_save_dram_fs_dax1": {"open_time": 0, "copy_time": 116.45095705986023, "close_persist_time": 0}}