{"dram": {"open_time": 0, "copy_time": 23.085695028305054, "close_persist_time": 0}, "pickle_dram_nvme": {"open_time": 6.198883056640625e-05, "copy_time": 80.05220055580139, "close_persist_time": 1.7642974853515625e-05}, "pickle_dram_fs_dax0": {"open_time": 4.982948303222656e-05, "copy_time": 78.89335775375366, "close_persist_time": 1.811981201171875e-05}, "pickle_dram_fs_dax1": {"open_time": 4.506111145019531e-05, "copy_time": 160.2455153465271, "close_persist_time": 1.5735626220703125e-05}, "pymm_dram_fs_dax0": {"open_time": 0.06499576568603516, "copy_time": 33.29187798500061, "close_persist_time": 0.04889035224914551}, "pymm_dram_fs_dax1": {"open_time": 0.06833529472351074, "copy_time": 119.62231922149658, "close_persist_time": 0.048777103424072266}, "pymm_dram_dev_dax0": {"open_time": 0.003954887390136719, "copy_time": 20.055167198181152, "close_persist_time": 0.048886775970458984}, "pymm_dram_dev_dax1": {"open_time": 0.004048347473144531, "copy_time": 74.74598050117493, "close_persist_time": 0.048952579498291016}, "pymm_dram_nvme": {"open_time": 0.05734705924987793, "copy_time": 57.85031843185425, "close_persist_time": 0.04811739921569824}, "ndarray_save_dram_nvme": {"open_time": 0, "copy_time": 31.31379246711731, "close_persist_time": 0}, "ndarray_save_dram_fs_dax0": {"open_time": 0, "copy_time": 33.65848207473755, "close_persist_time": 0}, "ndarray_save_dram_fs_dax1": {"open_time": 0, "copy_time": 116.48625874519348, "close_persist_time": 0}}