{"dram": {"open_time": 0, "copy_time": 23.21429705619812, "close_persist_time": 0}, "pickle_dram_nvme": {"open_time": 6.103515625e-05, "copy_time": 79.47001051902771, "close_persist_time": 1.71661376953125e-05}, "pickle_dram_fs_dax0": {"open_time": 5.1021575927734375e-05, "copy_time": 78.86648654937744, "close_persist_time": 1.71661376953125e-05}, "pickle_dram_fs_dax1": {"open_time": 4.172325134277344e-05, "copy_time": 160.42408347129822, "close_persist_time": 1.7642974853515625e-05}, "pymm_dram_fs_dax0": {"open_time": 0.06536102294921875, "copy_time": 33.358088970184326, "close_persist_time": 0.04910588264465332}, "pymm_dram_fs_dax1": {"open_time": 0.06853532791137695, "copy_time": 119.2043788433075, "close_persist_time": 0.04909515380859375}, "pymm_dram_dev_dax0": {"open_time": 0.003917217254638672, "copy_time": 20.03104853630066, "close_persist_time": 0.04896235466003418}, "pymm_dram_dev_dax1": {"open_time": 0.004060983657836914, "copy_time": 74.6964042186737, "close_persist_time": 0.04892587661743164}, "pymm_dram_nvme": {"open_time": 0.05694723129272461, "copy_time": 57.87977933883667, "close_persist_time": 0.048212289810180664}, "ndarray_save_dram_nvme": {"open_time": 0, "copy_time": 31.034406661987305, "close_persist_time": 0}, "ndarray_save_dram_fs_dax0": {"open_time": 0, "copy_time": 33.63408088684082, "close_persist_time": 0}, "ndarray_save_dram_fs_dax1": {"open_time": 0, "copy_time": 116.50339913368225, "close_persist_time": 0}}