{"numpymmap_nvme": {"open_time": 0.042771339416503906, "copy_time": 58.4424409866333, "close_persist_time": 1.8018176555633545}, "numpymmap_fs_dax0": {"open_time": 0.007123231887817383, "copy_time": 32.876009941101074, "close_persist_time": 24.479267597198486}, "numpymmap_fs_dax1": {"open_time": 0.002564668655395508, "copy_time": 105.66796445846558, "close_persist_time": 29.733109951019287}}