{"numpymmap_nvme": {"open_time": 0.025414705276489258, "copy_time": 56.696924924850464, "close_persist_time": 4.657253265380859}, "numpymmap_fs_dax0": {"open_time": 0.003832578659057617, "copy_time": 33.12388753890991, "close_persist_time": 24.508846759796143}, "numpymmap_fs_dax1": {"open_time": 0.0039441585540771484, "copy_time": 105.69058609008789, "close_persist_time": 29.720346927642822}}