{"numpymmap_nvme": {"open_time": 0.029718637466430664, "copy_time": 56.514761447906494, "close_persist_time": 4.424884080886841}, "numpymmap_fs_dax0": {"open_time": 0.0037374496459960938, "copy_time": 33.04513359069824, "close_persist_time": 24.447680950164795}, "numpymmap_fs_dax1": {"open_time": 0.003977298736572266, "copy_time": 105.65373039245605, "close_persist_time": 29.767112493515015}}