{"numpymmap_nvme": {"open_time": 0.026949405670166016, "copy_time": 56.31337308883667, "close_persist_time": 4.487182140350342}, "numpymmap_fs_dax0": {"open_time": 0.0039043426513671875, "copy_time": 33.22431802749634, "close_persist_time": 24.44239640235901}, "numpymmap_fs_dax1": {"open_time": 0.003942966461181641, "copy_time": 105.69450187683105, "close_persist_time": 29.7732937335968}}