{"numpymmap_nvme": {"open_time": 0.026312589645385742, "copy_time": 56.500710010528564, "close_persist_time": 4.6384241580963135}, "numpymmap_fs_dax0": {"open_time": 0.0037317276000976562, "copy_time": 33.12536334991455, "close_persist_time": 24.458075046539307}, "numpymmap_fs_dax1": {"open_time": 0.003941059112548828, "copy_time": 105.6282696723938, "close_persist_time": 29.750067472457886}}