{"numpymmap_nvme": {"open_time": 0.025138139724731445, "copy_time": 58.66322135925293, "close_persist_time": 1.822385549545288}, "numpymmap_fs_dax0": {"open_time": 0.0037806034088134766, "copy_time": 32.991106271743774, "close_persist_time": 24.43690776824951}, "numpymmap_fs_dax1": {"open_time": 0.003941059112548828, "copy_time": 105.64726281166077, "close_persist_time": 29.78721857070923}}