{"numpymmap_nvme": {"open_time": 0.025258779525756836, "copy_time": 58.112711668014526, "close_persist_time": 2.1669464111328125}, "numpymmap_fs_dax0": {"open_time": 0.003822803497314453, "copy_time": 32.96216654777527, "close_persist_time": 24.438274145126343}, "numpymmap_fs_dax1": {"open_time": 0.003954410552978516, "copy_time": 105.71716499328613, "close_persist_time": 29.774706602096558}}