{"numpymmap_nvme": {"open_time": 0.024200439453125, "copy_time": 58.5737841129303, "close_persist_time": 1.7412748336791992}, "numpymmap_fs_dax0": {"open_time": 0.0037546157836914062, "copy_time": 33.02563548088074, "close_persist_time": 24.4001727104187}, "numpymmap_fs_dax1": {"open_time": 0.003987789154052734, "copy_time": 105.64842867851257, "close_persist_time": 29.774802684783936}}