{"numpymmap_nvme": {"open_time": 5.497781753540039, "copy_time": 57.872058153152466, "close_persist_time": 2.1932475566864014}, "numpymmap_fs_dax0": {"open_time": 0.00023865699768066406, "copy_time": 33.08486223220825, "close_persist_time": 24.45181369781494}, "numpymmap_fs_dax1": {"open_time": 0.00020170211791992188, "copy_time": 105.6988537311554, "close_persist_time": 29.732354640960693}}