{"numpymmap_nvme": {"open_time": 0.026132822036743164, "copy_time": 56.25357127189636, "close_persist_time": 4.929142236709595}, "numpymmap_fs_dax0": {"open_time": 0.0037631988525390625, "copy_time": 33.00180625915527, "close_persist_time": 24.439022541046143}, "numpymmap_fs_dax1": {"open_time": 0.003926992416381836, "copy_time": 105.66668605804443, "close_persist_time": 29.758801460266113}}