{"numpymmap_nvme": {"open_time": 0.025950908660888672, "copy_time": 58.4123740196228, "close_persist_time": 1.804142713546753}, "numpymmap_fs_dax0": {"open_time": 0.0037317276000976562, "copy_time": 32.99889945983887, "close_persist_time": 24.46621346473694}, "numpymmap_fs_dax1": {"open_time": 0.0039539337158203125, "copy_time": 105.7081925868988, "close_persist_time": 29.802284717559814}}