{"numpymmap_nvme": {"open_time": 0.026059865951538086, "copy_time": 58.68464183807373, "close_persist_time": 1.5737991333007812}, "numpymmap_fs_dax0": {"open_time": 0.0037660598754882812, "copy_time": 32.992698669433594, "close_persist_time": 24.448280334472656}, "numpymmap_fs_dax1": {"open_time": 0.0039250850677490234, "copy_time": 105.70239663124084, "close_persist_time": 29.751781463623047}}