{"numpymmap_nvme": {"open_time": 0.025759220123291016, "copy_time": 58.69441246986389, "close_persist_time": 1.6638526916503906}, "numpymmap_fs_dax0": {"open_time": 0.003798246383666992, "copy_time": 33.00523328781128, "close_persist_time": 24.528977632522583}, "numpymmap_fs_dax1": {"open_time": 0.0039446353912353516, "copy_time": 105.67475056648254, "close_persist_time": 29.786811113357544}}