{"numpymmap_nvme": {"open_time": 0.022986412048339844, "copy_time": 55.98243737220764, "close_persist_time": 4.973516464233398}, "numpymmap_fs_dax0": {"open_time": 0.0036995410919189453, "copy_time": 33.06625318527222, "close_persist_time": 24.413466215133667}, "numpymmap_fs_dax1": {"open_time": 0.003968000411987305, "copy_time": 105.6770076751709, "close_persist_time": 29.775592803955078}}