{"numpymmap_nvme": {"open_time": 0.02555251121520996, "copy_time": 58.6044704914093, "close_persist_time": 1.7615900039672852}, "numpymmap_fs_dax0": {"open_time": 0.003802061080932617, "copy_time": 33.01873826980591, "close_persist_time": 24.478197813034058}, "numpymmap_fs_dax1": {"open_time": 0.004032611846923828, "copy_time": 105.68299555778503, "close_persist_time": 29.739293575286865}}