{"numpymmap_nvme": {"open_time": 0.026778697967529297, "copy_time": 58.75926470756531, "close_persist_time": 1.4699363708496094}, "numpymmap_fs_dax0": {"open_time": 0.0038018226623535156, "copy_time": 33.07483100891113, "close_persist_time": 24.439840078353882}, "numpymmap_fs_dax1": {"open_time": 0.003935337066650391, "copy_time": 105.67757630348206, "close_persist_time": 29.76106071472168}}