{"numpymmap_nvme": {"open_time": 0.02557063102722168, "copy_time": 56.880279302597046, "close_persist_time": 4.25879168510437}, "numpymmap_fs_dax0": {"open_time": 0.0037555694580078125, "copy_time": 33.18706798553467, "close_persist_time": 24.503591299057007}, "numpymmap_fs_dax1": {"open_time": 0.003984928131103516, "copy_time": 105.7322781085968, "close_persist_time": 29.756696224212646}}