{"numpymmap_nvme": {"open_time": 0.026924610137939453, "copy_time": 58.42438626289368, "close_persist_time": 1.6675524711608887}, "numpymmap_fs_dax0": {"open_time": 0.00376129150390625, "copy_time": 33.051899671554565, "close_persist_time": 24.473571300506592}, "numpymmap_fs_dax1": {"open_time": 0.0040035247802734375, "copy_time": 105.69767951965332, "close_persist_time": 29.792859315872192}}