{"numpymmap_nvme": {"open_time": 0.027120351791381836, "copy_time": 58.23453736305237, "close_persist_time": 1.6806714534759521}, "numpymmap_fs_dax0": {"open_time": 0.0038068294525146484, "copy_time": 33.02412796020508, "close_persist_time": 24.4743173122406}, "numpymmap_fs_dax1": {"open_time": 0.003967761993408203, "copy_time": 105.66232061386108, "close_persist_time": 29.765334844589233}}