{"numpymmap_nvme": {"open_time": 0.02633047103881836, "copy_time": 58.394015073776245, "close_persist_time": 1.5893256664276123}, "numpymmap_fs_dax0": {"open_time": 0.003747701644897461, "copy_time": 32.94417071342468, "close_persist_time": 24.46314835548401}, "numpymmap_fs_dax1": {"open_time": 0.0040171146392822266, "copy_time": 105.6661365032196, "close_persist_time": 29.76595973968506}}