{"numpymmap_nvme": {"open_time": 0.02240300178527832, "copy_time": 58.38328790664673, "close_persist_time": 1.7310259342193604}, "numpymmap_fs_dax0": {"open_time": 0.0038509368896484375, "copy_time": 32.98129677772522, "close_persist_time": 24.473512649536133}, "numpymmap_fs_dax1": {"open_time": 0.003954410552978516, "copy_time": 105.64606142044067, "close_persist_time": 29.728980541229248}}