{"dram": {"open_time": 0, "copy_time": 0.45923900604248047, "close_persist_time": 0}, "pickle_dram_nvme": {"open_time": 5.841255187988281e-05, "copy_time": 1.4970118999481201, "close_persist_time": 1.4781951904296875e-05}, "pickle_dram_fs_dax0": {"open_time": 4.220008850097656e-05, "copy_time": 1.5904405117034912, "close_persist_time": 1.7881393432617188e-05}, "pickle_dram_fs_dax1": {"open_time": 4.1961669921875e-05, "copy_time": 3.208507776260376, "close_persist_time": 1.6450881958007812e-05}, "pymm_dram_fs_dax0": {"open_time": 0.006465911865234375, "copy_time": 0.6680612564086914, "close_persist_time": 0.4894113540649414}, "pymm_dram_fs_dax1": {"open_time": 0.006030559539794922, "copy_time": 2.3976590633392334, "close_persist_time": 0.5964565277099609}, "pymm_dram_dev_dax0": {"open_time": 0.003010272979736328, "copy_time": 0.40227770805358887, "close_persist_time": 0.4905121326446533}, "pymm_dram_dev_dax1": {"open_time": 0.003168344497680664, "copy_time": 1.4974348545074463, "close_persist_time": 0.597064733505249}, "pymm_dram_nvme": {"open_time": 0.004810333251953125, "copy_time": 0.927548885345459, "close_persist_time": 0.1338939666748047}, "ndarray_save_dram_nvme": {"open_time": 0, "copy_time": 0.5927698612213135, "close_persist_time": 0}, "ndarray_save_dram_fs_dax0": {"open_time": 0, "copy_time": 0.6696329116821289, "close_persist_time": 0}, "ndarray_save_dram_fs_dax1": {"open_time": 0, "copy_time": 2.332425117492676, "close_persist_time": 0}}