{"dram": {"open_time": 0, "copy_time": 0.45888495445251465, "close_persist_time": 0}, "pickle_dram_nvme": {"open_time": 5.841255187988281e-05, "copy_time": 1.4974114894866943, "close_persist_time": 1.6689300537109375e-05}, "pickle_dram_fs_dax0": {"open_time": 4.315376281738281e-05, "copy_time": 1.589165449142456, "close_persist_time": 1.6927719116210938e-05}, "pickle_dram_fs_dax1": {"open_time": 4.100799560546875e-05, "copy_time": 3.2084667682647705, "close_persist_time": 1.6689300537109375e-05}, "pymm_dram_fs_dax0": {"open_time": 0.0064432621002197266, "copy_time": 0.6593935489654541, "close_persist_time": 0.4882364273071289}, "pymm_dram_fs_dax1": {"open_time": 0.0060117244720458984, "copy_time": 2.382498025894165, "close_persist_time": 0.5967888832092285}, "pymm_dram_dev_dax0": {"open_time": 0.003027677536010742, "copy_time": 0.4025874137878418, "close_persist_time": 0.4908137321472168}, "pymm_dram_dev_dax1": {"open_time": 0.003177165985107422, "copy_time": 1.4945275783538818, "close_persist_time": 0.5973978042602539}, "pymm_dram_nvme": {"open_time": 0.003925323486328125, "copy_time": 1.1451454162597656, "close_persist_time": 0.1530742645263672}, "ndarray_save_dram_nvme": {"open_time": 0, "copy_time": 0.5934445858001709, "close_persist_time": 0}, "ndarray_save_dram_fs_dax0": {"open_time": 0, "copy_time": 0.6800858974456787, "close_persist_time": 0}, "ndarray_save_dram_fs_dax1": {"open_time": 0, "copy_time": 2.3289992809295654, "close_persist_time": 0}}