{"dram": {"open_time": 0, "copy_time": 0.459214448928833, "close_persist_time": 0}, "pickle_dram_nvme": {"open_time": 6.031990051269531e-05, "copy_time": 1.4982423782348633, "close_persist_time": 1.6450881958007812e-05}, "pickle_dram_fs_dax0": {"open_time": 4.553794860839844e-05, "copy_time": 1.585301399230957, "close_persist_time": 2.384185791015625e-05}, "pickle_dram_fs_dax1": {"open_time": 4.2438507080078125e-05, "copy_time": 3.2080283164978027, "close_persist_time": 1.71661376953125e-05}, "pymm_dram_fs_dax0": {"open_time": 0.006451845169067383, "copy_time": 0.6643831729888916, "close_persist_time": 0.488922119140625}, "pymm_dram_fs_dax1": {"open_time": 0.006037473678588867, "copy_time": 2.3842575550079346, "close_persist_time": 0.5945031642913818}, "pymm_dram_dev_dax0": {"open_time": 0.0030198097229003906, "copy_time": 0.4003489017486572, "close_persist_time": 0.4907679557800293}, "pymm_dram_dev_dax1": {"open_time": 0.003170490264892578, "copy_time": 1.498119592666626, "close_persist_time": 0.5969641208648682}, "pymm_dram_nvme": {"open_time": 0.003946781158447266, "copy_time": 0.9233138561248779, "close_persist_time": 0.13281893730163574}, "ndarray_save_dram_nvme": {"open_time": 0, "copy_time": 0.5925195217132568, "close_persist_time": 0}, "ndarray_save_dram_fs_dax0": {"open_time": 0, "copy_time": 0.6699161529541016, "close_persist_time": 0}, "ndarray_save_dram_fs_dax1": {"open_time": 0, "copy_time": 2.327242612838745, "close_persist_time": 0}}