{"dram": {"open_time": 0, "copy_time": 0.46389317512512207, "close_persist_time": 0}, "pickle_dram_nvme": {"open_time": 5.650520324707031e-05, "copy_time": 1.505077600479126, "close_persist_time": 1.621246337890625e-05}, "pickle_dram_fs_dax0": {"open_time": 4.315376281738281e-05, "copy_time": 1.5638306140899658, "close_persist_time": 1.6927719116210938e-05}, "pickle_dram_fs_dax1": {"open_time": 4.220008850097656e-05, "copy_time": 3.1940839290618896, "close_persist_time": 1.7881393432617188e-05}, "pymm_dram_fs_dax0": {"open_time": 0.006514310836791992, "copy_time": 0.6667113304138184, "close_persist_time": 0.4909024238586426}, "pymm_dram_fs_dax1": {"open_time": 0.0060405731201171875, "copy_time": 2.390911340713501, "close_persist_time": 0.5951180458068848}, "pymm_dram_dev_dax0": {"open_time": 0.003009796142578125, "copy_time": 0.39640235900878906, "close_persist_time": 0.4897444248199463}, "pymm_dram_dev_dax1": {"open_time": 0.0031862258911132812, "copy_time": 1.4992318153381348, "close_persist_time": 0.5961360931396484}, "pymm_dram_nvme": {"open_time": 0.00391697883605957, "copy_time": 0.922074556350708, "close_persist_time": 0.13275694847106934}, "ndarray_save_dram_nvme": {"open_time": 0, "copy_time": 0.5946483612060547, "close_persist_time": 0}, "ndarray_save_dram_fs_dax0": {"open_time": 0, "copy_time": 0.6769390106201172, "close_persist_time": 0}, "ndarray_save_dram_fs_dax1": {"open_time": 0, "copy_time": 2.329547166824341, "close_persist_time": 0}}