{"dram": {"open_time": 0, "copy_time": 0.4580037593841553, "close_persist_time": 0}, "pickle_dram_nvme": {"open_time": 6.437301635742188e-05, "copy_time": 1.494649887084961, "close_persist_time": 1.5020370483398438e-05}, "pickle_dram_fs_dax0": {"open_time": 4.3392181396484375e-05, "copy_time": 1.5822222232818604, "close_persist_time": 1.8596649169921875e-05}, "pickle_dram_fs_dax1": {"open_time": 4.1484832763671875e-05, "copy_time": 3.2080488204956055, "close_persist_time": 1.7881393432617188e-05}, "pymm_dram_fs_dax0": {"open_time": 0.0065572261810302734, "copy_time": 0.6648228168487549, "close_persist_time": 0.4893643856048584}, "pymm_dram_fs_dax1": {"open_time": 0.0060427188873291016, "copy_time": 2.3985435962677, "close_persist_time": 0.5969536304473877}, "pymm_dram_dev_dax0": {"open_time": 0.0030667781829833984, "copy_time": 0.4030418395996094, "close_persist_time": 0.49056291580200195}, "pymm_dram_dev_dax1": {"open_time": 0.0031900405883789062, "copy_time": 1.4965391159057617, "close_persist_time": 0.5973415374755859}, "pymm_dram_nvme": {"open_time": 0.003929853439331055, "copy_time": 0.9227743148803711, "close_persist_time": 0.13270187377929688}, "ndarray_save_dram_nvme": {"open_time": 0, "copy_time": 0.5927097797393799, "close_persist_time": 0}, "ndarray_save_dram_fs_dax0": {"open_time": 0, "copy_time": 0.6746418476104736, "close_persist_time": 0}, "ndarray_save_dram_fs_dax1": {"open_time": 0, "copy_time": 2.331234931945801, "close_persist_time": 0}}