{"dram": {"open_time": 0, "copy_time": 0.458146333694458, "close_persist_time": 0}, "pickle_dram_nvme": {"open_time": 6.151199340820312e-05, "copy_time": 1.5096080303192139, "close_persist_time": 1.6689300537109375e-05}, "pickle_dram_fs_dax0": {"open_time": 4.4345855712890625e-05, "copy_time": 1.5872881412506104, "close_persist_time": 1.811981201171875e-05}, "pickle_dram_fs_dax1": {"open_time": 4.696846008300781e-05, "copy_time": 3.2083184719085693, "close_persist_time": 1.6927719116210938e-05}, "pymm_dram_fs_dax0": {"open_time": 0.0064754486083984375, "copy_time": 0.6672689914703369, "close_persist_time": 0.4917440414428711}, "pymm_dram_fs_dax1": {"open_time": 0.006075859069824219, "copy_time": 2.390415906906128, "close_persist_time": 0.5968129634857178}, "pymm_dram_dev_dax0": {"open_time": 0.0030410289764404297, "copy_time": 0.4026632308959961, "close_persist_time": 0.4904506206512451}, "pymm_dram_dev_dax1": {"open_time": 0.0031843185424804688, "copy_time": 1.4961094856262207, "close_persist_time": 0.5968737602233887}, "pymm_dram_nvme": {"open_time": 0.0039713382720947266, "copy_time": 1.1185851097106934, "close_persist_time": 0.18733739852905273}, "ndarray_save_dram_nvme": {"open_time": 0, "copy_time": 0.5941550731658936, "close_persist_time": 0}, "ndarray_save_dram_fs_dax0": {"open_time": 0, "copy_time": 0.6724503040313721, "close_persist_time": 0}, "ndarray_save_dram_fs_dax1": {"open_time": 0, "copy_time": 2.335251808166504, "close_persist_time": 0}}