{"dram": {"open_time": 0, "copy_time": 0.4647336006164551, "close_persist_time": 0}, "pickle_dram_nvme": {"open_time": 6.222724914550781e-05, "copy_time": 1.5114660263061523, "close_persist_time": 1.6689300537109375e-05}, "pickle_dram_fs_dax0": {"open_time": 4.506111145019531e-05, "copy_time": 1.5877363681793213, "close_persist_time": 1.71661376953125e-05}, "pickle_dram_fs_dax1": {"open_time": 3.981590270996094e-05, "copy_time": 3.2087831497192383, "close_persist_time": 1.5735626220703125e-05}, "pymm_dram_fs_dax0": {"open_time": 0.006459951400756836, "copy_time": 0.6726996898651123, "close_persist_time": 0.4895048141479492}, "pymm_dram_fs_dax1": {"open_time": 0.006062746047973633, "copy_time": 2.389615297317505, "close_persist_time": 0.5951428413391113}, "pymm_dram_dev_dax0": {"open_time": 0.0030412673950195312, "copy_time": 0.4014744758605957, "close_persist_time": 0.4905064105987549}, "pymm_dram_dev_dax1": {"open_time": 0.0031914710998535156, "copy_time": 1.4990310668945312, "close_persist_time": 0.5972940921783447}, "pymm_dram_nvme": {"open_time": 0.0039424896240234375, "copy_time": 0.9222187995910645, "close_persist_time": 0.1327521800994873}, "ndarray_save_dram_nvme": {"open_time": 0, "copy_time": 0.5928208827972412, "close_persist_time": 0}, "ndarray_save_dram_fs_dax0": {"open_time": 0, "copy_time": 0.6694972515106201, "close_persist_time": 0}, "ndarray_save_dram_fs_dax1": {"open_time": 0, "copy_time": 2.329310894012451, "close_persist_time": 0}}