{"dram": {"open_time": 0, "copy_time": 0.45780181884765625, "close_persist_time": 0}, "pickle_dram_nvme": {"open_time": 6.270408630371094e-05, "copy_time": 1.5047967433929443, "close_persist_time": 1.52587890625e-05}, "pickle_dram_fs_dax0": {"open_time": 4.506111145019531e-05, "copy_time": 1.5721023082733154, "close_persist_time": 1.621246337890625e-05}, "pickle_dram_fs_dax1": {"open_time": 4.935264587402344e-05, "copy_time": 3.2066562175750732, "close_persist_time": 1.6927719116210938e-05}, "pymm_dram_fs_dax0": {"open_time": 0.006478548049926758, "copy_time": 0.6762609481811523, "close_persist_time": 0.48927879333496094}, "pymm_dram_fs_dax1": {"open_time": 0.0060651302337646484, "copy_time": 2.3868846893310547, "close_persist_time": 0.5943319797515869}, "pymm_dram_dev_dax0": {"open_time": 0.003018617630004883, "copy_time": 0.40028929710388184, "close_persist_time": 0.49044227600097656}, "pymm_dram_dev_dax1": {"open_time": 0.0031926631927490234, "copy_time": 1.4959475994110107, "close_persist_time": 0.5958280563354492}, "pymm_dram_nvme": {"open_time": 0.003947734832763672, "copy_time": 0.924149751663208, "close_persist_time": 0.13377118110656738}, "ndarray_save_dram_nvme": {"open_time": 0, "copy_time": 0.5917215347290039, "close_persist_time": 0}, "ndarray_save_dram_fs_dax0": {"open_time": 0, "copy_time": 0.6797113418579102, "close_persist_time": 0}, "ndarray_save_dram_fs_dax1": {"open_time": 0, "copy_time": 2.3319506645202637, "close_persist_time": 0}}