{"dram": {"open_time": 0, "copy_time": 0.4583256244659424, "close_persist_time": 0}, "pickle_dram_nvme": {"open_time": 6.175041198730469e-05, "copy_time": 1.4927151203155518, "close_persist_time": 1.52587890625e-05}, "pickle_dram_fs_dax0": {"open_time": 4.601478576660156e-05, "copy_time": 1.5762248039245605, "close_persist_time": 1.7404556274414062e-05}, "pickle_dram_fs_dax1": {"open_time": 4.2438507080078125e-05, "copy_time": 3.209286689758301, "close_persist_time": 1.5735626220703125e-05}, "pymm_dram_fs_dax0": {"open_time": 0.0065288543701171875, "copy_time": 0.6592423915863037, "close_persist_time": 0.48831844329833984}, "pymm_dram_fs_dax1": {"open_time": 0.0060482025146484375, "copy_time": 2.399401903152466, "close_persist_time": 0.5964422225952148}, "pymm_dram_dev_dax0": {"open_time": 0.003034830093383789, "copy_time": 0.3941941261291504, "close_persist_time": 0.4922902584075928}, "pymm_dram_dev_dax1": {"open_time": 0.003203153610229492, "copy_time": 1.4967377185821533, "close_persist_time": 0.596977949142456}, "pymm_dram_nvme": {"open_time": 0.0039370059967041016, "copy_time": 0.9215099811553955, "close_persist_time": 0.13271188735961914}, "ndarray_save_dram_nvme": {"open_time": 0, "copy_time": 0.5913288593292236, "close_persist_time": 0}, "ndarray_save_dram_fs_dax0": {"open_time": 0, "copy_time": 0.6831505298614502, "close_persist_time": 0}, "ndarray_save_dram_fs_dax1": {"open_time": 0, "copy_time": 2.3314101696014404, "close_persist_time": 0}}