{"dram": {"open_time": 0, "copy_time": 0.46304869651794434, "close_persist_time": 0}, "pickle_dram_nvme": {"open_time": 6.0558319091796875e-05, "copy_time": 1.5118520259857178, "close_persist_time": 1.5974044799804688e-05}, "pickle_dram_fs_dax0": {"open_time": 4.4345855712890625e-05, "copy_time": 1.5611028671264648, "close_persist_time": 1.7642974853515625e-05}, "pickle_dram_fs_dax1": {"open_time": 4.8160552978515625e-05, "copy_time": 3.1894021034240723, "close_persist_time": 1.52587890625e-05}, "pymm_dram_fs_dax0": {"open_time": 0.006500959396362305, "copy_time": 0.6701648235321045, "close_persist_time": 0.4898414611816406}, "pymm_dram_fs_dax1": {"open_time": 0.0060503482818603516, "copy_time": 2.3867108821868896, "close_persist_time": 0.5952293872833252}, "pymm_dram_dev_dax0": {"open_time": 0.0030181407928466797, "copy_time": 0.39467716217041016, "close_persist_time": 0.4897637367248535}, "pymm_dram_dev_dax1": {"open_time": 0.003179311752319336, "copy_time": 1.496767282485962, "close_persist_time": 0.5974123477935791}, "pymm_dram_nvme": {"open_time": 0.003947734832763672, "copy_time": 0.923302412033081, "close_persist_time": 0.13271021842956543}, "ndarray_save_dram_nvme": {"open_time": 0, "copy_time": 0.5988161563873291, "close_persist_time": 0}, "ndarray_save_dram_fs_dax0": {"open_time": 0, "copy_time": 0.6802611351013184, "close_persist_time": 0}, "ndarray_save_dram_fs_dax1": {"open_time": 0, "copy_time": 2.3305370807647705, "close_persist_time": 0}}