{"dram": {"open_time": 0, "copy_time": 0.4602789878845215, "close_persist_time": 0}, "pickle_dram_nvme": {"open_time": 6.437301635742188e-05, "copy_time": 1.507138967514038, "close_persist_time": 1.4781951904296875e-05}, "pickle_dram_fs_dax0": {"open_time": 4.2438507080078125e-05, "copy_time": 1.6022064685821533, "close_persist_time": 1.7881393432617188e-05}, "pickle_dram_fs_dax1": {"open_time": 4.315376281738281e-05, "copy_time": 3.2177627086639404, "close_persist_time": 1.8358230590820312e-05}, "pymm_dram_fs_dax0": {"open_time": 0.006541013717651367, "copy_time": 0.6603217124938965, "close_persist_time": 0.4880964756011963}, "pymm_dram_fs_dax1": {"open_time": 0.006195783615112305, "copy_time": 2.4015047550201416, "close_persist_time": 0.5970706939697266}, "pymm_dram_dev_dax0": {"open_time": 0.0030486583709716797, "copy_time": 0.39483213424682617, "close_persist_time": 0.49167394638061523}, "pymm_dram_dev_dax1": {"open_time": 0.0031957626342773438, "copy_time": 1.506577968597412, "close_persist_time": 0.5979294776916504}, "pymm_dram_nvme": {"open_time": 0.003964424133300781, "copy_time": 1.1274852752685547, "close_persist_time": 0.13521695137023926}, "ndarray_save_dram_nvme": {"open_time": 0, "copy_time": 0.5939068794250488, "close_persist_time": 0}, "ndarray_save_dram_fs_dax0": {"open_time": 0, "copy_time": 0.6814866065979004, "close_persist_time": 0}, "ndarray_save_dram_fs_dax1": {"open_time": 0, "copy_time": 2.3409900665283203, "close_persist_time": 0}}