{"dram": {"open_time": 0, "copy_time": 0.45821619033813477, "close_persist_time": 0}, "pickle_dram_nvme": {"open_time": 6.222724914550781e-05, "copy_time": 1.4931972026824951, "close_persist_time": 1.430511474609375e-05}, "pickle_dram_fs_dax0": {"open_time": 4.291534423828125e-05, "copy_time": 1.5867791175842285, "close_persist_time": 1.8358230590820312e-05}, "pickle_dram_fs_dax1": {"open_time": 4.1484832763671875e-05, "copy_time": 3.2067103385925293, "close_persist_time": 1.5497207641601562e-05}, "pymm_dram_fs_dax0": {"open_time": 0.006476163864135742, "copy_time": 0.6638386249542236, "close_persist_time": 0.4887659549713135}, "pymm_dram_fs_dax1": {"open_time": 0.006013154983520508, "copy_time": 2.387890577316284, "close_persist_time": 0.5946664810180664}, "pymm_dram_dev_dax0": {"open_time": 0.003022432327270508, "copy_time": 0.3896031379699707, "close_persist_time": 0.4896819591522217}, "pymm_dram_dev_dax1": {"open_time": 0.003210783004760742, "copy_time": 1.495626449584961, "close_persist_time": 0.597139835357666}, "pymm_dram_nvme": {"open_time": 0.003904581069946289, "copy_time": 1.155569076538086, "close_persist_time": 0.1338822841644287}, "ndarray_save_dram_nvme": {"open_time": 0, "copy_time": 0.5928680896759033, "close_persist_time": 0}, "ndarray_save_dram_fs_dax0": {"open_time": 0, "copy_time": 0.6801812648773193, "close_persist_time": 0}, "ndarray_save_dram_fs_dax1": {"open_time": 0, "copy_time": 2.3295838832855225, "close_persist_time": 0}}