{"dram": {"open_time": 0, "copy_time": 0.4661872386932373, "close_persist_time": 0}, "pickle_dram_nvme": {"open_time": 6.699562072753906e-05, "copy_time": 1.5172011852264404, "close_persist_time": 1.5974044799804688e-05}, "pickle_dram_fs_dax0": {"open_time": 4.506111145019531e-05, "copy_time": 1.587960958480835, "close_persist_time": 1.7404556274414062e-05}, "pickle_dram_fs_dax1": {"open_time": 4.291534423828125e-05, "copy_time": 3.2081832885742188, "close_persist_time": 1.6927719116210938e-05}, "pymm_dram_fs_dax0": {"open_time": 0.006478786468505859, "copy_time": 0.6587765216827393, "close_persist_time": 0.4883239269256592}, "pymm_dram_fs_dax1": {"open_time": 0.006202220916748047, "copy_time": 2.3955600261688232, "close_persist_time": 0.5963578224182129}, "pymm_dram_dev_dax0": {"open_time": 0.0030260086059570312, "copy_time": 0.4015681743621826, "close_persist_time": 0.49051642417907715}, "pymm_dram_dev_dax1": {"open_time": 0.0031714439392089844, "copy_time": 1.5003774166107178, "close_persist_time": 0.5972521305084229}, "pymm_dram_nvme": {"open_time": 0.004052162170410156, "copy_time": 0.9419937133789062, "close_persist_time": 0.13468122482299805}, "ndarray_save_dram_nvme": {"open_time": 0, "copy_time": 0.5997233390808105, "close_persist_time": 0}, "ndarray_save_dram_fs_dax0": {"open_time": 0, "copy_time": 0.6861560344696045, "close_persist_time": 0}, "ndarray_save_dram_fs_dax1": {"open_time": 0, "copy_time": 2.3325071334838867, "close_persist_time": 0}}