{"dram": {"open_time": 0, "copy_time": 0.466796875, "close_persist_time": 0}, "pickle_dram_nvme": {"open_time": 6.341934204101562e-05, "copy_time": 1.5117793083190918, "close_persist_time": 1.52587890625e-05}, "pickle_dram_fs_dax0": {"open_time": 4.4345855712890625e-05, "copy_time": 1.5554537773132324, "close_persist_time": 2.0503997802734375e-05}, "pickle_dram_fs_dax1": {"open_time": 4.792213439941406e-05, "copy_time": 3.1892716884613037, "close_persist_time": 1.52587890625e-05}, "pymm_dram_fs_dax0": {"open_time": 0.00648045539855957, "copy_time": 0.6653711795806885, "close_persist_time": 0.48879122734069824}, "pymm_dram_fs_dax1": {"open_time": 0.0061893463134765625, "copy_time": 2.388094663619995, "close_persist_time": 0.5945339202880859}, "pymm_dram_dev_dax0": {"open_time": 0.0030145645141601562, "copy_time": 0.3896501064300537, "close_persist_time": 0.48910021781921387}, "pymm_dram_dev_dax1": {"open_time": 0.0032563209533691406, "copy_time": 1.4954371452331543, "close_persist_time": 0.5973653793334961}, "pymm_dram_nvme": {"open_time": 0.0040705204010009766, "copy_time": 0.9274461269378662, "close_persist_time": 0.1326913833618164}, "ndarray_save_dram_nvme": {"open_time": 0, "copy_time": 0.5941441059112549, "close_persist_time": 0}, "ndarray_save_dram_fs_dax0": {"open_time": 0, "copy_time": 0.6688263416290283, "close_persist_time": 0}, "ndarray_save_dram_fs_dax1": {"open_time": 0, "copy_time": 2.3258161544799805, "close_persist_time": 0}}