{"dram": {"open_time": 0, "copy_time": 0.45749449729919434, "close_persist_time": 0}, "pickle_dram_nvme": {"open_time": 6.175041198730469e-05, "copy_time": 1.5062894821166992, "close_persist_time": 1.5497207641601562e-05}, "pickle_dram_fs_dax0": {"open_time": 4.315376281738281e-05, "copy_time": 1.587512493133545, "close_persist_time": 1.8358230590820312e-05}, "pickle_dram_fs_dax1": {"open_time": 4.9114227294921875e-05, "copy_time": 3.2087740898132324, "close_persist_time": 1.6450881958007812e-05}, "pymm_dram_fs_dax0": {"open_time": 0.006453275680541992, "copy_time": 0.6782083511352539, "close_persist_time": 0.49099016189575195}, "pymm_dram_fs_dax1": {"open_time": 0.006228208541870117, "copy_time": 2.3856351375579834, "close_persist_time": 0.59641432762146}, "pymm_dram_dev_dax0": {"open_time": 0.0030133724212646484, "copy_time": 0.4000589847564697, "close_persist_time": 0.49062585830688477}, "pymm_dram_dev_dax1": {"open_time": 0.003204822540283203, "copy_time": 1.4995174407958984, "close_persist_time": 0.5970101356506348}, "pymm_dram_nvme": {"open_time": 0.004300117492675781, "copy_time": 0.9182274341583252, "close_persist_time": 0.13172316551208496}, "ndarray_save_dram_nvme": {"open_time": 0, "copy_time": 0.5894629955291748, "close_persist_time": 0}, "ndarray_save_dram_fs_dax0": {"open_time": 0, "copy_time": 0.6624183654785156, "close_persist_time": 0}, "ndarray_save_dram_fs_dax1": {"open_time": 0, "copy_time": 2.3348608016967773, "close_persist_time": 0}}