{"dram": {"open_time": 0, "copy_time": 0.46712636947631836, "close_persist_time": 0}, "pickle_dram_nvme": {"open_time": 6.532669067382812e-05, "copy_time": 1.5153589248657227, "close_persist_time": 1.7881393432617188e-05}, "pickle_dram_fs_dax0": {"open_time": 4.5299530029296875e-05, "copy_time": 1.5522427558898926, "close_persist_time": 1.6927719116210938e-05}, "pickle_dram_fs_dax1": {"open_time": 4.220008850097656e-05, "copy_time": 3.189423084259033, "close_persist_time": 1.6689300537109375e-05}, "pymm_dram_fs_dax0": {"open_time": 0.006474494934082031, "copy_time": 0.6667032241821289, "close_persist_time": 0.49071788787841797}, "pymm_dram_fs_dax1": {"open_time": 0.006040334701538086, "copy_time": 2.392887830734253, "close_persist_time": 0.5975408554077148}, "pymm_dram_dev_dax0": {"open_time": 0.0030171871185302734, "copy_time": 0.40143442153930664, "close_persist_time": 0.4906625747680664}, "pymm_dram_dev_dax1": {"open_time": 0.003171682357788086, "copy_time": 1.4949650764465332, "close_persist_time": 0.5972940921783447}, "pymm_dram_nvme": {"open_time": 0.00423884391784668, "copy_time": 0.9232909679412842, "close_persist_time": 0.13273382186889648}, "ndarray_save_dram_nvme": {"open_time": 0, "copy_time": 0.5926995277404785, "close_persist_time": 0}, "ndarray_save_dram_fs_dax0": {"open_time": 0, "copy_time": 0.6795856952667236, "close_persist_time": 0}, "ndarray_save_dram_fs_dax1": {"open_time": 0, "copy_time": 2.332127809524536, "close_persist_time": 0}}