{"dram": {"open_time": 0, "copy_time": 0.46985769271850586, "close_persist_time": 0}, "pickle_dram_nvme": {"open_time": 5.984306335449219e-05, "copy_time": 1.5118491649627686, "close_persist_time": 1.6450881958007812e-05}, "pickle_dram_fs_dax0": {"open_time": 4.482269287109375e-05, "copy_time": 1.5657100677490234, "close_persist_time": 1.6689300537109375e-05}, "pickle_dram_fs_dax1": {"open_time": 4.220008850097656e-05, "copy_time": 3.1989073753356934, "close_persist_time": 1.621246337890625e-05}, "pymm_dram_fs_dax0": {"open_time": 0.006545543670654297, "copy_time": 0.6584622859954834, "close_persist_time": 0.48833537101745605}, "pymm_dram_fs_dax1": {"open_time": 0.0060405731201171875, "copy_time": 2.388810873031616, "close_persist_time": 0.5968561172485352}, "pymm_dram_dev_dax0": {"open_time": 0.003059864044189453, "copy_time": 0.403195858001709, "close_persist_time": 0.49054551124572754}, "pymm_dram_dev_dax1": {"open_time": 0.0032002925872802734, "copy_time": 1.4956755638122559, "close_persist_time": 0.5973365306854248}, "pymm_dram_nvme": {"open_time": 0.004597187042236328, "copy_time": 0.9228565692901611, "close_persist_time": 0.13266992568969727}, "ndarray_save_dram_nvme": {"open_time": 0, "copy_time": 0.5917649269104004, "close_persist_time": 0}, "ndarray_save_dram_fs_dax0": {"open_time": 0, "copy_time": 0.6698119640350342, "close_persist_time": 0}, "ndarray_save_dram_fs_dax1": {"open_time": 0, "copy_time": 2.3277032375335693, "close_persist_time": 0}}