{"dram": {"open_time": 0, "copy_time": 0.4655418395996094, "close_persist_time": 0}, "pickle_dram_nvme": {"open_time": 6.341934204101562e-05, "copy_time": 1.5121455192565918, "close_persist_time": 1.621246337890625e-05}, "pickle_dram_fs_dax0": {"open_time": 4.482269287109375e-05, "copy_time": 1.56660795211792, "close_persist_time": 1.71661376953125e-05}, "pickle_dram_fs_dax1": {"open_time": 4.172325134277344e-05, "copy_time": 3.2080323696136475, "close_persist_time": 1.5974044799804688e-05}, "pymm_dram_fs_dax0": {"open_time": 0.006495475769042969, "copy_time": 0.6662688255310059, "close_persist_time": 0.4890751838684082}, "pymm_dram_fs_dax1": {"open_time": 0.00600123405456543, "copy_time": 2.3927478790283203, "close_persist_time": 0.594550371170044}, "pymm_dram_dev_dax0": {"open_time": 0.002998828887939453, "copy_time": 0.3923485279083252, "close_persist_time": 0.48912596702575684}, "pymm_dram_dev_dax1": {"open_time": 0.003173351287841797, "copy_time": 1.496619701385498, "close_persist_time": 0.5972280502319336}, "pymm_dram_nvme": {"open_time": 0.0046710968017578125, "copy_time": 0.9276502132415771, "close_persist_time": 0.1337578296661377}, "ndarray_save_dram_nvme": {"open_time": 0, "copy_time": 0.5948874950408936, "close_persist_time": 0}, "ndarray_save_dram_fs_dax0": {"open_time": 0, "copy_time": 0.6803908348083496, "close_persist_time": 0}, "ndarray_save_dram_fs_dax1": {"open_time": 0, "copy_time": 2.3257217407226562, "close_persist_time": 0}}