{"dram": {"open_time": 0, "copy_time": 0.46521520614624023, "close_persist_time": 0}, "pickle_dram_nvme": {"open_time": 6.318092346191406e-05, "copy_time": 1.5089077949523926, "close_persist_time": 1.6927719116210938e-05}, "pickle_dram_fs_dax0": {"open_time": 4.506111145019531e-05, "copy_time": 1.5873441696166992, "close_persist_time": 1.71661376953125e-05}, "pickle_dram_fs_dax1": {"open_time": 4.100799560546875e-05, "copy_time": 3.1955769062042236, "close_persist_time": 1.52587890625e-05}, "pymm_dram_fs_dax0": {"open_time": 0.006407022476196289, "copy_time": 0.6803531646728516, "close_persist_time": 0.4904212951660156}, "pymm_dram_fs_dax1": {"open_time": 0.00609278678894043, "copy_time": 2.3833248615264893, "close_persist_time": 0.5952496528625488}, "pymm_dram_dev_dax0": {"open_time": 0.003020763397216797, "copy_time": 0.4022650718688965, "close_persist_time": 0.4905972480773926}, "pymm_dram_dev_dax1": {"open_time": 0.003142118453979492, "copy_time": 1.4927983283996582, "close_persist_time": 0.5964312553405762}, "pymm_dram_nvme": {"open_time": 0.0045163631439208984, "copy_time": 1.127671241760254, "close_persist_time": 0.13277864456176758}, "ndarray_save_dram_nvme": {"open_time": 0, "copy_time": 0.5931236743927002, "close_persist_time": 0}, "ndarray_save_dram_fs_dax0": {"open_time": 0, "copy_time": 0.6806325912475586, "close_persist_time": 0}, "ndarray_save_dram_fs_dax1": {"open_time": 0, "copy_time": 2.331700086593628, "close_persist_time": 0}}