{"dram": {"open_time": 0, "copy_time": 0.4579920768737793, "close_persist_time": 0}, "pickle_dram_nvme": {"open_time": 6.151199340820312e-05, "copy_time": 1.4933009147644043, "close_persist_time": 1.5497207641601562e-05}, "pickle_dram_fs_dax0": {"open_time": 4.458427429199219e-05, "copy_time": 1.5964241027832031, "close_persist_time": 1.9788742065429688e-05}, "pickle_dram_fs_dax1": {"open_time": 4.458427429199219e-05, "copy_time": 3.213256597518921, "close_persist_time": 1.7881393432617188e-05}, "pymm_dram_fs_dax0": {"open_time": 0.0065038204193115234, "copy_time": 0.6671204566955566, "close_persist_time": 0.4906005859375}, "pymm_dram_fs_dax1": {"open_time": 0.006061553955078125, "copy_time": 2.386688709259033, "close_persist_time": 0.5965149402618408}, "pymm_dram_dev_dax0": {"open_time": 0.0030317306518554688, "copy_time": 0.40064382553100586, "close_persist_time": 0.4907050132751465}, "pymm_dram_dev_dax1": {"open_time": 0.0032181739807128906, "copy_time": 1.497685194015503, "close_persist_time": 0.596606969833374}, "pymm_dram_nvme": {"open_time": 0.00493931770324707, "copy_time": 0.927844762802124, "close_persist_time": 0.13380169868469238}, "ndarray_save_dram_nvme": {"open_time": 0, "copy_time": 0.5967323780059814, "close_persist_time": 0}, "ndarray_save_dram_fs_dax0": {"open_time": 0, "copy_time": 0.6789882183074951, "close_persist_time": 0}, "ndarray_save_dram_fs_dax1": {"open_time": 0, "copy_time": 2.3309473991394043, "close_persist_time": 0}}