{"numpymmap_nvme": {"open_time": 0.053386688232421875, "copy_time": 0.952124834060669, "close_persist_time": 0.353442907333374}, "numpymmap_fs_dax0": {"open_time": 0.9747171401977539, "copy_time": 0.6729207038879395, "close_persist_time": 0.5011794567108154}, "numpymmap_fs_dax1": {"open_time": 0.0010390281677246094, "copy_time": 2.1194560527801514, "close_persist_time": 0.6004884243011475}}