{"numpymmap_nvme": {"open_time": 0.05299878120422363, "copy_time": 0.9477572441101074, "close_persist_time": 0.35086822509765625}, "numpymmap_fs_dax0": {"open_time": 0.010576963424682617, "copy_time": 0.6679975986480713, "close_persist_time": 0.5001776218414307}, "numpymmap_fs_dax1": {"open_time": 0.0010082721710205078, "copy_time": 2.1182875633239746, "close_persist_time": 0.5979971885681152}}