{"numpymmap_nvme": {"open_time": 0.06833028793334961, "copy_time": 0.9471743106842041, "close_persist_time": 0.3487083911895752}, "numpymmap_fs_dax0": {"open_time": 0.010602235794067383, "copy_time": 0.6687898635864258, "close_persist_time": 0.5001554489135742}, "numpymmap_fs_dax1": {"open_time": 0.0010330677032470703, "copy_time": 2.1154627799987793, "close_persist_time": 0.5974197387695312}}