{"numpymmap_nvme": {"open_time": 0.051519155502319336, "copy_time": 0.9387450218200684, "close_persist_time": 0.3609023094177246}, "numpymmap_fs_dax0": {"open_time": 0.010412216186523438, "copy_time": 0.6561205387115479, "close_persist_time": 0.49805259704589844}, "numpymmap_fs_dax1": {"open_time": 0.0009980201721191406, "copy_time": 2.112957239151001, "close_persist_time": 0.5963706970214844}}