{"numpymmap_nvme": {"open_time": 0.056563377380371094, "copy_time": 0.9477581977844238, "close_persist_time": 0.3451399803161621}, "numpymmap_fs_dax0": {"open_time": 0.010595083236694336, "copy_time": 0.6666011810302734, "close_persist_time": 0.4996986389160156}, "numpymmap_fs_dax1": {"open_time": 0.0010385513305664062, "copy_time": 2.1164236068725586, "close_persist_time": 0.5973052978515625}}