{"numpymmap_nvme": {"open_time": 0.05520796775817871, "copy_time": 0.9463839530944824, "close_persist_time": 0.3457679748535156}, "numpymmap_fs_dax0": {"open_time": 0.9700613021850586, "copy_time": 0.6659808158874512, "close_persist_time": 0.4995410442352295}, "numpymmap_fs_dax1": {"open_time": 0.0010170936584472656, "copy_time": 2.1144587993621826, "close_persist_time": 0.597243070602417}}