{"numpymmap_nvme": {"open_time": 0.05479717254638672, "copy_time": 0.9476790428161621, "close_persist_time": 0.33925914764404297}, "numpymmap_fs_dax0": {"open_time": 0.010653972625732422, "copy_time": 0.6689255237579346, "close_persist_time": 0.4997687339782715}, "numpymmap_fs_dax1": {"open_time": 0.0010433197021484375, "copy_time": 2.11732816696167, "close_persist_time": 0.5986123085021973}}