{"numpymmap_nvme": {"open_time": 0.06680464744567871, "copy_time": 0.9445772171020508, "close_persist_time": 0.3405797481536865}, "numpymmap_fs_dax0": {"open_time": 0.010689973831176758, "copy_time": 0.6655504703521729, "close_persist_time": 0.4997715950012207}, "numpymmap_fs_dax1": {"open_time": 0.0023763179779052734, "copy_time": 2.1156423091888428, "close_persist_time": 0.5983355045318604}}