{"numpymmap_nvme": {"open_time": 0.11032652854919434, "copy_time": 0.9353196620941162, "close_persist_time": 0.31821656227111816}, "numpymmap_fs_dax0": {"open_time": 0.0066258907318115234, "copy_time": 0.6643877029418945, "close_persist_time": 0.4909811019897461}, "numpymmap_fs_dax1": {"open_time": 0.00021457672119140625, "copy_time": 2.1145055294036865, "close_persist_time": 0.5967872142791748}}