{"numpymmap_nvme": {"open_time": 0.06465005874633789, "copy_time": 0.9476432800292969, "close_persist_time": 0.3509070873260498}, "numpymmap_fs_dax0": {"open_time": 0.01069784164428711, "copy_time": 0.6640105247497559, "close_persist_time": 0.4994652271270752}, "numpymmap_fs_dax1": {"open_time": 0.0010151863098144531, "copy_time": 2.114595413208008, "close_persist_time": 0.5963447093963623}}