{"numpymmap_nvme": {"open_time": 0.05598735809326172, "copy_time": 0.9373114109039307, "close_persist_time": 0.34531497955322266}, "numpymmap_fs_dax0": {"open_time": 0.010420560836791992, "copy_time": 0.6574630737304688, "close_persist_time": 0.4988672733306885}, "numpymmap_fs_dax1": {"open_time": 0.0010447502136230469, "copy_time": 2.114091157913208, "close_persist_time": 0.598010778427124}}