{"numpymmap_nvme": {"open_time": 0.05702376365661621, "copy_time": 0.9378139972686768, "close_persist_time": 0.35015130043029785}, "numpymmap_fs_dax0": {"open_time": 0.010810375213623047, "copy_time": 0.6547451019287109, "close_persist_time": 0.49789881706237793}, "numpymmap_fs_dax1": {"open_time": 0.0010335445404052734, "copy_time": 2.1119120121002197, "close_persist_time": 0.5963528156280518}}