{"numpymmap_nvme": {"open_time": 0.05660247802734375, "copy_time": 0.9392910003662109, "close_persist_time": 0.346956729888916}, "numpymmap_fs_dax0": {"open_time": 0.010710954666137695, "copy_time": 0.6555032730102539, "close_persist_time": 0.49822354316711426}, "numpymmap_fs_dax1": {"open_time": 0.0010020732879638672, "copy_time": 2.1141417026519775, "close_persist_time": 0.5980112552642822}}