{"numpymmap_nvme": {"open_time": 0.060691118240356445, "copy_time": 0.9384765625, "close_persist_time": 0.34926319122314453}, "numpymmap_fs_dax0": {"open_time": 0.010616302490234375, "copy_time": 0.6566815376281738, "close_persist_time": 0.49810218811035156}, "numpymmap_fs_dax1": {"open_time": 0.0010216236114501953, "copy_time": 2.1134116649627686, "close_persist_time": 0.5981771945953369}}