{"numpymmap_nvme": {"open_time": 0.05080294609069824, "copy_time": 0.9389915466308594, "close_persist_time": 0.35584402084350586}, "numpymmap_fs_dax0": {"open_time": 0.010696172714233398, "copy_time": 0.6539571285247803, "close_persist_time": 0.4986279010772705}, "numpymmap_fs_dax1": {"open_time": 0.0010042190551757812, "copy_time": 2.1151115894317627, "close_persist_time": 0.5981810092926025}}