{"numpymmap_nvme": {"open_time": 0.06078672409057617, "copy_time": 0.944998025894165, "close_persist_time": 0.3436625003814697}, "numpymmap_fs_dax0": {"open_time": 0.010720252990722656, "copy_time": 0.6659755706787109, "close_persist_time": 0.49948763847351074}, "numpymmap_fs_dax1": {"open_time": 0.0010499954223632812, "copy_time": 2.1139779090881348, "close_persist_time": 0.5984029769897461}}