{"numpymmap_nvme": {"open_time": 0.058325767517089844, "copy_time": 0.9455718994140625, "close_persist_time": 0.3452491760253906}, "numpymmap_fs_dax0": {"open_time": 0.010725021362304688, "copy_time": 0.6661906242370605, "close_persist_time": 0.4997372627258301}, "numpymmap_fs_dax1": {"open_time": 0.001027822494506836, "copy_time": 2.1161928176879883, "close_persist_time": 0.5982694625854492}}