{"numpymmap_nvme": {"open_time": 0.051367998123168945, "copy_time": 0.9458062648773193, "close_persist_time": 0.34578609466552734}, "numpymmap_fs_dax0": {"open_time": 0.9750485420227051, "copy_time": 0.6583156585693359, "close_persist_time": 0.49851560592651367}, "numpymmap_fs_dax1": {"open_time": 0.001009225845336914, "copy_time": 2.1179919242858887, "close_persist_time": 0.596996545791626}}