{"numpymmap_nvme": {"open_time": 0.055850982666015625, "copy_time": 0.9438872337341309, "close_persist_time": 0.3315458297729492}, "numpymmap_fs_dax0": {"open_time": 0.010732650756835938, "copy_time": 0.6522645950317383, "close_persist_time": 0.4989135265350342}, "numpymmap_fs_dax1": {"open_time": 0.0010135173797607422, "copy_time": 2.115567684173584, "close_persist_time": 0.5981578826904297}}