{"numpymmap_nvme": {"open_time": 0.0606839656829834, "copy_time": 0.9446368217468262, "close_persist_time": 0.34610843658447266}, "numpymmap_fs_dax0": {"open_time": 0.010502338409423828, "copy_time": 0.6654775142669678, "close_persist_time": 0.5003118515014648}, "numpymmap_fs_dax1": {"open_time": 0.0010275840759277344, "copy_time": 2.1152663230895996, "close_persist_time": 0.598114013671875}}