{"numpymmap_nvme": {"open_time": 0.05684518814086914, "copy_time": 0.9516890048980713, "close_persist_time": 0.34995293617248535}, "numpymmap_fs_dax0": {"open_time": 0.010653257369995117, "copy_time": 0.6530857086181641, "close_persist_time": 0.5005457401275635}, "numpymmap_fs_dax1": {"open_time": 0.0010538101196289062, "copy_time": 2.121591567993164, "close_persist_time": 0.5986976623535156}}