{"dram": {"open_time": 2.47955322265625e-05, "copy_time": 1.9775428771972656, "close_persist_time": 0}, "numpymmap_nvme": {"open_time": 1.4255146980285645, "copy_time": 4.845029592514038, "close_persist_time": 0.3319590091705322}, "numpymmap_fs_dax0": {"open_time": 1.1329002380371094, "copy_time": 5.868770599365234, "close_persist_time": 0.49661731719970703}, "numpymmap_fs_dax1": {"open_time": 2.7154133319854736, "copy_time": 6.499297857284546, "close_persist_time": 0.6538293361663818}, "pymm_dram_fs_dax0": {"open_time": 1.229569673538208, "copy_time": 6.319869518280029, "close_persist_time": 0.496110200881958}, "pymm_dram_fs_dax1": {"open_time": 3.0747604370117188, "copy_time": 6.85428261756897, "close_persist_time": 0.6522066593170166}, "pymm_dram_dev_dax0": {"open_time": 0.8711750507354736, "copy_time": 6.321847438812256, "close_persist_time": 0.4966769218444824}, "pymm_dram_dev_dax1": {"open_time": 2.0915286540985107, "copy_time": 6.815016984939575, "close_persist_time": 0.6464283466339111}, "pymm_dram_nvme": {"open_time": 1.2433960437774658, "copy_time": 5.34928035736084, "close_persist_time": 0.14023828506469727}, "ndarray_save_dram_nvme": {"open_time": 1.021275281906128, "copy_time": 2.276392936706543, "close_persist_time": 1.2084410190582275}, "ndarray_save_dram_fs_dax0": {"open_time": 0.6656956672668457, "copy_time": 2.2697336673736572, "close_persist_time": 0.6690194606781006}, "ndarray_save_dram_fs_dax1": {"open_time": 2.3283169269561768, "copy_time": 2.238992691040039, "close_persist_time": 2.332899332046509}}