{"dram": {"open_time": 1.3828277587890625e-05, "copy_time": 1.2948355674743652, "close_persist_time": 0}, "numpymmap_nvme": {"open_time": 1.4227919578552246, "copy_time": 4.024160623550415, "close_persist_time": 0.3279232978820801}, "numpymmap_fs_dax0": {"open_time": 1.1454880237579346, "copy_time": 3.766876220703125, "close_persist_time": 0.48979711532592773}, "numpymmap_fs_dax1": {"open_time": 2.713340997695923, "copy_time": 3.8061683177948, "close_persist_time": 0.5950183868408203}, "pymm_dram_fs_dax0": {"open_time": 1.2255170345306396, "copy_time": 4.381479740142822, "close_persist_time": 0.48922228813171387}, "pymm_dram_fs_dax1": {"open_time": 3.072600841522217, "copy_time": 4.4585654735565186, "close_persist_time": 0.5950345993041992}, "pymm_dram_dev_dax0": {"open_time": 0.8777945041656494, "copy_time": 4.328165054321289, "close_persist_time": 0.48939085006713867}, "pymm_dram_dev_dax1": {"open_time": 2.090252161026001, "copy_time": 4.416022539138794, "close_persist_time": 0.59519362449646}, "pymm_dram_nvme": {"open_time": 1.2476074695587158, "copy_time": 4.0434675216674805, "close_persist_time": 0.13625431060791016}, "ndarray_save_dram_nvme": {"open_time": 1.0022103786468506, "copy_time": 1.6066970825195312, "close_persist_time": 1.0572373867034912}, "ndarray_save_dram_fs_dax0": {"open_time": 0.649552583694458, "copy_time": 1.5975706577301025, "close_persist_time": 0.6784589290618896}, "ndarray_save_dram_fs_dax1": {"open_time": 2.329543352127075, "copy_time": 1.5797576904296875, "close_persist_time": 2.3306305408477783}}