{"dram": {"open_time": 1.3828277587890625e-05, "copy_time": 5.457739353179932, "close_persist_time": 0}, "numpymmap_nvme": {"open_time": 1.4195122718811035, "copy_time": 5.813278436660767, "close_persist_time": 0.3497893810272217}, "numpymmap_fs_dax0": {"open_time": 1.1446857452392578, "copy_time": 5.789184331893921, "close_persist_time": 0.4820692539215088}, "numpymmap_fs_dax1": {"open_time": 2.711216449737549, "copy_time": 25.731518983840942, "close_persist_time": 0.5891313552856445}, "pymm_dram_fs_dax0": {"open_time": 1.2275097370147705, "copy_time": 5.866307497024536, "close_persist_time": 0.481609582901001}, "pymm_dram_fs_dax1": {"open_time": 3.0723071098327637, "copy_time": 25.757384538650513, "close_persist_time": 0.5885136127471924}, "pymm_dram_dev_dax0": {"open_time": 0.8795914649963379, "copy_time": 6.059684991836548, "close_persist_time": 0.4812440872192383}, "pymm_dram_dev_dax1": {"open_time": 2.0941991806030273, "copy_time": 25.890373945236206, "close_persist_time": 0.588754415512085}, "pymm_dram_nvme": {"open_time": 1.242647409439087, "copy_time": 6.071678638458252, "close_persist_time": 0.136368989944458}, "ndarray_save_dram_nvme": {"open_time": 1.0017337799072266, "copy_time": 5.812642335891724, "close_persist_time": 1.0559704303741455}, "ndarray_save_dram_fs_dax0": {"open_time": 0.6542003154754639, "copy_time": 5.589219093322754, "close_persist_time": 0.6790416240692139}, "ndarray_save_dram_fs_dax1": {"open_time": 2.328012704849243, "copy_time": 5.589528799057007, "close_persist_time": 2.3474318981170654}}