{"dram": {"open_time": 1.8358230590820312e-05, "copy_time": 7.761018753051758, "close_persist_time": 0}, "numpymmap_nvme": {"open_time": 1.4333853721618652, "copy_time": 10.427034854888916, "close_persist_time": 0.35051870346069336}, "numpymmap_fs_dax0": {"open_time": 1.1445226669311523, "copy_time": 11.238344192504883, "close_persist_time": 0.48234128952026367}, "numpymmap_fs_dax1": {"open_time": 2.7095983028411865, "copy_time": 34.26316547393799, "close_persist_time": 0.5891151428222656}, "pymm_dram_fs_dax0": {"open_time": 1.2186400890350342, "copy_time": 11.7997887134552, "close_persist_time": 0.48183679580688477}, "pymm_dram_fs_dax1": {"open_time": 3.077056646347046, "copy_time": 34.56019830703735, "close_persist_time": 0.5892841815948486}, "pymm_dram_dev_dax0": {"open_time": 0.8784956932067871, "copy_time": 11.854488849639893, "close_persist_time": 0.48163414001464844}, "pymm_dram_dev_dax1": {"open_time": 2.0930283069610596, "copy_time": 34.673243284225464, "close_persist_time": 0.5896182060241699}, "pymm_dram_nvme": {"open_time": 1.2497360706329346, "copy_time": 11.959217309951782, "close_persist_time": 0.1374502182006836}, "ndarray_save_dram_nvme": {"open_time": 1.0289607048034668, "copy_time": 8.211997747421265, "close_persist_time": 1.038273572921753}, "ndarray_save_dram_fs_dax0": {"open_time": 0.6540040969848633, "copy_time": 7.979432582855225, "close_persist_time": 0.6797125339508057}, "ndarray_save_dram_fs_dax1": {"open_time": 2.328857183456421, "copy_time": 7.9667932987213135, "close_persist_time": 2.347522020339966}}