{"dram": {"open_time": 2.1457672119140625e-05, "copy_time": 6.133556365966797, "close_persist_time": 0}, "numpymmap_nvme": {"open_time": 1.422240972518921, "copy_time": 6.475324392318726, "close_persist_time": 0.33469176292419434}, "numpymmap_fs_dax0": {"open_time": 1.1448144912719727, "copy_time": 7.694768905639648, "close_persist_time": 0.4897348880767822}, "numpymmap_fs_dax1": {"open_time": 2.7320451736450195, "copy_time": 25.38663339614868, "close_persist_time": 0.5971853733062744}, "pymm_dram_fs_dax0": {"open_time": 1.2420246601104736, "copy_time": 7.774764060974121, "close_persist_time": 0.48955678939819336}, "pymm_dram_fs_dax1": {"open_time": 3.071197986602783, "copy_time": 25.406051874160767, "close_persist_time": 0.5960612297058105}, "pymm_dram_dev_dax0": {"open_time": 0.8780524730682373, "copy_time": 7.663406133651733, "close_persist_time": 0.48976922035217285}, "pymm_dram_dev_dax1": {"open_time": 2.0925986766815186, "copy_time": 25.532508373260498, "close_persist_time": 0.5955166816711426}, "pymm_dram_nvme": {"open_time": 1.247765302658081, "copy_time": 6.652271509170532, "close_persist_time": 0.13577651977539062}, "ndarray_save_dram_nvme": {"open_time": 0.9839382171630859, "copy_time": 6.74509859085083, "close_persist_time": 1.013026475906372}, "ndarray_save_dram_fs_dax0": {"open_time": 0.6543018817901611, "copy_time": 6.593990802764893, "close_persist_time": 0.6790931224822998}, "ndarray_save_dram_fs_dax1": {"open_time": 2.3311691284179688, "copy_time": 6.572502374649048, "close_persist_time": 2.3290538787841797}}