{"dram": {"open_time": 2.1457672119140625e-05, "copy_time": 1.5031523704528809, "close_persist_time": 0}, "numpymmap_nvme": {"open_time": 1.4416468143463135, "copy_time": 4.135349750518799, "close_persist_time": 0.3318910598754883}, "numpymmap_fs_dax0": {"open_time": 1.147258996963501, "copy_time": 4.007057428359985, "close_persist_time": 0.4896540641784668}, "numpymmap_fs_dax1": {"open_time": 2.7148284912109375, "copy_time": 4.066167593002319, "close_persist_time": 0.6810224056243896}, "pymm_dram_fs_dax0": {"open_time": 1.240154504776001, "copy_time": 4.735976696014404, "close_persist_time": 0.4920310974121094}, "pymm_dram_fs_dax1": {"open_time": 3.0796728134155273, "copy_time": 4.782776117324829, "close_persist_time": 0.6804752349853516}, "pymm_dram_dev_dax0": {"open_time": 0.8779795169830322, "copy_time": 4.666127443313599, "close_persist_time": 0.4923849105834961}, "pymm_dram_dev_dax1": {"open_time": 2.089134931564331, "copy_time": 4.752638339996338, "close_persist_time": 0.6792800426483154}, "pymm_dram_nvme": {"open_time": 1.2483763694763184, "copy_time": 4.316420555114746, "close_persist_time": 0.13588571548461914}, "ndarray_save_dram_nvme": {"open_time": 1.0115559101104736, "copy_time": 1.8414525985717773, "close_persist_time": 1.055290937423706}, "ndarray_save_dram_fs_dax0": {"open_time": 0.6480369567871094, "copy_time": 1.8290469646453857, "close_persist_time": 0.6786601543426514}, "ndarray_save_dram_fs_dax1": {"open_time": 2.3332297801971436, "copy_time": 1.8064804077148438, "close_persist_time": 2.3284895420074463}}