{"dram": {"open_time": 1.9550323486328125e-05, "copy_time": 1.324655532836914, "close_persist_time": 0}, "numpymmap_nvme": {"open_time": 1.4519579410552979, "copy_time": 4.040958404541016, "close_persist_time": 0.3286421298980713}, "numpymmap_fs_dax0": {"open_time": 1.135887861251831, "copy_time": 3.7179040908813477, "close_persist_time": 0.48900270462036133}, "numpymmap_fs_dax1": {"open_time": 2.7139382362365723, "copy_time": 3.7822394371032715, "close_persist_time": 0.5972962379455566}, "pymm_dram_fs_dax0": {"open_time": 1.237781047821045, "copy_time": 4.397444725036621, "close_persist_time": 0.4905672073364258}, "pymm_dram_fs_dax1": {"open_time": 3.07240629196167, "copy_time": 4.507716178894043, "close_persist_time": 0.596602201461792}, "pymm_dram_dev_dax0": {"open_time": 0.8800935745239258, "copy_time": 4.3710832595825195, "close_persist_time": 0.49066662788391113}, "pymm_dram_dev_dax1": {"open_time": 2.0963571071624756, "copy_time": 4.470319032669067, "close_persist_time": 0.5964035987854004}, "pymm_dram_nvme": {"open_time": 1.24472975730896, "copy_time": 4.059423446655273, "close_persist_time": 0.13529682159423828}, "ndarray_save_dram_nvme": {"open_time": 1.0069725513458252, "copy_time": 1.636793613433838, "close_persist_time": 1.0403525829315186}, "ndarray_save_dram_fs_dax0": {"open_time": 0.6630702018737793, "copy_time": 1.6415536403656006, "close_persist_time": 0.6781160831451416}, "ndarray_save_dram_fs_dax1": {"open_time": 2.3328046798706055, "copy_time": 1.6187381744384766, "close_persist_time": 2.32908296585083}}