{"dram": {"open_time": 1.2636184692382812e-05, "copy_time": 5.438421010971069, "close_persist_time": 0}, "numpymmap_nvme": {"open_time": 1.4241251945495605, "copy_time": 5.838740110397339, "close_persist_time": 0.3465142250061035}, "numpymmap_fs_dax0": {"open_time": 1.1310844421386719, "copy_time": 5.7421064376831055, "close_persist_time": 0.48224401473999023}, "numpymmap_fs_dax1": {"open_time": 2.71343994140625, "copy_time": 25.741731882095337, "close_persist_time": 0.5893399715423584}, "pymm_dram_fs_dax0": {"open_time": 1.2184357643127441, "copy_time": 5.746915102005005, "close_persist_time": 0.480013370513916}, "pymm_dram_fs_dax1": {"open_time": 3.0772266387939453, "copy_time": 25.732152700424194, "close_persist_time": 0.5870406627655029}, "pymm_dram_dev_dax0": {"open_time": 0.8675246238708496, "copy_time": 6.0212554931640625, "close_persist_time": 0.48082399368286133}, "pymm_dram_dev_dax1": {"open_time": 2.0946412086486816, "copy_time": 25.84021306037903, "close_persist_time": 0.5878024101257324}, "pymm_dram_nvme": {"open_time": 1.2363171577453613, "copy_time": 6.048865795135498, "close_persist_time": 0.13468122482299805}, "ndarray_save_dram_nvme": {"open_time": 0.9936020374298096, "copy_time": 5.820548057556152, "close_persist_time": 1.0289149284362793}, "ndarray_save_dram_fs_dax0": {"open_time": 0.6512894630432129, "copy_time": 5.539202451705933, "close_persist_time": 0.6675734519958496}, "ndarray_save_dram_fs_dax1": {"open_time": 2.330247640609741, "copy_time": 5.563185453414917, "close_persist_time": 2.3332674503326416}}