{"dram": {"open_time": 1.8596649169921875e-05, "copy_time": 2.0434975624084473, "close_persist_time": 0}, "numpymmap_nvme": {"open_time": 1.4226911067962646, "copy_time": 4.586309909820557, "close_persist_time": 0.33538389205932617}, "numpymmap_fs_dax0": {"open_time": 1.145479679107666, "copy_time": 5.606815338134766, "close_persist_time": 0.49704623222351074}, "numpymmap_fs_dax1": {"open_time": 2.712371826171875, "copy_time": 6.208330869674683, "close_persist_time": 0.6540365219116211}, "pymm_dram_fs_dax0": {"open_time": 1.2407002449035645, "copy_time": 6.316540956497192, "close_persist_time": 0.4965212345123291}, "pymm_dram_fs_dax1": {"open_time": 3.072392463684082, "copy_time": 6.866867303848267, "close_persist_time": 0.6521785259246826}, "pymm_dram_dev_dax0": {"open_time": 0.8733062744140625, "copy_time": 6.326823711395264, "close_persist_time": 0.49695825576782227}, "pymm_dram_dev_dax1": {"open_time": 2.0876410007476807, "copy_time": 6.940967082977295, "close_persist_time": 0.6467790603637695}, "pymm_dram_nvme": {"open_time": 1.2421624660491943, "copy_time": 5.358744859695435, "close_persist_time": 0.14115595817565918}, "ndarray_save_dram_nvme": {"open_time": 0.9932172298431396, "copy_time": 2.265723466873169, "close_persist_time": 1.1362340450286865}, "ndarray_save_dram_fs_dax0": {"open_time": 0.6644129753112793, "copy_time": 2.2513668537139893, "close_persist_time": 0.667729377746582}, "ndarray_save_dram_fs_dax1": {"open_time": 2.3433852195739746, "copy_time": 2.222677707672119, "close_persist_time": 2.3452274799346924}}