{"dram": {"open_time": 2.2411346435546875e-05, "copy_time": 7.778968811035156, "close_persist_time": 0}, "numpymmap_nvme": {"open_time": 1.4112627506256104, "copy_time": 10.339085817337036, "close_persist_time": 0.33213376998901367}, "numpymmap_fs_dax0": {"open_time": 1.1442432403564453, "copy_time": 11.1425039768219, "close_persist_time": 0.4825413227081299}, "numpymmap_fs_dax1": {"open_time": 2.7103400230407715, "copy_time": 34.07492542266846, "close_persist_time": 0.5902502536773682}, "pymm_dram_fs_dax0": {"open_time": 1.218043327331543, "copy_time": 11.717410564422607, "close_persist_time": 0.4804494380950928}, "pymm_dram_fs_dax1": {"open_time": 3.0724685192108154, "copy_time": 34.522756814956665, "close_persist_time": 0.5892231464385986}, "pymm_dram_dev_dax0": {"open_time": 0.8800251483917236, "copy_time": 11.806434154510498, "close_persist_time": 0.48235630989074707}, "pymm_dram_dev_dax1": {"open_time": 2.087359666824341, "copy_time": 34.64179730415344, "close_persist_time": 0.589343786239624}, "pymm_dram_nvme": {"open_time": 1.2479958534240723, "copy_time": 11.9130220413208, "close_persist_time": 0.13898444175720215}, "ndarray_save_dram_nvme": {"open_time": 0.981003999710083, "copy_time": 8.19960904121399, "close_persist_time": 1.030733346939087}, "ndarray_save_dram_fs_dax0": {"open_time": 0.6508848667144775, "copy_time": 7.913576364517212, "close_persist_time": 0.6709246635437012}, "ndarray_save_dram_fs_dax1": {"open_time": 2.328131675720215, "copy_time": 7.953979730606079, "close_persist_time": 2.3352150917053223}}