{"dram": {"open_time": 1.3589859008789062e-05, "copy_time": 1.2952444553375244, "close_persist_time": 0}, "numpymmap_nvme": {"open_time": 2.4659407138824463, "copy_time": 4.012166738510132, "close_persist_time": 0.34211230278015137}, "numpymmap_fs_dax0": {"open_time": 1.1969940662384033, "copy_time": 3.69533634185791, "close_persist_time": 0.4897880554199219}, "numpymmap_fs_dax1": {"open_time": 2.7977733612060547, "copy_time": 3.7430026531219482, "close_persist_time": 0.5953669548034668}, "pymm_dram_fs_dax0": {"open_time": 1.2883920669555664, "copy_time": 4.413636684417725, "close_persist_time": 0.48907995223999023}, "pymm_dram_fs_dax1": {"open_time": 3.1680378913879395, "copy_time": 4.409196138381958, "close_persist_time": 0.5947017669677734}, "pymm_dram_dev_dax0": {"open_time": 0.873356819152832, "copy_time": 4.332347631454468, "close_persist_time": 0.4892282485961914}, "pymm_dram_dev_dax1": {"open_time": 2.0915660858154297, "copy_time": 4.473238468170166, "close_persist_time": 0.594656229019165}, "pymm_dram_nvme": {"open_time": 2.2322182655334473, "copy_time": 4.512767553329468, "close_persist_time": 0.13517141342163086}, "ndarray_save_dram_nvme": {"open_time": 1.9781155586242676, "copy_time": 1.6413135528564453, "close_persist_time": 1.143160104751587}, "ndarray_save_dram_fs_dax0": {"open_time": 0.6514694690704346, "copy_time": 1.6421706676483154, "close_persist_time": 0.667633056640625}, "ndarray_save_dram_fs_dax1": {"open_time": 2.330152750015259, "copy_time": 1.6133248805999756, "close_persist_time": 2.3274641036987305}}