{"dram": {"open_time": 1.8358230590820312e-05, "copy_time": 1.3217942714691162, "close_persist_time": 0}, "numpymmap_nvme": {"open_time": 1.4378023147583008, "copy_time": 3.9760165214538574, "close_persist_time": 0.3277711868286133}, "numpymmap_fs_dax0": {"open_time": 1.1448900699615479, "copy_time": 3.7555158138275146, "close_persist_time": 0.49023985862731934}, "numpymmap_fs_dax1": {"open_time": 2.7131309509277344, "copy_time": 3.8152899742126465, "close_persist_time": 0.5957379341125488}, "pymm_dram_fs_dax0": {"open_time": 1.219353199005127, "copy_time": 4.403528690338135, "close_persist_time": 0.48970508575439453}, "pymm_dram_fs_dax1": {"open_time": 3.0897903442382812, "copy_time": 4.404408693313599, "close_persist_time": 0.5961074829101562}, "pymm_dram_dev_dax0": {"open_time": 0.8798506259918213, "copy_time": 4.29844331741333, "close_persist_time": 0.49076151847839355}, "pymm_dram_dev_dax1": {"open_time": 2.097137451171875, "copy_time": 4.398486375808716, "close_persist_time": 0.595883846282959}, "pymm_dram_nvme": {"open_time": 1.234964370727539, "copy_time": 4.012041807174683, "close_persist_time": 0.13599038124084473}, "ndarray_save_dram_nvme": {"open_time": 1.0023488998413086, "copy_time": 1.6537895202636719, "close_persist_time": 1.0346946716308594}, "ndarray_save_dram_fs_dax0": {"open_time": 0.6449108123779297, "copy_time": 1.6419546604156494, "close_persist_time": 0.6609756946563721}, "ndarray_save_dram_fs_dax1": {"open_time": 2.3299200534820557, "copy_time": 1.6189866065979004, "close_persist_time": 2.3286495208740234}}