{"dram": {"open_time": 1.8358230590820312e-05, "copy_time": 1.3814716339111328, "close_persist_time": 0}, "numpymmap_nvme": {"open_time": 1.4297237396240234, "copy_time": 4.048744201660156, "close_persist_time": 0.3403592109680176}, "numpymmap_fs_dax0": {"open_time": 1.1498527526855469, "copy_time": 3.876807689666748, "close_persist_time": 0.4915742874145508}, "numpymmap_fs_dax1": {"open_time": 2.715193748474121, "copy_time": 3.959299325942993, "close_persist_time": 0.6798124313354492}, "pymm_dram_fs_dax0": {"open_time": 1.2197988033294678, "copy_time": 4.655144453048706, "close_persist_time": 0.49081993103027344}, "pymm_dram_fs_dax1": {"open_time": 3.0753419399261475, "copy_time": 4.695034742355347, "close_persist_time": 0.6818063259124756}, "pymm_dram_dev_dax0": {"open_time": 0.881742000579834, "copy_time": 4.573935508728027, "close_persist_time": 0.4930579662322998}, "pymm_dram_dev_dax1": {"open_time": 2.095114231109619, "copy_time": 4.7245683670043945, "close_persist_time": 0.679652214050293}, "pymm_dram_nvme": {"open_time": 1.243422269821167, "copy_time": 4.385621786117554, "close_persist_time": 0.20522785186767578}, "ndarray_save_dram_nvme": {"open_time": 0.9940793514251709, "copy_time": 1.704188585281372, "close_persist_time": 1.053187370300293}, "ndarray_save_dram_fs_dax0": {"open_time": 0.6631126403808594, "copy_time": 1.713296890258789, "close_persist_time": 0.6783478260040283}, "ndarray_save_dram_fs_dax1": {"open_time": 2.3328306674957275, "copy_time": 1.677074670791626, "close_persist_time": 2.334446668624878}}