{"dram": {"open_time": 1.6927719116210938e-05, "copy_time": 6.154756307601929, "close_persist_time": 0}, "numpymmap_nvme": {"open_time": 1.413567066192627, "copy_time": 6.439502716064453, "close_persist_time": 0.30713486671447754}, "numpymmap_fs_dax0": {"open_time": 1.141660451889038, "copy_time": 7.72087550163269, "close_persist_time": 0.4901716709136963}, "numpymmap_fs_dax1": {"open_time": 2.7126922607421875, "copy_time": 25.374168872833252, "close_persist_time": 0.5968244075775146}, "pymm_dram_fs_dax0": {"open_time": 1.237962245941162, "copy_time": 7.753052711486816, "close_persist_time": 0.4893672466278076}, "pymm_dram_fs_dax1": {"open_time": 3.068871021270752, "copy_time": 25.395126342773438, "close_persist_time": 0.5957958698272705}, "pymm_dram_dev_dax0": {"open_time": 0.8779399394989014, "copy_time": 7.643691778182983, "close_persist_time": 0.4894835948944092}, "pymm_dram_dev_dax1": {"open_time": 2.090529680252075, "copy_time": 25.53444790840149, "close_persist_time": 0.5952467918395996}, "pymm_dram_nvme": {"open_time": 1.2389237880706787, "copy_time": 6.69645357131958, "close_persist_time": 0.13630986213684082}, "ndarray_save_dram_nvme": {"open_time": 0.9934220314025879, "copy_time": 6.746585369110107, "close_persist_time": 1.0472114086151123}, "ndarray_save_dram_fs_dax0": {"open_time": 0.6510434150695801, "copy_time": 6.580830097198486, "close_persist_time": 0.6794078350067139}, "ndarray_save_dram_fs_dax1": {"open_time": 2.3297793865203857, "copy_time": 6.552376747131348, "close_persist_time": 2.330963134765625}}