{"dram": {"open_time": 1.9311904907226562e-05, "copy_time": 1.445232629776001, "close_persist_time": 0}, "numpymmap_nvme": {"open_time": 1.4420356750488281, "copy_time": 4.165490388870239, "close_persist_time": 0.33479976654052734}, "numpymmap_fs_dax0": {"open_time": 1.1472246646881104, "copy_time": 3.986604690551758, "close_persist_time": 0.4906747341156006}, "numpymmap_fs_dax1": {"open_time": 2.7159860134124756, "copy_time": 4.04858922958374, "close_persist_time": 0.5989527702331543}, "pymm_dram_fs_dax0": {"open_time": 1.2408037185668945, "copy_time": 4.552597761154175, "close_persist_time": 0.4903907775878906}, "pymm_dram_fs_dax1": {"open_time": 3.0790228843688965, "copy_time": 4.58134388923645, "close_persist_time": 0.596060037612915}, "pymm_dram_dev_dax0": {"open_time": 0.8805296421051025, "copy_time": 4.4659199714660645, "close_persist_time": 0.490753173828125}, "pymm_dram_dev_dax1": {"open_time": 2.0913779735565186, "copy_time": 4.543890476226807, "close_persist_time": 0.5952231884002686}, "pymm_dram_nvme": {"open_time": 1.2373855113983154, "copy_time": 4.165044546127319, "close_persist_time": 0.1359560489654541}, "ndarray_save_dram_nvme": {"open_time": 1.0066235065460205, "copy_time": 1.7784831523895264, "close_persist_time": 1.0226826667785645}, "ndarray_save_dram_fs_dax0": {"open_time": 0.6549336910247803, "copy_time": 1.7777769565582275, "close_persist_time": 0.66729736328125}, "ndarray_save_dram_fs_dax1": {"open_time": 2.3316221237182617, "copy_time": 1.7546930313110352, "close_persist_time": 2.328883171081543}}