{"dram": {"open_time": 2.0742416381835938e-05, "copy_time": 7.902463436126709, "close_persist_time": 0}, "numpymmap_nvme": {"open_time": 1.4374914169311523, "copy_time": 10.799696922302246, "close_persist_time": 0.3360159397125244}, "numpymmap_fs_dax0": {"open_time": 1.1350197792053223, "copy_time": 11.477509021759033, "close_persist_time": 0.4822843074798584}, "numpymmap_fs_dax1": {"open_time": 2.7116498947143555, "copy_time": 34.26667022705078, "close_persist_time": 0.5881810188293457}, "pymm_dram_fs_dax0": {"open_time": 1.220663070678711, "copy_time": 11.930972337722778, "close_persist_time": 0.4821338653564453}, "pymm_dram_fs_dax1": {"open_time": 3.073655366897583, "copy_time": 34.50661516189575, "close_persist_time": 0.5891463756561279}, "pymm_dram_dev_dax0": {"open_time": 0.8787622451782227, "copy_time": 11.884135007858276, "close_persist_time": 0.4822041988372803}, "pymm_dram_dev_dax1": {"open_time": 2.089494466781616, "copy_time": 34.72022724151611, "close_persist_time": 0.5893130302429199}, "pymm_dram_nvme": {"open_time": 1.2458012104034424, "copy_time": 12.061193704605103, "close_persist_time": 0.13637757301330566}, "ndarray_save_dram_nvme": {"open_time": 0.9925332069396973, "copy_time": 8.332585334777832, "close_persist_time": 1.0572783946990967}, "ndarray_save_dram_fs_dax0": {"open_time": 0.6510729789733887, "copy_time": 8.122153043746948, "close_persist_time": 0.6780977249145508}, "ndarray_save_dram_fs_dax1": {"open_time": 2.3310229778289795, "copy_time": 8.106393575668335, "close_persist_time": 2.33257794380188}}