{"dram": {"open_time": 1.4066696166992188e-05, "copy_time": 1.2932918071746826, "close_persist_time": 0}, "numpymmap_nvme": {"open_time": 1.4220709800720215, "copy_time": 4.110764026641846, "close_persist_time": 0.31206655502319336}, "numpymmap_fs_dax0": {"open_time": 1.1368353366851807, "copy_time": 3.8270516395568848, "close_persist_time": 0.4890716075897217}, "numpymmap_fs_dax1": {"open_time": 2.710738182067871, "copy_time": 3.869194269180298, "close_persist_time": 0.5959436893463135}, "pymm_dram_fs_dax0": {"open_time": 1.237513542175293, "copy_time": 4.39365553855896, "close_persist_time": 0.4906296730041504}, "pymm_dram_fs_dax1": {"open_time": 3.074470281600952, "copy_time": 4.441624164581299, "close_persist_time": 0.5949971675872803}, "pymm_dram_dev_dax0": {"open_time": 0.8797850608825684, "copy_time": 4.363302946090698, "close_persist_time": 0.48947906494140625}, "pymm_dram_dev_dax1": {"open_time": 2.0909736156463623, "copy_time": 4.465853452682495, "close_persist_time": 0.5950493812561035}, "pymm_dram_nvme": {"open_time": 1.2354474067687988, "copy_time": 4.113649368286133, "close_persist_time": 0.13612914085388184}, "ndarray_save_dram_nvme": {"open_time": 1.0992310047149658, "copy_time": 1.609832525253296, "close_persist_time": 1.0257201194763184}, "ndarray_save_dram_fs_dax0": {"open_time": 0.6520154476165771, "copy_time": 1.5954840183258057, "close_persist_time": 0.6674973964691162}, "ndarray_save_dram_fs_dax1": {"open_time": 2.3268065452575684, "copy_time": 1.577329158782959, "close_persist_time": 2.331610679626465}}