{"dram": {"open_time": 1.9550323486328125e-05, "copy_time": 1.9571785926818848, "close_persist_time": 0}, "numpymmap_nvme": {"open_time": 1.4376068115234375, "copy_time": 4.6831748485565186, "close_persist_time": 0.3492088317871094}, "numpymmap_fs_dax0": {"open_time": 1.1455786228179932, "copy_time": 5.695096969604492, "close_persist_time": 0.49695348739624023}, "numpymmap_fs_dax1": {"open_time": 2.7121753692626953, "copy_time": 6.308206558227539, "close_persist_time": 0.6554374694824219}, "pymm_dram_fs_dax0": {"open_time": 1.2378485202789307, "copy_time": 6.223742961883545, "close_persist_time": 0.4962131977081299}, "pymm_dram_fs_dax1": {"open_time": 3.0747461318969727, "copy_time": 6.765766382217407, "close_persist_time": 0.6528832912445068}, "pymm_dram_dev_dax0": {"open_time": 0.8803889751434326, "copy_time": 6.1917572021484375, "close_persist_time": 0.497011661529541}, "pymm_dram_dev_dax1": {"open_time": 2.094770669937134, "copy_time": 6.7869553565979, "close_persist_time": 0.6477930545806885}, "pymm_dram_nvme": {"open_time": 1.2397847175598145, "copy_time": 5.224838972091675, "close_persist_time": 0.13693499565124512}, "ndarray_save_dram_nvme": {"open_time": 1.01582670211792, "copy_time": 2.257194995880127, "close_persist_time": 1.1375510692596436}, "ndarray_save_dram_fs_dax0": {"open_time": 0.6861100196838379, "copy_time": 2.2396247386932373, "close_persist_time": 0.6791932582855225}, "ndarray_save_dram_fs_dax1": {"open_time": 2.329559087753296, "copy_time": 2.2050347328186035, "close_persist_time": 2.3330514430999756}}