{"dram": {"open_time": 1.3113021850585938e-05, "copy_time": 5.491744041442871, "close_persist_time": 0}, "numpymmap_nvme": {"open_time": 1.425222635269165, "copy_time": 5.826131105422974, "close_persist_time": 0.35181093215942383}, "numpymmap_fs_dax0": {"open_time": 1.133845329284668, "copy_time": 5.742531061172485, "close_persist_time": 0.48227500915527344}, "numpymmap_fs_dax1": {"open_time": 2.7110862731933594, "copy_time": 25.727270126342773, "close_persist_time": 0.5891587734222412}, "pymm_dram_fs_dax0": {"open_time": 1.2381243705749512, "copy_time": 5.846492052078247, "close_persist_time": 0.48129749298095703}, "pymm_dram_fs_dax1": {"open_time": 3.0753228664398193, "copy_time": 25.739267826080322, "close_persist_time": 0.5885381698608398}, "pymm_dram_dev_dax0": {"open_time": 0.8784387111663818, "copy_time": 6.010287523269653, "close_persist_time": 0.4822568893432617}, "pymm_dram_dev_dax1": {"open_time": 2.0916783809661865, "copy_time": 25.902451515197754, "close_persist_time": 0.5888524055480957}, "pymm_dram_nvme": {"open_time": 1.2375590801239014, "copy_time": 6.049412250518799, "close_persist_time": 0.13457202911376953}, "ndarray_save_dram_nvme": {"open_time": 0.9983134269714355, "copy_time": 5.781149864196777, "close_persist_time": 1.0328497886657715}, "ndarray_save_dram_fs_dax0": {"open_time": 0.6542015075683594, "copy_time": 5.590484142303467, "close_persist_time": 0.6786808967590332}, "ndarray_save_dram_fs_dax1": {"open_time": 2.3302454948425293, "copy_time": 5.588327646255493, "close_persist_time": 2.332049608230591}}