{"dram": {"open_time": 1.9550323486328125e-05, "copy_time": 1.3853414058685303, "close_persist_time": 0}, "numpymmap_nvme": {"open_time": 1.4186456203460693, "copy_time": 4.080428838729858, "close_persist_time": 0.31357884407043457}, "numpymmap_fs_dax0": {"open_time": 1.153991460800171, "copy_time": 3.943514585494995, "close_persist_time": 0.4919452667236328}, "numpymmap_fs_dax1": {"open_time": 2.720724105834961, "copy_time": 4.025270938873291, "close_persist_time": 0.6814472675323486}, "pymm_dram_fs_dax0": {"open_time": 1.2193055152893066, "copy_time": 4.66693115234375, "close_persist_time": 0.4904191493988037}, "pymm_dram_fs_dax1": {"open_time": 3.077047348022461, "copy_time": 4.685133695602417, "close_persist_time": 0.6815536022186279}, "pymm_dram_dev_dax0": {"open_time": 0.8793237209320068, "copy_time": 4.600077152252197, "close_persist_time": 0.49360156059265137}, "pymm_dram_dev_dax1": {"open_time": 2.0937490463256836, "copy_time": 4.660154104232788, "close_persist_time": 0.6800458431243896}, "pymm_dram_nvme": {"open_time": 1.254636526107788, "copy_time": 4.538713455200195, "close_persist_time": 0.13726377487182617}, "ndarray_save_dram_nvme": {"open_time": 0.9941635131835938, "copy_time": 1.7026748657226562, "close_persist_time": 1.0286366939544678}, "ndarray_save_dram_fs_dax0": {"open_time": 0.6630990505218506, "copy_time": 1.7595820426940918, "close_persist_time": 0.6779792308807373}, "ndarray_save_dram_fs_dax1": {"open_time": 2.330364465713501, "copy_time": 1.6786563396453857, "close_persist_time": 2.331364631652832}}