{"dram": {"open_time": 1.621246337890625e-05, "copy_time": 6.228455066680908, "close_persist_time": 0}, "numpymmap_nvme": {"open_time": 1.4126770496368408, "copy_time": 6.481938123703003, "close_persist_time": 0.33327221870422363}, "numpymmap_fs_dax0": {"open_time": 1.1319160461425781, "copy_time": 7.578001022338867, "close_persist_time": 0.48973822593688965}, "numpymmap_fs_dax1": {"open_time": 2.7160003185272217, "copy_time": 25.383145093917847, "close_persist_time": 0.5966415405273438}, "pymm_dram_fs_dax0": {"open_time": 1.2261416912078857, "copy_time": 7.636955499649048, "close_persist_time": 0.48918604850769043}, "pymm_dram_fs_dax1": {"open_time": 3.072413206100464, "copy_time": 25.39493155479431, "close_persist_time": 0.595973014831543}, "pymm_dram_dev_dax0": {"open_time": 0.876997709274292, "copy_time": 7.7424635887146, "close_persist_time": 0.49025487899780273}, "pymm_dram_dev_dax1": {"open_time": 2.0943286418914795, "copy_time": 25.43286919593811, "close_persist_time": 0.5961525440216064}, "pymm_dram_nvme": {"open_time": 1.241671085357666, "copy_time": 6.706164360046387, "close_persist_time": 0.13623762130737305}, "ndarray_save_dram_nvme": {"open_time": 1.0109567642211914, "copy_time": 6.77976131439209, "close_persist_time": 1.029914140701294}, "ndarray_save_dram_fs_dax0": {"open_time": 0.6549344062805176, "copy_time": 6.593094825744629, "close_persist_time": 0.6715936660766602}, "ndarray_save_dram_fs_dax1": {"open_time": 2.3350863456726074, "copy_time": 6.578948497772217, "close_persist_time": 2.330824851989746}}