{"dram": {"open_time": 1.7642974853515625e-05, "copy_time": 1.321249008178711, "close_persist_time": 0}, "numpymmap_nvme": {"open_time": 1.401444673538208, "copy_time": 4.01028037071228, "close_persist_time": 0.3029212951660156}, "numpymmap_fs_dax0": {"open_time": 1.1463079452514648, "copy_time": 3.736799478530884, "close_persist_time": 0.4895482063293457}, "numpymmap_fs_dax1": {"open_time": 2.7138302326202393, "copy_time": 3.80181622505188, "close_persist_time": 0.5963954925537109}, "pymm_dram_fs_dax0": {"open_time": 1.2271616458892822, "copy_time": 4.488345623016357, "close_persist_time": 0.49025750160217285}, "pymm_dram_fs_dax1": {"open_time": 3.0781784057617188, "copy_time": 4.5339813232421875, "close_persist_time": 0.5968608856201172}, "pymm_dram_dev_dax0": {"open_time": 0.8802506923675537, "copy_time": 4.422732353210449, "close_persist_time": 0.49074530601501465}, "pymm_dram_dev_dax1": {"open_time": 2.096784830093384, "copy_time": 4.520938158035278, "close_persist_time": 0.5961518287658691}, "pymm_dram_nvme": {"open_time": 1.2401759624481201, "copy_time": 4.130944728851318, "close_persist_time": 0.13601303100585938}, "ndarray_save_dram_nvme": {"open_time": 0.9819204807281494, "copy_time": 1.6574773788452148, "close_persist_time": 1.0278005599975586}, "ndarray_save_dram_fs_dax0": {"open_time": 0.6547257900238037, "copy_time": 1.6588373184204102, "close_persist_time": 0.6710019111633301}, "ndarray_save_dram_fs_dax1": {"open_time": 2.3333261013031006, "copy_time": 1.6405818462371826, "close_persist_time": 2.3311710357666016}}