{"dram": {"open_time": 1.8596649169921875e-05, "copy_time": 7.841260671615601, "close_persist_time": 0}, "numpymmap_nvme": {"open_time": 1.4558589458465576, "copy_time": 10.34845757484436, "close_persist_time": 0.3426322937011719}, "numpymmap_fs_dax0": {"open_time": 1.144698143005371, "copy_time": 11.195780038833618, "close_persist_time": 0.4823181629180908}, "numpymmap_fs_dax1": {"open_time": 2.709336280822754, "copy_time": 34.01823091506958, "close_persist_time": 0.5896878242492676}, "pymm_dram_fs_dax0": {"open_time": 1.2372026443481445, "copy_time": 11.697030067443848, "close_persist_time": 0.48166775703430176}, "pymm_dram_fs_dax1": {"open_time": 3.0723845958709717, "copy_time": 34.44896125793457, "close_persist_time": 0.5889291763305664}, "pymm_dram_dev_dax0": {"open_time": 0.8788754940032959, "copy_time": 11.711182832717896, "close_persist_time": 0.4821958541870117}, "pymm_dram_dev_dax1": {"open_time": 2.0946996212005615, "copy_time": 34.67119073867798, "close_persist_time": 0.5894613265991211}, "pymm_dram_nvme": {"open_time": 1.2456908226013184, "copy_time": 10.521286010742188, "close_persist_time": 0.1359846591949463}, "ndarray_save_dram_nvme": {"open_time": 1.0000889301300049, "copy_time": 8.005536794662476, "close_persist_time": 1.0213265419006348}, "ndarray_save_dram_fs_dax0": {"open_time": 0.6541051864624023, "copy_time": 7.981579780578613, "close_persist_time": 1.1891109943389893}, "ndarray_save_dram_fs_dax1": {"open_time": 2.3310277462005615, "copy_time": 7.950469017028809, "close_persist_time": 2.3324527740478516}}