{"dram": {"open_time": 1.4543533325195312e-05, "copy_time": 1.3570811748504639, "close_persist_time": 0}, "numpymmap_nvme": {"open_time": 1.431009292602539, "copy_time": 4.137202501296997, "close_persist_time": 0.3314018249511719}, "numpymmap_fs_dax0": {"open_time": 1.1450536251068115, "copy_time": 3.802135467529297, "close_persist_time": 0.4903833866119385}, "numpymmap_fs_dax1": {"open_time": 2.7136480808258057, "copy_time": 3.872340679168701, "close_persist_time": 0.5955820083618164}, "pymm_dram_fs_dax0": {"open_time": 1.238551378250122, "copy_time": 4.426907300949097, "close_persist_time": 0.48964834213256836}, "pymm_dram_fs_dax1": {"open_time": 3.0704147815704346, "copy_time": 4.481979846954346, "close_persist_time": 0.5953888893127441}, "pymm_dram_dev_dax0": {"open_time": 0.878711462020874, "copy_time": 4.359365701675415, "close_persist_time": 0.4897432327270508}, "pymm_dram_dev_dax1": {"open_time": 2.0917553901672363, "copy_time": 4.466237783432007, "close_persist_time": 0.5950264930725098}, "pymm_dram_nvme": {"open_time": 1.235630750656128, "copy_time": 4.1143105030059814, "close_persist_time": 0.13428092002868652}, "ndarray_save_dram_nvme": {"open_time": 1.004695177078247, "copy_time": 1.6468336582183838, "close_persist_time": 1.0764248371124268}, "ndarray_save_dram_fs_dax0": {"open_time": 0.6509740352630615, "copy_time": 1.6435036659240723, "close_persist_time": 0.6673471927642822}, "ndarray_save_dram_fs_dax1": {"open_time": 2.3305671215057373, "copy_time": 1.6237561702728271, "close_persist_time": 2.327974319458008}}