{"dram": {"open_time": 1.5497207641601562e-05, "copy_time": 6.121076345443726, "close_persist_time": 0}, "numpymmap_nvme": {"open_time": 1.4064781665802002, "copy_time": 6.400069952011108, "close_persist_time": 0.3189737796783447}, "numpymmap_fs_dax0": {"open_time": 1.1322870254516602, "copy_time": 7.744215965270996, "close_persist_time": 0.4903075695037842}, "numpymmap_fs_dax1": {"open_time": 2.715383529663086, "copy_time": 25.404894590377808, "close_persist_time": 0.5963482856750488}, "pymm_dram_fs_dax0": {"open_time": 1.2372386455535889, "copy_time": 7.750283479690552, "close_persist_time": 0.48943281173706055}, "pymm_dram_fs_dax1": {"open_time": 3.0709800720214844, "copy_time": 25.519948720932007, "close_persist_time": 0.5958895683288574}, "pymm_dram_dev_dax0": {"open_time": 0.8680803775787354, "copy_time": 7.564177751541138, "close_persist_time": 0.4910893440246582}, "pymm_dram_dev_dax1": {"open_time": 2.103294849395752, "copy_time": 25.413058757781982, "close_persist_time": 0.5962073802947998}, "pymm_dram_nvme": {"open_time": 1.2471222877502441, "copy_time": 6.661025762557983, "close_persist_time": 0.1354978084564209}, "ndarray_save_dram_nvme": {"open_time": 0.9756267070770264, "copy_time": 6.77114200592041, "close_persist_time": 1.0608787536621094}, "ndarray_save_dram_fs_dax0": {"open_time": 0.644174337387085, "copy_time": 6.585372447967529, "close_persist_time": 0.6797878742218018}, "ndarray_save_dram_fs_dax1": {"open_time": 2.3300514221191406, "copy_time": 6.577986478805542, "close_persist_time": 2.331247329711914}}