{"dram": {"open_time": 2.193450927734375e-05, "copy_time": 2.1392428874969482, "close_persist_time": 0}, "numpymmap_nvme": {"open_time": 1.4042556285858154, "copy_time": 4.860047101974487, "close_persist_time": 0.3172304630279541}, "numpymmap_fs_dax0": {"open_time": 1.136258840560913, "copy_time": 5.883742094039917, "close_persist_time": 0.4958658218383789}, "numpymmap_fs_dax1": {"open_time": 2.7071635723114014, "copy_time": 6.512120008468628, "close_persist_time": 0.6523818969726562}, "pymm_dram_fs_dax0": {"open_time": 1.223980188369751, "copy_time": 6.4958226680755615, "close_persist_time": 0.49530506134033203}, "pymm_dram_fs_dax1": {"open_time": 3.0755655765533447, "copy_time": 6.917497634887695, "close_persist_time": 0.652008056640625}, "pymm_dram_dev_dax0": {"open_time": 0.8656558990478516, "copy_time": 6.357195854187012, "close_persist_time": 0.4963808059692383}, "pymm_dram_dev_dax1": {"open_time": 2.092989921569824, "copy_time": 6.96511697769165, "close_persist_time": 0.6476659774780273}, "pymm_dram_nvme": {"open_time": 1.2463831901550293, "copy_time": 4.945233583450317, "close_persist_time": 0.13517022132873535}, "ndarray_save_dram_nvme": {"open_time": 1.0227386951446533, "copy_time": 2.364262580871582, "close_persist_time": 1.0395045280456543}, "ndarray_save_dram_fs_dax0": {"open_time": 0.6573574542999268, "copy_time": 2.350848913192749, "close_persist_time": 0.6791765689849854}, "ndarray_save_dram_fs_dax1": {"open_time": 2.3296873569488525, "copy_time": 2.3361239433288574, "close_persist_time": 2.331904888153076}}