{"dram": {"open_time": 1.2874603271484375e-05, "copy_time": 5.464966058731079, "close_persist_time": 0}, "numpymmap_nvme": {"open_time": 1.4354045391082764, "copy_time": 5.853365182876587, "close_persist_time": 0.34728121757507324}, "numpymmap_fs_dax0": {"open_time": 1.1444666385650635, "copy_time": 5.727692365646362, "close_persist_time": 0.48249077796936035}, "numpymmap_fs_dax1": {"open_time": 2.71062970161438, "copy_time": 25.70725679397583, "close_persist_time": 0.5891246795654297}, "pymm_dram_fs_dax0": {"open_time": 1.2385447025299072, "copy_time": 5.850030899047852, "close_persist_time": 0.48192858695983887}, "pymm_dram_fs_dax1": {"open_time": 3.0729801654815674, "copy_time": 25.751546621322632, "close_persist_time": 0.5876028537750244}, "pymm_dram_dev_dax0": {"open_time": 0.8730933666229248, "copy_time": 5.889413118362427, "close_persist_time": 0.4815077781677246}, "pymm_dram_dev_dax1": {"open_time": 2.092723846435547, "copy_time": 25.985175609588623, "close_persist_time": 0.5888698101043701}, "pymm_dram_nvme": {"open_time": 1.250152826309204, "copy_time": 6.099673748016357, "close_persist_time": 0.13611793518066406}, "ndarray_save_dram_nvme": {"open_time": 0.9892888069152832, "copy_time": 5.791946172714233, "close_persist_time": 1.0630724430084229}, "ndarray_save_dram_fs_dax0": {"open_time": 0.6629641056060791, "copy_time": 5.5914976596832275, "close_persist_time": 0.6791172027587891}, "ndarray_save_dram_fs_dax1": {"open_time": 2.327998161315918, "copy_time": 5.590179920196533, "close_persist_time": 2.3298826217651367}}