{"dram": {"open_time": 1.8835067749023438e-05, "copy_time": 1.4897329807281494, "close_persist_time": 0}, "numpymmap_nvme": {"open_time": 1.4171485900878906, "copy_time": 4.155457019805908, "close_persist_time": 0.3046152591705322}, "numpymmap_fs_dax0": {"open_time": 1.1470229625701904, "copy_time": 4.059037446975708, "close_persist_time": 0.4913208484649658}, "numpymmap_fs_dax1": {"open_time": 2.7157225608825684, "copy_time": 4.12091326713562, "close_persist_time": 0.6805496215820312}, "pymm_dram_fs_dax0": {"open_time": 1.2398872375488281, "copy_time": 4.631082534790039, "close_persist_time": 0.49238014221191406}, "pymm_dram_fs_dax1": {"open_time": 3.0793511867523193, "copy_time": 4.6777544021606445, "close_persist_time": 0.6802611351013184}, "pymm_dram_dev_dax0": {"open_time": 0.8711538314819336, "copy_time": 4.538684129714966, "close_persist_time": 0.4924957752227783}, "pymm_dram_dev_dax1": {"open_time": 2.0910654067993164, "copy_time": 4.692148685455322, "close_persist_time": 0.678370475769043}, "pymm_dram_nvme": {"open_time": 1.2415788173675537, "copy_time": 4.178624153137207, "close_persist_time": 0.13571858406066895}, "ndarray_save_dram_nvme": {"open_time": 0.991647481918335, "copy_time": 1.805908441543579, "close_persist_time": 1.019747257232666}, "ndarray_save_dram_fs_dax0": {"open_time": 0.6439762115478516, "copy_time": 1.7858445644378662, "close_persist_time": 0.6614413261413574}, "ndarray_save_dram_fs_dax1": {"open_time": 2.3380868434906006, "copy_time": 1.7746665477752686, "close_persist_time": 2.3298287391662598}}