{"dram": {"open_time": 2.2649765014648438e-05, "copy_time": 1.3891067504882812, "close_persist_time": 0}, "numpymmap_nvme": {"open_time": 1.423208475112915, "copy_time": 4.0570526123046875, "close_persist_time": 0.33793210983276367}, "numpymmap_fs_dax0": {"open_time": 1.1460983753204346, "copy_time": 3.9183177947998047, "close_persist_time": 0.49323296546936035}, "numpymmap_fs_dax1": {"open_time": 2.710891008377075, "copy_time": 4.000938415527344, "close_persist_time": 0.6811394691467285}, "pymm_dram_fs_dax0": {"open_time": 1.2379307746887207, "copy_time": 4.557306528091431, "close_persist_time": 0.491466760635376}, "pymm_dram_fs_dax1": {"open_time": 3.072118043899536, "copy_time": 4.602277755737305, "close_persist_time": 0.6811013221740723}, "pymm_dram_dev_dax0": {"open_time": 0.8706448078155518, "copy_time": 4.491911888122559, "close_persist_time": 0.4919774532318115}, "pymm_dram_dev_dax1": {"open_time": 2.088001251220703, "copy_time": 4.5773866176605225, "close_persist_time": 0.6785154342651367}, "pymm_dram_nvme": {"open_time": 1.2475471496582031, "copy_time": 4.279072523117065, "close_persist_time": 0.18599367141723633}, "ndarray_save_dram_nvme": {"open_time": 0.9917030334472656, "copy_time": 1.744706153869629, "close_persist_time": 1.0155479907989502}, "ndarray_save_dram_fs_dax0": {"open_time": 0.6629667282104492, "copy_time": 1.7581994533538818, "close_persist_time": 0.6791033744812012}, "ndarray_save_dram_fs_dax1": {"open_time": 2.3289263248443604, "copy_time": 1.7150309085845947, "close_persist_time": 2.328688144683838}}