{"dram": {"open_time": 1.7642974853515625e-05, "copy_time": 6.121536493301392, "close_persist_time": 0}, "numpymmap_nvme": {"open_time": 1.4236011505126953, "copy_time": 6.459319114685059, "close_persist_time": 0.3410487174987793}, "numpymmap_fs_dax0": {"open_time": 1.1312754154205322, "copy_time": 7.570117950439453, "close_persist_time": 0.48960137367248535}, "numpymmap_fs_dax1": {"open_time": 2.7154629230499268, "copy_time": 25.546430349349976, "close_persist_time": 0.5955898761749268}, "pymm_dram_fs_dax0": {"open_time": 1.2430088520050049, "copy_time": 7.8287389278411865, "close_persist_time": 0.490969181060791}, "pymm_dram_fs_dax1": {"open_time": 3.0738401412963867, "copy_time": 25.40626835823059, "close_persist_time": 0.5959944725036621}, "pymm_dram_dev_dax0": {"open_time": 0.8774838447570801, "copy_time": 7.7515952587127686, "close_persist_time": 0.49013757705688477}, "pymm_dram_dev_dax1": {"open_time": 2.0954744815826416, "copy_time": 25.532983541488647, "close_persist_time": 0.5963771343231201}, "pymm_dram_nvme": {"open_time": 1.250196933746338, "copy_time": 6.648542404174805, "close_persist_time": 0.13558363914489746}, "ndarray_save_dram_nvme": {"open_time": 1.0034196376800537, "copy_time": 6.788306474685669, "close_persist_time": 1.0208642482757568}, "ndarray_save_dram_fs_dax0": {"open_time": 0.649524450302124, "copy_time": 6.597498416900635, "close_persist_time": 0.6782410144805908}, "ndarray_save_dram_fs_dax1": {"open_time": 2.3327064514160156, "copy_time": 6.547135353088379, "close_persist_time": 2.326390027999878}}