{"dram": {"open_time": 2.002716064453125e-05, "copy_time": 1.9862174987792969, "close_persist_time": 0}, "numpymmap_nvme": {"open_time": 1.4018592834472656, "copy_time": 4.5813844203948975, "close_persist_time": 0.31516098976135254}, "numpymmap_fs_dax0": {"open_time": 1.1452984809875488, "copy_time": 5.672944784164429, "close_persist_time": 0.4968883991241455}, "numpymmap_fs_dax1": {"open_time": 2.7140705585479736, "copy_time": 6.276283025741577, "close_persist_time": 0.6547489166259766}, "pymm_dram_fs_dax0": {"open_time": 1.2252719402313232, "copy_time": 6.403362274169922, "close_persist_time": 0.4963829517364502}, "pymm_dram_fs_dax1": {"open_time": 3.076871633529663, "copy_time": 6.933312177658081, "close_persist_time": 0.6542143821716309}, "pymm_dram_dev_dax0": {"open_time": 0.8811373710632324, "copy_time": 6.3465282917022705, "close_persist_time": 0.497114896774292}, "pymm_dram_dev_dax1": {"open_time": 2.089001178741455, "copy_time": 6.98028302192688, "close_persist_time": 0.6480917930603027}, "pymm_dram_nvme": {"open_time": 1.252530574798584, "copy_time": 5.3347132205963135, "close_persist_time": 0.13643717765808105}, "ndarray_save_dram_nvme": {"open_time": 0.9896101951599121, "copy_time": 2.221012592315674, "close_persist_time": 1.0246565341949463}, "ndarray_save_dram_fs_dax0": {"open_time": 0.7521438598632812, "copy_time": 2.2282705307006836, "close_persist_time": 0.6773953437805176}, "ndarray_save_dram_fs_dax1": {"open_time": 2.338412284851074, "copy_time": 2.212437152862549, "close_persist_time": 2.3401942253112793}}