{"dram": {"open_time": 1.2874603271484375e-05, "copy_time": 5.459800958633423, "close_persist_time": 0}, "numpymmap_nvme": {"open_time": 1.4137568473815918, "copy_time": 5.841943025588989, "close_persist_time": 0.3156704902648926}, "numpymmap_fs_dax0": {"open_time": 1.1451406478881836, "copy_time": 5.7486395835876465, "close_persist_time": 0.4819455146789551}, "numpymmap_fs_dax1": {"open_time": 2.709510564804077, "copy_time": 25.741981983184814, "close_persist_time": 0.5891540050506592}, "pymm_dram_fs_dax0": {"open_time": 1.2382876873016357, "copy_time": 5.833333253860474, "close_persist_time": 0.481428861618042}, "pymm_dram_fs_dax1": {"open_time": 3.073974847793579, "copy_time": 25.767870664596558, "close_persist_time": 0.588604211807251}, "pymm_dram_dev_dax0": {"open_time": 0.8802988529205322, "copy_time": 5.930327653884888, "close_persist_time": 0.48218202590942383}, "pymm_dram_dev_dax1": {"open_time": 2.09574556350708, "copy_time": 26.051522254943848, "close_persist_time": 0.5889303684234619}, "pymm_dram_nvme": {"open_time": 1.2433571815490723, "copy_time": 6.0905985832214355, "close_persist_time": 0.1361219882965088}, "ndarray_save_dram_nvme": {"open_time": 0.9989626407623291, "copy_time": 5.791971206665039, "close_persist_time": 1.0538735389709473}, "ndarray_save_dram_fs_dax0": {"open_time": 0.6599113941192627, "copy_time": 5.6298134326934814, "close_persist_time": 0.6759457588195801}, "ndarray_save_dram_fs_dax1": {"open_time": 2.3356666564941406, "copy_time": 5.6278910636901855, "close_persist_time": 2.3361237049102783}}