{"dram": {"open_time": 2.0742416381835938e-05, "copy_time": 7.784381866455078, "close_persist_time": 0}, "numpymmap_nvme": {"open_time": 1.4415946006774902, "copy_time": 10.417134284973145, "close_persist_time": 0.33940863609313965}, "numpymmap_fs_dax0": {"open_time": 1.146834373474121, "copy_time": 11.218066930770874, "close_persist_time": 0.4822359085083008}, "numpymmap_fs_dax1": {"open_time": 2.712780475616455, "copy_time": 34.06054449081421, "close_persist_time": 0.5896286964416504}, "pymm_dram_fs_dax0": {"open_time": 1.2286345958709717, "copy_time": 11.742583274841309, "close_persist_time": 0.481778621673584}, "pymm_dram_fs_dax1": {"open_time": 3.071972608566284, "copy_time": 34.467883825302124, "close_persist_time": 0.5890934467315674}, "pymm_dram_dev_dax0": {"open_time": 0.8791079521179199, "copy_time": 11.72068476676941, "close_persist_time": 0.4823274612426758}, "pymm_dram_dev_dax1": {"open_time": 2.091465473175049, "copy_time": 34.80768346786499, "close_persist_time": 0.589447021484375}, "pymm_dram_nvme": {"open_time": 1.2391610145568848, "copy_time": 11.850025177001953, "close_persist_time": 0.13891100883483887}, "ndarray_save_dram_nvme": {"open_time": 0.9855480194091797, "copy_time": 8.262441158294678, "close_persist_time": 1.0410010814666748}, "ndarray_save_dram_fs_dax0": {"open_time": 0.647984504699707, "copy_time": 7.939526081085205, "close_persist_time": 0.678797721862793}, "ndarray_save_dram_fs_dax1": {"open_time": 2.3288233280181885, "copy_time": 7.966267347335815, "close_persist_time": 2.3287417888641357}}