{"dram": {"open_time": 1.5735626220703125e-05, "copy_time": 1.414750576019287, "close_persist_time": 0}, "numpymmap_nvme": {"open_time": 1.4393892288208008, "copy_time": 4.1261208057403564, "close_persist_time": 0.33319711685180664}, "numpymmap_fs_dax0": {"open_time": 1.1478583812713623, "copy_time": 3.8574066162109375, "close_persist_time": 0.4904215335845947}, "numpymmap_fs_dax1": {"open_time": 2.7139225006103516, "copy_time": 3.9060463905334473, "close_persist_time": 0.5956888198852539}, "pymm_dram_fs_dax0": {"open_time": 1.2402794361114502, "copy_time": 4.53536581993103, "close_persist_time": 0.490619421005249}, "pymm_dram_fs_dax1": {"open_time": 3.071925163269043, "copy_time": 4.590867280960083, "close_persist_time": 0.5951676368713379}, "pymm_dram_dev_dax0": {"open_time": 0.8802673816680908, "copy_time": 4.487107038497925, "close_persist_time": 0.48929429054260254}, "pymm_dram_dev_dax1": {"open_time": 2.092252492904663, "copy_time": 4.565575361251831, "close_persist_time": 0.5951399803161621}, "pymm_dram_nvme": {"open_time": 1.249006748199463, "copy_time": 4.2365803718566895, "close_persist_time": 0.19914579391479492}, "ndarray_save_dram_nvme": {"open_time": 1.0020864009857178, "copy_time": 1.730497121810913, "close_persist_time": 1.0322909355163574}, "ndarray_save_dram_fs_dax0": {"open_time": 0.643474817276001, "copy_time": 1.722886085510254, "close_persist_time": 0.6609618663787842}, "ndarray_save_dram_fs_dax1": {"open_time": 2.3279809951782227, "copy_time": 1.7042672634124756, "close_persist_time": 2.3311245441436768}}