{"dram": {"open_time": 1.8596649169921875e-05, "copy_time": 1.327538251876831, "close_persist_time": 0}, "numpymmap_nvme": {"open_time": 1.4584734439849854, "copy_time": 3.9598236083984375, "close_persist_time": 0.32842111587524414}, "numpymmap_fs_dax0": {"open_time": 1.1379015445709229, "copy_time": 3.758147716522217, "close_persist_time": 0.4917111396789551}, "numpymmap_fs_dax1": {"open_time": 2.7200756072998047, "copy_time": 3.8076179027557373, "close_persist_time": 0.5980625152587891}, "pymm_dram_fs_dax0": {"open_time": 1.2305610179901123, "copy_time": 4.378453493118286, "close_persist_time": 0.4905662536621094}, "pymm_dram_fs_dax1": {"open_time": 3.0735721588134766, "copy_time": 4.392585039138794, "close_persist_time": 0.5956177711486816}, "pymm_dram_dev_dax0": {"open_time": 0.8774511814117432, "copy_time": 4.301629066467285, "close_persist_time": 0.4908127784729004}, "pymm_dram_dev_dax1": {"open_time": 2.0907034873962402, "copy_time": 4.4268999099731445, "close_persist_time": 0.5955986976623535}, "pymm_dram_nvme": {"open_time": 1.235144853591919, "copy_time": 4.00199556350708, "close_persist_time": 0.18838262557983398}, "ndarray_save_dram_nvme": {"open_time": 1.0327911376953125, "copy_time": 1.642930507659912, "close_persist_time": 1.0430612564086914}, "ndarray_save_dram_fs_dax0": {"open_time": 0.6616551876068115, "copy_time": 1.6450328826904297, "close_persist_time": 0.6757497787475586}, "ndarray_save_dram_fs_dax1": {"open_time": 2.3416082859039307, "copy_time": 1.6177291870117188, "close_persist_time": 2.330296039581299}}