{"dram": {"open_time": 2.09808349609375e-05, "copy_time": 1.3770005702972412, "close_persist_time": 0}, "numpymmap_nvme": {"open_time": 1.4182026386260986, "copy_time": 4.059186220169067, "close_persist_time": 0.3333268165588379}, "numpymmap_fs_dax0": {"open_time": 1.146498203277588, "copy_time": 3.874122381210327, "close_persist_time": 0.4909954071044922}, "numpymmap_fs_dax1": {"open_time": 2.717639684677124, "copy_time": 3.9535024166107178, "close_persist_time": 0.6817724704742432}, "pymm_dram_fs_dax0": {"open_time": 1.331951379776001, "copy_time": 4.520097494125366, "close_persist_time": 0.49315905570983887}, "pymm_dram_fs_dax1": {"open_time": 3.0750954151153564, "copy_time": 4.573827266693115, "close_persist_time": 0.68070387840271}, "pymm_dram_dev_dax0": {"open_time": 0.8805277347564697, "copy_time": 4.4499430656433105, "close_persist_time": 0.4938313961029053}, "pymm_dram_dev_dax1": {"open_time": 2.0968878269195557, "copy_time": 4.569814205169678, "close_persist_time": 0.6779775619506836}, "pymm_dram_nvme": {"open_time": 1.244504690170288, "copy_time": 4.106579303741455, "close_persist_time": 0.13585758209228516}, "ndarray_save_dram_nvme": {"open_time": 1.0309901237487793, "copy_time": 1.6856331825256348, "close_persist_time": 1.042635440826416}, "ndarray_save_dram_fs_dax0": {"open_time": 0.6489241123199463, "copy_time": 1.6886882781982422, "close_persist_time": 0.6783664226531982}, "ndarray_save_dram_fs_dax1": {"open_time": 2.329580307006836, "copy_time": 1.6610620021820068, "close_persist_time": 2.3335492610931396}}