{"dram": {"open_time": 1.6689300537109375e-05, "copy_time": 1.329805612564087, "close_persist_time": 0}, "numpymmap_nvme": {"open_time": 1.4334726333618164, "copy_time": 3.8708078861236572, "close_persist_time": 0.3321051597595215}, "numpymmap_fs_dax0": {"open_time": 1.1457748413085938, "copy_time": 3.68860125541687, "close_persist_time": 0.49022841453552246}, "numpymmap_fs_dax1": {"open_time": 2.7124695777893066, "copy_time": 3.7257606983184814, "close_persist_time": 0.5959041118621826}, "pymm_dram_fs_dax0": {"open_time": 1.2278375625610352, "copy_time": 4.434466123580933, "close_persist_time": 0.4893665313720703}, "pymm_dram_fs_dax1": {"open_time": 3.078331470489502, "copy_time": 4.50674295425415, "close_persist_time": 0.5961968898773193}, "pymm_dram_dev_dax0": {"open_time": 0.8792316913604736, "copy_time": 4.393873453140259, "close_persist_time": 0.4905414581298828}, "pymm_dram_dev_dax1": {"open_time": 2.096158027648926, "copy_time": 4.461704254150391, "close_persist_time": 0.5964670181274414}, "pymm_dram_nvme": {"open_time": 1.2395193576812744, "copy_time": 4.062532663345337, "close_persist_time": 0.1358342170715332}, "ndarray_save_dram_nvme": {"open_time": 1.0188605785369873, "copy_time": 1.6380860805511475, "close_persist_time": 1.0531377792358398}, "ndarray_save_dram_fs_dax0": {"open_time": 0.6598258018493652, "copy_time": 1.630035400390625, "close_persist_time": 0.6777904033660889}, "ndarray_save_dram_fs_dax1": {"open_time": 2.331350803375244, "copy_time": 1.6043586730957031, "close_persist_time": 2.3325815200805664}}