{"dram": {"open_time": 1.811981201171875e-05, "copy_time": 1.9758763313293457, "close_persist_time": 0}, "numpymmap_nvme": {"open_time": 1.424565315246582, "copy_time": 4.626448154449463, "close_persist_time": 0.3525397777557373}, "numpymmap_fs_dax0": {"open_time": 1.1361298561096191, "copy_time": 5.71226692199707, "close_persist_time": 0.49566221237182617}, "numpymmap_fs_dax1": {"open_time": 2.709754228591919, "copy_time": 6.342499017715454, "close_persist_time": 0.6540477275848389}, "pymm_dram_fs_dax0": {"open_time": 1.2386178970336914, "copy_time": 6.25352144241333, "close_persist_time": 0.4967062473297119}, "pymm_dram_fs_dax1": {"open_time": 3.076577663421631, "copy_time": 6.772329330444336, "close_persist_time": 0.652501106262207}, "pymm_dram_dev_dax0": {"open_time": 0.878537654876709, "copy_time": 6.191527605056763, "close_persist_time": 0.4968576431274414}, "pymm_dram_dev_dax1": {"open_time": 2.0898029804229736, "copy_time": 6.786315679550171, "close_persist_time": 0.6466944217681885}, "pymm_dram_nvme": {"open_time": 1.2467665672302246, "copy_time": 4.788419961929321, "close_persist_time": 0.13533973693847656}, "ndarray_save_dram_nvme": {"open_time": 1.0179667472839355, "copy_time": 2.239375352859497, "close_persist_time": 1.0376853942871094}, "ndarray_save_dram_fs_dax0": {"open_time": 0.6485557556152344, "copy_time": 2.2235074043273926, "close_persist_time": 0.6657969951629639}, "ndarray_save_dram_fs_dax1": {"open_time": 2.330845594406128, "copy_time": 2.2085790634155273, "close_persist_time": 2.3291573524475098}}