{"dram": {"open_time": 1.7404556274414062e-05, "copy_time": 6.149012327194214, "close_persist_time": 0}, "numpymmap_nvme": {"open_time": 1.44199800491333, "copy_time": 6.396755218505859, "close_persist_time": 0.3390650749206543}, "numpymmap_fs_dax0": {"open_time": 1.1311204433441162, "copy_time": 7.719293594360352, "close_persist_time": 0.4903831481933594}, "numpymmap_fs_dax1": {"open_time": 2.7122092247009277, "copy_time": 25.37191677093506, "close_persist_time": 0.5968978404998779}, "pymm_dram_fs_dax0": {"open_time": 1.2302641868591309, "copy_time": 7.670412063598633, "close_persist_time": 0.48922014236450195}, "pymm_dram_fs_dax1": {"open_time": 3.0883426666259766, "copy_time": 25.49390959739685, "close_persist_time": 0.5955324172973633}, "pymm_dram_dev_dax0": {"open_time": 0.8729989528656006, "copy_time": 7.74080491065979, "close_persist_time": 0.4901163578033447}, "pymm_dram_dev_dax1": {"open_time": 2.095201015472412, "copy_time": 25.529011726379395, "close_persist_time": 0.5962252616882324}, "pymm_dram_nvme": {"open_time": 1.23311185836792, "copy_time": 6.602634429931641, "close_persist_time": 0.13480639457702637}, "ndarray_save_dram_nvme": {"open_time": 1.0031070709228516, "copy_time": 6.715269565582275, "close_persist_time": 1.048586368560791}, "ndarray_save_dram_fs_dax0": {"open_time": 0.651878833770752, "copy_time": 6.5738255977630615, "close_persist_time": 0.6723206043243408}, "ndarray_save_dram_fs_dax1": {"open_time": 2.3290228843688965, "copy_time": 6.632333040237427, "close_persist_time": 2.3375070095062256}}