{"dram": {"open_time": 1.2874603271484375e-05, "copy_time": 5.454060792922974, "close_persist_time": 0}, "numpymmap_nvme": {"open_time": 1.4277286529541016, "copy_time": 5.788935422897339, "close_persist_time": 0.3463578224182129}, "numpymmap_fs_dax0": {"open_time": 1.1337451934814453, "copy_time": 5.794088363647461, "close_persist_time": 0.482196569442749}, "numpymmap_fs_dax1": {"open_time": 2.7111117839813232, "copy_time": 25.768072843551636, "close_persist_time": 0.5889832973480225}, "pymm_dram_fs_dax0": {"open_time": 1.2291879653930664, "copy_time": 5.855281591415405, "close_persist_time": 0.4823441505432129}, "pymm_dram_fs_dax1": {"open_time": 3.0760672092437744, "copy_time": 25.773958206176758, "close_persist_time": 0.5883526802062988}, "pymm_dram_dev_dax0": {"open_time": 0.8781087398529053, "copy_time": 5.980160474777222, "close_persist_time": 0.48212671279907227}, "pymm_dram_dev_dax1": {"open_time": 2.089534044265747, "copy_time": 26.032943725585938, "close_persist_time": 0.5879168510437012}, "pymm_dram_nvme": {"open_time": 1.2409765720367432, "copy_time": 6.079942464828491, "close_persist_time": 0.13616108894348145}, "ndarray_save_dram_nvme": {"open_time": 0.9961130619049072, "copy_time": 5.764913320541382, "close_persist_time": 1.056995153427124}, "ndarray_save_dram_fs_dax0": {"open_time": 0.6509931087493896, "copy_time": 5.595491409301758, "close_persist_time": 0.6782455444335938}, "ndarray_save_dram_fs_dax1": {"open_time": 2.3311028480529785, "copy_time": 5.595877408981323, "close_persist_time": 2.3319082260131836}}