{"dram": {"open_time": 1.430511474609375e-05, "copy_time": 1.2978034019470215, "close_persist_time": 0}, "numpymmap_nvme": {"open_time": 1.4280264377593994, "copy_time": 4.067752361297607, "close_persist_time": 0.30202412605285645}, "numpymmap_fs_dax0": {"open_time": 1.1367716789245605, "copy_time": 3.8136417865753174, "close_persist_time": 0.4893977642059326}, "numpymmap_fs_dax1": {"open_time": 2.7131528854370117, "copy_time": 3.8847179412841797, "close_persist_time": 0.5958671569824219}, "pymm_dram_fs_dax0": {"open_time": 1.2402317523956299, "copy_time": 4.56244421005249, "close_persist_time": 0.4894990921020508}, "pymm_dram_fs_dax1": {"open_time": 3.075998306274414, "copy_time": 4.60065770149231, "close_persist_time": 0.5949463844299316}, "pymm_dram_dev_dax0": {"open_time": 0.8801219463348389, "copy_time": 4.494503021240234, "close_persist_time": 0.4893970489501953}, "pymm_dram_dev_dax1": {"open_time": 2.0961556434631348, "copy_time": 4.567853212356567, "close_persist_time": 0.5961244106292725}, "pymm_dram_nvme": {"open_time": 1.2455945014953613, "copy_time": 4.218218564987183, "close_persist_time": 0.18312835693359375}, "ndarray_save_dram_nvme": {"open_time": 1.0489578247070312, "copy_time": 1.6194555759429932, "close_persist_time": 1.0278253555297852}, "ndarray_save_dram_fs_dax0": {"open_time": 0.6573231220245361, "copy_time": 1.6218082904815674, "close_persist_time": 0.6730291843414307}, "ndarray_save_dram_fs_dax1": {"open_time": 2.333805799484253, "copy_time": 1.5923075675964355, "close_persist_time": 2.3341586589813232}}