{"dram": {"open_time": 2.0503997802734375e-05, "copy_time": 7.773100852966309, "close_persist_time": 0}, "numpymmap_nvme": {"open_time": 1.419165849685669, "copy_time": 10.473620414733887, "close_persist_time": 0.34230613708496094}, "numpymmap_fs_dax0": {"open_time": 1.1395151615142822, "copy_time": 11.303999662399292, "close_persist_time": 0.4828970432281494}, "numpymmap_fs_dax1": {"open_time": 2.709278106689453, "copy_time": 34.086376667022705, "close_persist_time": 0.5888993740081787}, "pymm_dram_fs_dax0": {"open_time": 1.219200611114502, "copy_time": 11.825281620025635, "close_persist_time": 0.48204970359802246}, "pymm_dram_fs_dax1": {"open_time": 3.072390079498291, "copy_time": 34.52668857574463, "close_persist_time": 0.5883910655975342}, "pymm_dram_dev_dax0": {"open_time": 0.8709816932678223, "copy_time": 11.80018138885498, "close_persist_time": 0.48223161697387695}, "pymm_dram_dev_dax1": {"open_time": 2.095855474472046, "copy_time": 34.8603515625, "close_persist_time": 0.5895769596099854}, "pymm_dram_nvme": {"open_time": 1.2462022304534912, "copy_time": 10.594346523284912, "close_persist_time": 0.1361689567565918}, "ndarray_save_dram_nvme": {"open_time": 1.0159878730773926, "copy_time": 7.964553594589233, "close_persist_time": 1.0440623760223389}, "ndarray_save_dram_fs_dax0": {"open_time": 0.6623556613922119, "copy_time": 8.15962266921997, "close_persist_time": 0.6871016025543213}, "ndarray_save_dram_fs_dax1": {"open_time": 2.329122304916382, "copy_time": 7.97476863861084, "close_persist_time": 2.3359010219573975}}