{"dram": {"open_time": 1.6450881958007812e-05, "copy_time": 6.156931638717651, "close_persist_time": 0}, "numpymmap_nvme": {"open_time": 1.4217228889465332, "copy_time": 6.485648155212402, "close_persist_time": 0.33723998069763184}, "numpymmap_fs_dax0": {"open_time": 1.1336984634399414, "copy_time": 7.773571729660034, "close_persist_time": 0.48992300033569336}, "numpymmap_fs_dax1": {"open_time": 2.7150137424468994, "copy_time": 25.509073972702026, "close_persist_time": 0.5964932441711426}, "pymm_dram_fs_dax0": {"open_time": 1.239839792251587, "copy_time": 7.786149740219116, "close_persist_time": 0.4905741214752197}, "pymm_dram_fs_dax1": {"open_time": 3.075134515762329, "copy_time": 25.427844047546387, "close_persist_time": 0.5949101448059082}, "pymm_dram_dev_dax0": {"open_time": 0.8714444637298584, "copy_time": 7.678887844085693, "close_persist_time": 0.48920559883117676}, "pymm_dram_dev_dax1": {"open_time": 2.096153736114502, "copy_time": 25.5227313041687, "close_persist_time": 0.5963270664215088}, "pymm_dram_nvme": {"open_time": 1.2439041137695312, "copy_time": 6.21702766418457, "close_persist_time": 0.1364293098449707}, "ndarray_save_dram_nvme": {"open_time": 1.00752592086792, "copy_time": 6.560662269592285, "close_persist_time": 1.0745117664337158}, "ndarray_save_dram_fs_dax0": {"open_time": 0.6630024909973145, "copy_time": 6.590421676635742, "close_persist_time": 0.6788167953491211}, "ndarray_save_dram_fs_dax1": {"open_time": 2.329436779022217, "copy_time": 6.789806365966797, "close_persist_time": 2.331592082977295}}