{"dram": {"open_time": 1.7642974853515625e-05, "copy_time": 1.3825457096099854, "close_persist_time": 0}, "numpymmap_nvme": {"open_time": 1.4270362854003906, "copy_time": 4.088468313217163, "close_persist_time": 0.32810449600219727}, "numpymmap_fs_dax0": {"open_time": 1.1365387439727783, "copy_time": 3.893277406692505, "close_persist_time": 0.49207544326782227}, "numpymmap_fs_dax1": {"open_time": 2.713456153869629, "copy_time": 3.929978609085083, "close_persist_time": 0.6808931827545166}, "pymm_dram_fs_dax0": {"open_time": 1.2199146747589111, "copy_time": 4.538263320922852, "close_persist_time": 0.4909179210662842}, "pymm_dram_fs_dax1": {"open_time": 3.0763278007507324, "copy_time": 4.612135410308838, "close_persist_time": 0.6795699596405029}, "pymm_dram_dev_dax0": {"open_time": 0.8678395748138428, "copy_time": 4.50270414352417, "close_persist_time": 0.4918701648712158}, "pymm_dram_dev_dax1": {"open_time": 2.0947415828704834, "copy_time": 4.602843761444092, "close_persist_time": 0.6765885353088379}, "pymm_dram_nvme": {"open_time": 1.23966646194458, "copy_time": 4.151694297790527, "close_persist_time": 0.15606403350830078}, "ndarray_save_dram_nvme": {"open_time": 1.073578119277954, "copy_time": 1.697197437286377, "close_persist_time": 1.0352504253387451}, "ndarray_save_dram_fs_dax0": {"open_time": 0.6631350517272949, "copy_time": 1.6984825134277344, "close_persist_time": 0.6785650253295898}, "ndarray_save_dram_fs_dax1": {"open_time": 2.3295247554779053, "copy_time": 1.6704154014587402, "close_persist_time": 2.3281004428863525}}