{"dram": {"open_time": 1.1920928955078125e-05, "copy_time": 5.454116582870483, "close_persist_time": 0}, "numpymmap_nvme": {"open_time": 1.4230306148529053, "copy_time": 5.8131585121154785, "close_persist_time": 0.3535149097442627}, "numpymmap_fs_dax0": {"open_time": 1.1336650848388672, "copy_time": 5.7244956493377686, "close_persist_time": 0.4819376468658447}, "numpymmap_fs_dax1": {"open_time": 2.7127482891082764, "copy_time": 25.743849277496338, "close_persist_time": 0.5891571044921875}, "pymm_dram_fs_dax0": {"open_time": 1.2261557579040527, "copy_time": 5.888705492019653, "close_persist_time": 0.48154735565185547}, "pymm_dram_fs_dax1": {"open_time": 3.0789761543273926, "copy_time": 25.79077649116516, "close_persist_time": 0.5884044170379639}, "pymm_dram_dev_dax0": {"open_time": 0.8786661624908447, "copy_time": 6.051835060119629, "close_persist_time": 0.4816625118255615}, "pymm_dram_dev_dax1": {"open_time": 2.0979509353637695, "copy_time": 25.977331161499023, "close_persist_time": 0.588921070098877}, "pymm_dram_nvme": {"open_time": 1.248262643814087, "copy_time": 6.0699427127838135, "close_persist_time": 0.13620972633361816}, "ndarray_save_dram_nvme": {"open_time": 0.9862110614776611, "copy_time": 5.802647352218628, "close_persist_time": 1.0593676567077637}, "ndarray_save_dram_fs_dax0": {"open_time": 0.6541545391082764, "copy_time": 5.587306499481201, "close_persist_time": 0.6703298091888428}, "ndarray_save_dram_fs_dax1": {"open_time": 2.332690477371216, "copy_time": 5.59428071975708, "close_persist_time": 2.3508660793304443}}