{"dram": {"open_time": 1.8596649169921875e-05, "copy_time": 2.045194149017334, "close_persist_time": 0}, "numpymmap_nvme": {"open_time": 1.4283554553985596, "copy_time": 4.6535563468933105, "close_persist_time": 0.3451082706451416}, "numpymmap_fs_dax0": {"open_time": 1.1455843448638916, "copy_time": 5.689446687698364, "close_persist_time": 0.496107816696167}, "numpymmap_fs_dax1": {"open_time": 2.712815761566162, "copy_time": 6.34882664680481, "close_persist_time": 0.6527090072631836}, "pymm_dram_fs_dax0": {"open_time": 1.2273175716400146, "copy_time": 6.294946908950806, "close_persist_time": 0.4951462745666504}, "pymm_dram_fs_dax1": {"open_time": 3.0752716064453125, "copy_time": 6.763937711715698, "close_persist_time": 0.6516163349151611}, "pymm_dram_dev_dax0": {"open_time": 0.8710188865661621, "copy_time": 6.235144853591919, "close_persist_time": 0.4959745407104492}, "pymm_dram_dev_dax1": {"open_time": 2.0947113037109375, "copy_time": 6.800335645675659, "close_persist_time": 0.6479783058166504}, "pymm_dram_nvme": {"open_time": 1.2567541599273682, "copy_time": 5.26892614364624, "close_persist_time": 0.13567876815795898}, "ndarray_save_dram_nvme": {"open_time": 1.006235122680664, "copy_time": 2.2618558406829834, "close_persist_time": 1.1468126773834229}, "ndarray_save_dram_fs_dax0": {"open_time": 0.6753954887390137, "copy_time": 2.271639823913574, "close_persist_time": 0.6876072883605957}, "ndarray_save_dram_fs_dax1": {"open_time": 2.3317885398864746, "copy_time": 2.2329843044281006, "close_persist_time": 2.3312323093414307}}