{"dram": {"open_time": 2.09808349609375e-05, "copy_time": 1.3272130489349365, "close_persist_time": 0}, "numpymmap_nvme": {"open_time": 1.41609787940979, "copy_time": 4.04572868347168, "close_persist_time": 0.3097236156463623}, "numpymmap_fs_dax0": {"open_time": 1.1366758346557617, "copy_time": 3.791086196899414, "close_persist_time": 0.4905385971069336}, "numpymmap_fs_dax1": {"open_time": 2.716048240661621, "copy_time": 3.823988914489746, "close_persist_time": 0.5966949462890625}, "pymm_dram_fs_dax0": {"open_time": 1.23768949508667, "copy_time": 4.520607233047485, "close_persist_time": 0.49006223678588867}, "pymm_dram_fs_dax1": {"open_time": 3.0735156536102295, "copy_time": 4.519223690032959, "close_persist_time": 0.5942504405975342}, "pymm_dram_dev_dax0": {"open_time": 0.8781900405883789, "copy_time": 4.461449384689331, "close_persist_time": 0.4905996322631836}, "pymm_dram_dev_dax1": {"open_time": 2.095252752304077, "copy_time": 4.5784218311309814, "close_persist_time": 0.5965666770935059}, "pymm_dram_nvme": {"open_time": 1.246793508529663, "copy_time": 4.250977993011475, "close_persist_time": 0.20479369163513184}, "ndarray_save_dram_nvme": {"open_time": 0.9884366989135742, "copy_time": 1.703627586364746, "close_persist_time": 1.035496473312378}, "ndarray_save_dram_fs_dax0": {"open_time": 0.6512928009033203, "copy_time": 1.7062714099884033, "close_persist_time": 0.6670451164245605}, "ndarray_save_dram_fs_dax1": {"open_time": 2.329153299331665, "copy_time": 1.668792724609375, "close_persist_time": 2.3286001682281494}}