{"dram": {"open_time": 1.9788742065429688e-05, "copy_time": 7.9065306186676025, "close_persist_time": 0}, "numpymmap_nvme": {"open_time": 1.4215693473815918, "copy_time": 10.49363660812378, "close_persist_time": 0.3395719528198242}, "numpymmap_fs_dax0": {"open_time": 1.1437785625457764, "copy_time": 11.266358613967896, "close_persist_time": 0.4815943241119385}, "numpymmap_fs_dax1": {"open_time": 2.7122485637664795, "copy_time": 34.15516471862793, "close_persist_time": 0.5888113975524902}, "pymm_dram_fs_dax0": {"open_time": 1.2282063961029053, "copy_time": 11.863947629928589, "close_persist_time": 0.48096370697021484}, "pymm_dram_fs_dax1": {"open_time": 3.0741641521453857, "copy_time": 34.628148794174194, "close_persist_time": 0.589210033416748}, "pymm_dram_dev_dax0": {"open_time": 0.8785672187805176, "copy_time": 11.85834789276123, "close_persist_time": 0.4823017120361328}, "pymm_dram_dev_dax1": {"open_time": 2.0895652770996094, "copy_time": 34.8681378364563, "close_persist_time": 0.5895333290100098}, "pymm_dram_nvme": {"open_time": 1.2504284381866455, "copy_time": 12.109859228134155, "close_persist_time": 0.138840913772583}, "ndarray_save_dram_nvme": {"open_time": 1.006119728088379, "copy_time": 8.354817628860474, "close_persist_time": 1.0438532829284668}, "ndarray_save_dram_fs_dax0": {"open_time": 0.6440398693084717, "copy_time": 8.10261583328247, "close_persist_time": 0.678342342376709}, "ndarray_save_dram_fs_dax1": {"open_time": 2.326759099960327, "copy_time": 8.09769582748413, "close_persist_time": 2.3291738033294678}}