{"dram": {"open_time": 1.52587890625e-05, "copy_time": 1.304274320602417, "close_persist_time": 0}, "numpymmap_nvme": {"open_time": 1.409186601638794, "copy_time": 4.0931172370910645, "close_persist_time": 0.31460094451904297}, "numpymmap_fs_dax0": {"open_time": 1.144944190979004, "copy_time": 3.7928831577301025, "close_persist_time": 0.4904303550720215}, "numpymmap_fs_dax1": {"open_time": 2.713918447494507, "copy_time": 3.881037950515747, "close_persist_time": 0.595815896987915}, "pymm_dram_fs_dax0": {"open_time": 1.2265827655792236, "copy_time": 4.428419589996338, "close_persist_time": 0.48907923698425293}, "pymm_dram_fs_dax1": {"open_time": 3.0775554180145264, "copy_time": 4.432238578796387, "close_persist_time": 0.595109224319458}, "pymm_dram_dev_dax0": {"open_time": 0.8769097328186035, "copy_time": 4.322842836380005, "close_persist_time": 0.48911261558532715}, "pymm_dram_dev_dax1": {"open_time": 2.0909368991851807, "copy_time": 4.437345266342163, "close_persist_time": 0.5946414470672607}, "pymm_dram_nvme": {"open_time": 1.2419202327728271, "copy_time": 4.038836240768433, "close_persist_time": 0.13607525825500488}, "ndarray_save_dram_nvme": {"open_time": 0.9875187873840332, "copy_time": 1.6247832775115967, "close_persist_time": 1.0247511863708496}, "ndarray_save_dram_fs_dax0": {"open_time": 0.6517083644866943, "copy_time": 1.623110294342041, "close_persist_time": 0.6675910949707031}, "ndarray_save_dram_fs_dax1": {"open_time": 2.329800605773926, "copy_time": 1.6037695407867432, "close_persist_time": 2.3324670791625977}}