{"dram": {"open_time": 2.0265579223632812e-05, "copy_time": 1.3208816051483154, "close_persist_time": 0}, "numpymmap_nvme": {"open_time": 1.4109067916870117, "copy_time": 3.932839870452881, "close_persist_time": 0.30234479904174805}, "numpymmap_fs_dax0": {"open_time": 1.131415605545044, "copy_time": 3.713273286819458, "close_persist_time": 0.48960089683532715}, "numpymmap_fs_dax1": {"open_time": 2.7125463485717773, "copy_time": 3.7883644104003906, "close_persist_time": 0.5963397026062012}, "pymm_dram_fs_dax0": {"open_time": 1.2290198802947998, "copy_time": 4.427608251571655, "close_persist_time": 0.48984599113464355}, "pymm_dram_fs_dax1": {"open_time": 3.0826287269592285, "copy_time": 4.4660804271698, "close_persist_time": 0.5979690551757812}, "pymm_dram_dev_dax0": {"open_time": 0.8700337409973145, "copy_time": 4.347208023071289, "close_persist_time": 0.4907870292663574}, "pymm_dram_dev_dax1": {"open_time": 2.0959126949310303, "copy_time": 4.446606874465942, "close_persist_time": 0.5955054759979248}, "pymm_dram_nvme": {"open_time": 1.2455620765686035, "copy_time": 4.04509162902832, "close_persist_time": 0.17777609825134277}, "ndarray_save_dram_nvme": {"open_time": 1.0236661434173584, "copy_time": 1.6445012092590332, "close_persist_time": 1.0188207626342773}, "ndarray_save_dram_fs_dax0": {"open_time": 0.6633398532867432, "copy_time": 1.6541833877563477, "close_persist_time": 0.6776125431060791}, "ndarray_save_dram_fs_dax1": {"open_time": 2.328122138977051, "copy_time": 1.6215643882751465, "close_persist_time": 2.334604501724243}}