{"dram": {"open_time": 1.5020370483398438e-05, "copy_time": 6.134471893310547, "close_persist_time": 0}, "numpymmap_nvme": {"open_time": 1.4026999473571777, "copy_time": 6.398629903793335, "close_persist_time": 0.30677223205566406}, "numpymmap_fs_dax0": {"open_time": 1.1323506832122803, "copy_time": 7.611310958862305, "close_persist_time": 0.4884457588195801}, "numpymmap_fs_dax1": {"open_time": 2.7123444080352783, "copy_time": 25.401015043258667, "close_persist_time": 0.5957138538360596}, "pymm_dram_fs_dax0": {"open_time": 1.2258391380310059, "copy_time": 7.644164085388184, "close_persist_time": 0.4884781837463379}, "pymm_dram_fs_dax1": {"open_time": 3.0803751945495605, "copy_time": 25.517592430114746, "close_persist_time": 0.5961904525756836}, "pymm_dram_dev_dax0": {"open_time": 0.8763952255249023, "copy_time": 7.753220319747925, "close_persist_time": 0.4900197982788086}, "pymm_dram_dev_dax1": {"open_time": 2.092132806777954, "copy_time": 25.413675785064697, "close_persist_time": 0.5964679718017578}, "pymm_dram_nvme": {"open_time": 1.244891881942749, "copy_time": 6.678867340087891, "close_persist_time": 0.13647055625915527}, "ndarray_save_dram_nvme": {"open_time": 0.9934847354888916, "copy_time": 6.707991123199463, "close_persist_time": 1.0311617851257324}, "ndarray_save_dram_fs_dax0": {"open_time": 0.6444199085235596, "copy_time": 6.550832033157349, "close_persist_time": 0.678908109664917}, "ndarray_save_dram_fs_dax1": {"open_time": 2.3322722911834717, "copy_time": 6.554103851318359, "close_persist_time": 2.332115411758423}}