{"dram": {"open_time": 1.9550323486328125e-05, "copy_time": 1.3986096382141113, "close_persist_time": 0}, "numpymmap_nvme": {"open_time": 1.4030487537384033, "copy_time": 4.147930145263672, "close_persist_time": 0.30349040031433105}, "numpymmap_fs_dax0": {"open_time": 1.1448066234588623, "copy_time": 3.9024362564086914, "close_persist_time": 0.4929995536804199}, "numpymmap_fs_dax1": {"open_time": 2.7135205268859863, "copy_time": 3.97534441947937, "close_persist_time": 0.6816937923431396}, "pymm_dram_fs_dax0": {"open_time": 1.2257311344146729, "copy_time": 4.615945339202881, "close_persist_time": 0.4912381172180176}, "pymm_dram_fs_dax1": {"open_time": 3.077709674835205, "copy_time": 4.659261226654053, "close_persist_time": 0.6794006824493408}, "pymm_dram_dev_dax0": {"open_time": 0.8711738586425781, "copy_time": 4.561939239501953, "close_persist_time": 0.4930083751678467}, "pymm_dram_dev_dax1": {"open_time": 2.0921525955200195, "copy_time": 4.647531509399414, "close_persist_time": 0.6786150932312012}, "pymm_dram_nvme": {"open_time": 1.251990795135498, "copy_time": 4.180763006210327, "close_persist_time": 0.13569879531860352}, "ndarray_save_dram_nvme": {"open_time": 1.0175073146820068, "copy_time": 1.7207081317901611, "close_persist_time": 1.044191598892212}, "ndarray_save_dram_fs_dax0": {"open_time": 0.6540477275848389, "copy_time": 1.7225806713104248, "close_persist_time": 0.6709916591644287}, "ndarray_save_dram_fs_dax1": {"open_time": 2.3342788219451904, "copy_time": 1.698138952255249, "close_persist_time": 2.329035758972168}}