{"dram": {"open_time": 1.7881393432617188e-05, "copy_time": 1.9677252769470215, "close_persist_time": 0}, "numpymmap_nvme": {"open_time": 1.4223740100860596, "copy_time": 4.675100326538086, "close_persist_time": 0.3257155418395996}, "numpymmap_fs_dax0": {"open_time": 1.1356937885284424, "copy_time": 5.742531061172485, "close_persist_time": 0.49695515632629395}, "numpymmap_fs_dax1": {"open_time": 2.710724115371704, "copy_time": 6.377575635910034, "close_persist_time": 0.6531491279602051}, "pymm_dram_fs_dax0": {"open_time": 1.238849401473999, "copy_time": 6.270769119262695, "close_persist_time": 0.4960610866546631}, "pymm_dram_fs_dax1": {"open_time": 3.073730707168579, "copy_time": 6.839466094970703, "close_persist_time": 0.653418779373169}, "pymm_dram_dev_dax0": {"open_time": 0.8799562454223633, "copy_time": 6.222693681716919, "close_persist_time": 0.4968740940093994}, "pymm_dram_dev_dax1": {"open_time": 2.095682144165039, "copy_time": 6.840478181838989, "close_persist_time": 0.6482818126678467}, "pymm_dram_nvme": {"open_time": 1.2353315353393555, "copy_time": 5.2538230419158936, "close_persist_time": 0.13898110389709473}, "ndarray_save_dram_nvme": {"open_time": 1.0039310455322266, "copy_time": 2.271761178970337, "close_persist_time": 1.1509730815887451}, "ndarray_save_dram_fs_dax0": {"open_time": 0.6564152240753174, "copy_time": 2.2560558319091797, "close_persist_time": 0.6714601516723633}, "ndarray_save_dram_fs_dax1": {"open_time": 2.3315842151641846, "copy_time": 2.2327585220336914, "close_persist_time": 2.332343816757202}}