{"dram": {"open_time": 2.193450927734375e-05, "copy_time": 7.741601467132568, "close_persist_time": 0}, "numpymmap_nvme": {"open_time": 1.4369585514068604, "copy_time": 10.48471736907959, "close_persist_time": 0.3357975482940674}, "numpymmap_fs_dax0": {"open_time": 1.1444227695465088, "copy_time": 11.266242742538452, "close_persist_time": 0.4825308322906494}, "numpymmap_fs_dax1": {"open_time": 2.710360050201416, "copy_time": 34.189950466156006, "close_persist_time": 0.5899419784545898}, "pymm_dram_fs_dax0": {"open_time": 1.2277560234069824, "copy_time": 11.796103477478027, "close_persist_time": 0.4820249080657959}, "pymm_dram_fs_dax1": {"open_time": 3.077651262283325, "copy_time": 34.55004382133484, "close_persist_time": 0.5892813205718994}, "pymm_dram_dev_dax0": {"open_time": 0.8805921077728271, "copy_time": 11.83450984954834, "close_persist_time": 0.4810013771057129}, "pymm_dram_dev_dax1": {"open_time": 2.0925803184509277, "copy_time": 34.74703025817871, "close_persist_time": 0.5898330211639404}, "pymm_dram_nvme": {"open_time": 1.2389187812805176, "copy_time": 11.88112735748291, "close_persist_time": 0.1366269588470459}, "ndarray_save_dram_nvme": {"open_time": 0.9849905967712402, "copy_time": 8.172873973846436, "close_persist_time": 1.0310161113739014}, "ndarray_save_dram_fs_dax0": {"open_time": 0.6440091133117676, "copy_time": 7.9329118728637695, "close_persist_time": 0.6787314414978027}, "ndarray_save_dram_fs_dax1": {"open_time": 2.3329195976257324, "copy_time": 8.006845474243164, "close_persist_time": 2.3361082077026367}}