{"dram": {"open_time": 1.33514404296875e-05, "copy_time": 5.4571638107299805, "close_persist_time": 0}, "numpymmap_nvme": {"open_time": 1.427680253982544, "copy_time": 5.767740249633789, "close_persist_time": 0.3457498550415039}, "numpymmap_fs_dax0": {"open_time": 1.1335232257843018, "copy_time": 5.733396053314209, "close_persist_time": 0.4825928211212158}, "numpymmap_fs_dax1": {"open_time": 2.712865114212036, "copy_time": 25.733832597732544, "close_persist_time": 0.5890333652496338}, "pymm_dram_fs_dax0": {"open_time": 1.2278072834014893, "copy_time": 5.792510032653809, "close_persist_time": 0.48165297508239746}, "pymm_dram_fs_dax1": {"open_time": 3.0747230052948, "copy_time": 25.749491930007935, "close_persist_time": 0.5880358219146729}, "pymm_dram_dev_dax0": {"open_time": 0.872802734375, "copy_time": 6.06874942779541, "close_persist_time": 0.4815669059753418}, "pymm_dram_dev_dax1": {"open_time": 2.092872142791748, "copy_time": 25.899714469909668, "close_persist_time": 0.5891313552856445}, "pymm_dram_nvme": {"open_time": 1.244903802871704, "copy_time": 5.511009454727173, "close_persist_time": 0.1363239288330078}, "ndarray_save_dram_nvme": {"open_time": 1.0131680965423584, "copy_time": 5.612891912460327, "close_persist_time": 1.0390920639038086}, "ndarray_save_dram_fs_dax0": {"open_time": 0.6440904140472412, "copy_time": 5.532653331756592, "close_persist_time": 0.660578727722168}, "ndarray_save_dram_fs_dax1": {"open_time": 2.3292958736419678, "copy_time": 5.57097601890564, "close_persist_time": 2.879323720932007}}