{"dram": {"open_time": 1.3828277587890625e-05, "copy_time": 1.3380966186523438, "close_persist_time": 0}, "numpymmap_nvme": {"open_time": 1.435723066329956, "copy_time": 4.042860507965088, "close_persist_time": 0.3327362537384033}, "numpymmap_fs_dax0": {"open_time": 1.145033359527588, "copy_time": 3.76643443107605, "close_persist_time": 0.49146580696105957}, "numpymmap_fs_dax1": {"open_time": 2.7128663063049316, "copy_time": 3.800194025039673, "close_persist_time": 0.5959010124206543}, "pymm_dram_fs_dax0": {"open_time": 1.238525629043579, "copy_time": 4.490172386169434, "close_persist_time": 0.489656925201416}, "pymm_dram_fs_dax1": {"open_time": 3.074336528778076, "copy_time": 4.552228927612305, "close_persist_time": 0.5952255725860596}, "pymm_dram_dev_dax0": {"open_time": 0.887866735458374, "copy_time": 6.023719787597656, "close_persist_time": 0.48985886573791504}, "pymm_dram_dev_dax1": {"open_time": 2.0920779705047607, "copy_time": 4.529791831970215, "close_persist_time": 0.5946393013000488}, "pymm_dram_nvme": {"open_time": 1.2471091747283936, "copy_time": 4.235809803009033, "close_persist_time": 0.20677518844604492}, "ndarray_save_dram_nvme": {"open_time": 0.9759025573730469, "copy_time": 1.6779694557189941, "close_persist_time": 1.0206902027130127}, "ndarray_save_dram_fs_dax0": {"open_time": 0.6632883548736572, "copy_time": 1.6950316429138184, "close_persist_time": 0.6787962913513184}, "ndarray_save_dram_fs_dax1": {"open_time": 2.331054449081421, "copy_time": 1.657609462738037, "close_persist_time": 2.3290607929229736}}