{"dram": {"open_time": 1.6927719116210938e-05, "copy_time": 6.133263111114502, "close_persist_time": 0}, "numpymmap_nvme": {"open_time": 1.4190211296081543, "copy_time": 6.441932439804077, "close_persist_time": 0.33979225158691406}, "numpymmap_fs_dax0": {"open_time": 1.1374311447143555, "copy_time": 7.696893692016602, "close_persist_time": 0.4894249439239502}, "numpymmap_fs_dax1": {"open_time": 2.712724447250366, "copy_time": 25.401739835739136, "close_persist_time": 0.5964798927307129}, "pymm_dram_fs_dax0": {"open_time": 1.2310941219329834, "copy_time": 7.647683620452881, "close_persist_time": 0.4889500141143799}, "pymm_dram_fs_dax1": {"open_time": 3.0778586864471436, "copy_time": 25.40764093399048, "close_persist_time": 0.5959556102752686}, "pymm_dram_dev_dax0": {"open_time": 0.8767187595367432, "copy_time": 7.753470182418823, "close_persist_time": 0.4899439811706543}, "pymm_dram_dev_dax1": {"open_time": 2.091007947921753, "copy_time": 25.407652854919434, "close_persist_time": 0.5963521003723145}, "pymm_dram_nvme": {"open_time": 1.249727487564087, "copy_time": 6.217234373092651, "close_persist_time": 0.13655781745910645}, "ndarray_save_dram_nvme": {"open_time": 1.0110514163970947, "copy_time": 6.547458171844482, "close_persist_time": 1.0554189682006836}, "ndarray_save_dram_fs_dax0": {"open_time": 0.6640832424163818, "copy_time": 6.593295574188232, "close_persist_time": 0.6792330741882324}, "ndarray_save_dram_fs_dax1": {"open_time": 2.328671455383301, "copy_time": 6.78966760635376, "close_persist_time": 2.3285908699035645}}