{"dram": {"open_time": 2.002716064453125e-05, "copy_time": 1.3292810916900635, "close_persist_time": 0}, "numpymmap_nvme": {"open_time": 1.4290192127227783, "copy_time": 4.044548749923706, "close_persist_time": 0.3385279178619385}, "numpymmap_fs_dax0": {"open_time": 1.1484787464141846, "copy_time": 3.7612221240997314, "close_persist_time": 0.4911994934082031}, "numpymmap_fs_dax1": {"open_time": 2.713913679122925, "copy_time": 3.8149056434631348, "close_persist_time": 0.5968723297119141}, "pymm_dram_fs_dax0": {"open_time": 1.2383675575256348, "copy_time": 4.426169157028198, "close_persist_time": 0.49123620986938477}, "pymm_dram_fs_dax1": {"open_time": 3.073925256729126, "copy_time": 4.456858396530151, "close_persist_time": 0.5950462818145752}, "pymm_dram_dev_dax0": {"open_time": 0.8691921234130859, "copy_time": 4.351826190948486, "close_persist_time": 0.4899253845214844}, "pymm_dram_dev_dax1": {"open_time": 2.0925703048706055, "copy_time": 4.446857452392578, "close_persist_time": 0.5954570770263672}, "pymm_dram_nvme": {"open_time": 1.2438628673553467, "copy_time": 4.055290699005127, "close_persist_time": 0.13608694076538086}, "ndarray_save_dram_nvme": {"open_time": 1.0245013236999512, "copy_time": 1.6560571193695068, "close_persist_time": 1.053464412689209}, "ndarray_save_dram_fs_dax0": {"open_time": 0.6597900390625, "copy_time": 1.6539006233215332, "close_persist_time": 0.676067590713501}, "ndarray_save_dram_fs_dax1": {"open_time": 2.335360288619995, "copy_time": 1.6251966953277588, "close_persist_time": 2.3304412364959717}}