{"dram": {"open_time": 2.002716064453125e-05, "copy_time": 1.397778034210205, "close_persist_time": 0}, "numpymmap_nvme": {"open_time": 1.4293992519378662, "copy_time": 4.152232646942139, "close_persist_time": 0.32773733139038086}, "numpymmap_fs_dax0": {"open_time": 1.1432781219482422, "copy_time": 4.0111143589019775, "close_persist_time": 0.4918394088745117}, "numpymmap_fs_dax1": {"open_time": 2.721672296524048, "copy_time": 4.086694002151489, "close_persist_time": 0.6800374984741211}, "pymm_dram_fs_dax0": {"open_time": 1.237860918045044, "copy_time": 4.501632213592529, "close_persist_time": 0.4925193786621094}, "pymm_dram_fs_dax1": {"open_time": 3.078967571258545, "copy_time": 4.565842866897583, "close_persist_time": 0.6800146102905273}, "pymm_dram_dev_dax0": {"open_time": 0.8803701400756836, "copy_time": 4.445156574249268, "close_persist_time": 0.4925727844238281}, "pymm_dram_dev_dax1": {"open_time": 2.0942397117614746, "copy_time": 4.576722145080566, "close_persist_time": 0.6790666580200195}, "pymm_dram_nvme": {"open_time": 1.2541892528533936, "copy_time": 4.100077152252197, "close_persist_time": 0.1976315975189209}, "ndarray_save_dram_nvme": {"open_time": 0.9924883842468262, "copy_time": 1.7135140895843506, "close_persist_time": 1.0098865032196045}, "ndarray_save_dram_fs_dax0": {"open_time": 0.6515767574310303, "copy_time": 1.717557668685913, "close_persist_time": 0.6782450675964355}, "ndarray_save_dram_fs_dax1": {"open_time": 2.3270890712738037, "copy_time": 1.682384729385376, "close_persist_time": 2.329184055328369}}