{"dram": {"open_time": 1.4543533325195312e-05, "copy_time": 1.297461986541748, "close_persist_time": 0}, "numpymmap_nvme": {"open_time": 1.4388604164123535, "copy_time": 3.93247127532959, "close_persist_time": 0.3201620578765869}, "numpymmap_fs_dax0": {"open_time": 1.134528398513794, "copy_time": 3.7195472717285156, "close_persist_time": 0.4901866912841797}, "numpymmap_fs_dax1": {"open_time": 2.7204787731170654, "copy_time": 3.7801308631896973, "close_persist_time": 0.5955584049224854}, "pymm_dram_fs_dax0": {"open_time": 1.227062463760376, "copy_time": 4.546049356460571, "close_persist_time": 0.48868536949157715}, "pymm_dram_fs_dax1": {"open_time": 3.0729622840881348, "copy_time": 4.5762879848480225, "close_persist_time": 0.5945520401000977}, "pymm_dram_dev_dax0": {"open_time": 0.8706588745117188, "copy_time": 4.449108362197876, "close_persist_time": 0.48894524574279785}, "pymm_dram_dev_dax1": {"open_time": 2.090667724609375, "copy_time": 4.566807985305786, "close_persist_time": 0.5953292846679688}, "pymm_dram_nvme": {"open_time": 1.2531883716583252, "copy_time": 4.190727472305298, "close_persist_time": 0.13603615760803223}, "ndarray_save_dram_nvme": {"open_time": 0.9971680641174316, "copy_time": 1.6206083297729492, "close_persist_time": 1.0519568920135498}, "ndarray_save_dram_fs_dax0": {"open_time": 0.6488826274871826, "copy_time": 1.608534812927246, "close_persist_time": 0.6663236618041992}, "ndarray_save_dram_fs_dax1": {"open_time": 2.330674648284912, "copy_time": 1.5863449573516846, "close_persist_time": 2.331043004989624}}