{"dram": {"open_time": 1.3589859008789062e-05, "copy_time": 5.446248769760132, "close_persist_time": 0}, "numpymmap_nvme": {"open_time": 1.4356698989868164, "copy_time": 5.869319200515747, "close_persist_time": 0.34160351753234863}, "numpymmap_fs_dax0": {"open_time": 1.1309714317321777, "copy_time": 5.829104423522949, "close_persist_time": 0.483323335647583}, "numpymmap_fs_dax1": {"open_time": 2.718916416168213, "copy_time": 25.76197910308838, "close_persist_time": 0.5894842147827148}, "pymm_dram_fs_dax0": {"open_time": 1.2285292148590088, "copy_time": 5.893110275268555, "close_persist_time": 0.4825477600097656}, "pymm_dram_fs_dax1": {"open_time": 3.0820140838623047, "copy_time": 25.775625228881836, "close_persist_time": 0.5890023708343506}, "pymm_dram_dev_dax0": {"open_time": 0.8721728324890137, "copy_time": 6.206536769866943, "close_persist_time": 0.4830002784729004}, "pymm_dram_dev_dax1": {"open_time": 2.097187042236328, "copy_time": 25.874354362487793, "close_persist_time": 0.5889935493469238}, "pymm_dram_nvme": {"open_time": 1.2496039867401123, "copy_time": 6.048339366912842, "close_persist_time": 0.13541030883789062}, "ndarray_save_dram_nvme": {"open_time": 1.011854648590088, "copy_time": 5.810190916061401, "close_persist_time": 1.0417566299438477}, "ndarray_save_dram_fs_dax0": {"open_time": 0.6519501209259033, "copy_time": 5.579604148864746, "close_persist_time": 0.6799511909484863}, "ndarray_save_dram_fs_dax1": {"open_time": 2.328043222427368, "copy_time": 5.522617816925049, "close_persist_time": 2.332784414291382}}