{"dram": {"open_time": 2.2411346435546875e-05, "copy_time": 7.772004127502441, "close_persist_time": 0}, "numpymmap_nvme": {"open_time": 1.4271008968353271, "copy_time": 10.343313455581665, "close_persist_time": 0.33779430389404297}, "numpymmap_fs_dax0": {"open_time": 1.130986213684082, "copy_time": 11.204167604446411, "close_persist_time": 0.48330140113830566}, "numpymmap_fs_dax1": {"open_time": 2.719594717025757, "copy_time": 34.030441999435425, "close_persist_time": 0.5904810428619385}, "pymm_dram_fs_dax0": {"open_time": 1.240039587020874, "copy_time": 11.773768186569214, "close_persist_time": 0.48232221603393555}, "pymm_dram_fs_dax1": {"open_time": 3.081282138824463, "copy_time": 34.507078647613525, "close_persist_time": 0.5894474983215332}, "pymm_dram_dev_dax0": {"open_time": 0.8782837390899658, "copy_time": 11.75558614730835, "close_persist_time": 0.48218512535095215}, "pymm_dram_dev_dax1": {"open_time": 2.0896129608154297, "copy_time": 34.5796914100647, "close_persist_time": 0.5896456241607666}, "pymm_dram_nvme": {"open_time": 1.2490363121032715, "copy_time": 10.509119749069214, "close_persist_time": 0.13639330863952637}, "ndarray_save_dram_nvme": {"open_time": 1.0038373470306396, "copy_time": 8.05349063873291, "close_persist_time": 1.0384221076965332}, "ndarray_save_dram_fs_dax0": {"open_time": 0.6619088649749756, "copy_time": 8.250606060028076, "close_persist_time": 0.7486684322357178}, "ndarray_save_dram_fs_dax1": {"open_time": 2.3336715698242188, "copy_time": 7.945862293243408, "close_persist_time": 2.3317034244537354}}