{"dram": {"open_time": 2.0265579223632812e-05, "copy_time": 1.9560985565185547, "close_persist_time": 0}, "numpymmap_nvme": {"open_time": 1.4149620532989502, "copy_time": 4.602191209793091, "close_persist_time": 0.32069969177246094}, "numpymmap_fs_dax0": {"open_time": 1.1453652381896973, "copy_time": 5.61089015007019, "close_persist_time": 0.4969136714935303}, "numpymmap_fs_dax1": {"open_time": 2.708548069000244, "copy_time": 6.302149534225464, "close_persist_time": 0.6540355682373047}, "pymm_dram_fs_dax0": {"open_time": 1.2276861667633057, "copy_time": 6.277261734008789, "close_persist_time": 0.4953327178955078}, "pymm_dram_fs_dax1": {"open_time": 3.0739781856536865, "copy_time": 6.773792266845703, "close_persist_time": 0.6516242027282715}, "pymm_dram_dev_dax0": {"open_time": 0.8717339038848877, "copy_time": 6.217839956283569, "close_persist_time": 0.4969356060028076}, "pymm_dram_dev_dax1": {"open_time": 2.0926365852355957, "copy_time": 6.8253679275512695, "close_persist_time": 0.6477329730987549}, "pymm_dram_nvme": {"open_time": 1.2506723403930664, "copy_time": 4.861031770706177, "close_persist_time": 0.1354825496673584}, "ndarray_save_dram_nvme": {"open_time": 1.0063297748565674, "copy_time": 2.209495782852173, "close_persist_time": 1.031651258468628}, "ndarray_save_dram_fs_dax0": {"open_time": 0.6634931564331055, "copy_time": 2.213561534881592, "close_persist_time": 0.6791343688964844}, "ndarray_save_dram_fs_dax1": {"open_time": 2.3305184841156006, "copy_time": 2.184432029724121, "close_persist_time": 2.3303377628326416}}