{"dram": {"open_time": 1.239776611328125e-05, "copy_time": 5.451667308807373, "close_persist_time": 0}, "numpymmap_nvme": {"open_time": 1.437309980392456, "copy_time": 5.8219194412231445, "close_persist_time": 0.33289647102355957}, "numpymmap_fs_dax0": {"open_time": 1.1449334621429443, "copy_time": 5.7891035079956055, "close_persist_time": 0.48195719718933105}, "numpymmap_fs_dax1": {"open_time": 2.7079696655273438, "copy_time": 25.710309267044067, "close_persist_time": 0.5889649391174316}, "pymm_dram_fs_dax0": {"open_time": 1.2267417907714844, "copy_time": 5.807584047317505, "close_persist_time": 0.48140907287597656}, "pymm_dram_fs_dax1": {"open_time": 3.0775697231292725, "copy_time": 25.738250494003296, "close_persist_time": 0.5867221355438232}, "pymm_dram_dev_dax0": {"open_time": 0.8806025981903076, "copy_time": 6.072361946105957, "close_persist_time": 0.4821021556854248}, "pymm_dram_dev_dax1": {"open_time": 2.0960702896118164, "copy_time": 25.867645025253296, "close_persist_time": 0.5882070064544678}, "pymm_dram_nvme": {"open_time": 1.2523198127746582, "copy_time": 5.499375343322754, "close_persist_time": 0.1354520320892334}, "ndarray_save_dram_nvme": {"open_time": 1.011894702911377, "copy_time": 5.607764482498169, "close_persist_time": 1.0463216304779053}, "ndarray_save_dram_fs_dax0": {"open_time": 0.6632375717163086, "copy_time": 5.594507932662964, "close_persist_time": 0.6679320335388184}, "ndarray_save_dram_fs_dax1": {"open_time": 2.3308000564575195, "copy_time": 5.582192420959473, "close_persist_time": 2.878726005554199}}