{"dram": {"open_time": 2.0265579223632812e-05, "copy_time": 7.7722227573394775, "close_persist_time": 0}, "numpymmap_nvme": {"open_time": 1.4247429370880127, "copy_time": 10.701770782470703, "close_persist_time": 0.3376169204711914}, "numpymmap_fs_dax0": {"open_time": 1.144500494003296, "copy_time": 11.329544305801392, "close_persist_time": 0.48179125785827637}, "numpymmap_fs_dax1": {"open_time": 2.7095861434936523, "copy_time": 34.258705615997314, "close_persist_time": 0.5889859199523926}, "pymm_dram_fs_dax0": {"open_time": 1.2264986038208008, "copy_time": 11.81480598449707, "close_persist_time": 0.48162126541137695}, "pymm_dram_fs_dax1": {"open_time": 3.0756101608276367, "copy_time": 34.5966215133667, "close_persist_time": 0.588280200958252}, "pymm_dram_dev_dax0": {"open_time": 0.8707108497619629, "copy_time": 11.881345987319946, "close_persist_time": 0.48215746879577637}, "pymm_dram_dev_dax1": {"open_time": 2.091268539428711, "copy_time": 34.741323947906494, "close_persist_time": 0.5895617008209229}, "pymm_dram_nvme": {"open_time": 1.2433388233184814, "copy_time": 10.672600746154785, "close_persist_time": 0.1367330551147461}, "ndarray_save_dram_nvme": {"open_time": 1.0230515003204346, "copy_time": 8.027841806411743, "close_persist_time": 1.0493762493133545}, "ndarray_save_dram_fs_dax0": {"open_time": 0.6662054061889648, "copy_time": 8.253610849380493, "close_persist_time": 0.6822319030761719}, "ndarray_save_dram_fs_dax1": {"open_time": 2.3270859718322754, "copy_time": 7.990589380264282, "close_persist_time": 2.3325746059417725}}