{"dram": {"open_time": 1.9788742065429688e-05, "copy_time": 1.3422167301177979, "close_persist_time": 0}, "numpymmap_nvme": {"open_time": 1.4294345378875732, "copy_time": 3.8674299716949463, "close_persist_time": 0.33672261238098145}, "numpymmap_fs_dax0": {"open_time": 1.1360721588134766, "copy_time": 3.702505350112915, "close_persist_time": 0.49097275733947754}, "numpymmap_fs_dax1": {"open_time": 2.7126996517181396, "copy_time": 3.768364667892456, "close_persist_time": 0.5975418090820312}, "pymm_dram_fs_dax0": {"open_time": 1.2283000946044922, "copy_time": 4.433356761932373, "close_persist_time": 0.4909834861755371}, "pymm_dram_fs_dax1": {"open_time": 3.077643394470215, "copy_time": 4.4853856563568115, "close_persist_time": 0.5948841571807861}, "pymm_dram_dev_dax0": {"open_time": 0.8688797950744629, "copy_time": 4.412077903747559, "close_persist_time": 0.4906466007232666}, "pymm_dram_dev_dax1": {"open_time": 2.0918467044830322, "copy_time": 4.477407932281494, "close_persist_time": 0.5953929424285889}, "pymm_dram_nvme": {"open_time": 1.2439439296722412, "copy_time": 4.091474771499634, "close_persist_time": 0.13618946075439453}, "ndarray_save_dram_nvme": {"open_time": 0.9865570068359375, "copy_time": 1.6701858043670654, "close_persist_time": 1.0224926471710205}, "ndarray_save_dram_fs_dax0": {"open_time": 0.6636655330657959, "copy_time": 1.6622369289398193, "close_persist_time": 0.678997278213501}, "ndarray_save_dram_fs_dax1": {"open_time": 2.3290889263153076, "copy_time": 1.6434218883514404, "close_persist_time": 2.332655906677246}}