{"dram": {"open_time": 1.3589859008789062e-05, "copy_time": 1.3103747367858887, "close_persist_time": 0}, "numpymmap_nvme": {"open_time": 1.4553208351135254, "copy_time": 4.029484748840332, "close_persist_time": 0.33197999000549316}, "numpymmap_fs_dax0": {"open_time": 1.148458480834961, "copy_time": 3.7546658515930176, "close_persist_time": 0.48906445503234863}, "numpymmap_fs_dax1": {"open_time": 2.7125394344329834, "copy_time": 3.808560609817505, "close_persist_time": 0.5967228412628174}, "pymm_dram_fs_dax0": {"open_time": 1.243910312652588, "copy_time": 4.435129404067993, "close_persist_time": 0.4897274971008301}, "pymm_dram_fs_dax1": {"open_time": 3.0981595516204834, "copy_time": 4.451925277709961, "close_persist_time": 0.5953454971313477}, "pymm_dram_dev_dax0": {"open_time": 0.8802950382232666, "copy_time": 4.3755693435668945, "close_persist_time": 0.4894070625305176}, "pymm_dram_dev_dax1": {"open_time": 2.092031240463257, "copy_time": 4.5118043422698975, "close_persist_time": 0.595289945602417}, "pymm_dram_nvme": {"open_time": 1.2379746437072754, "copy_time": 4.328178405761719, "close_persist_time": 0.1352388858795166}, "ndarray_save_dram_nvme": {"open_time": 0.9933974742889404, "copy_time": 1.6565747261047363, "close_persist_time": 1.035036325454712}, "ndarray_save_dram_fs_dax0": {"open_time": 0.6515974998474121, "copy_time": 1.6765663623809814, "close_persist_time": 0.6674554347991943}, "ndarray_save_dram_fs_dax1": {"open_time": 2.330735683441162, "copy_time": 1.6157457828521729, "close_persist_time": 2.3295135498046875}}