{"dram": {"open_time": 2.0742416381835938e-05, "copy_time": 2.0404582023620605, "close_persist_time": 0}, "numpymmap_nvme": {"open_time": 1.4191696643829346, "copy_time": 4.605774164199829, "close_persist_time": 0.30613207817077637}, "numpymmap_fs_dax0": {"open_time": 1.1479942798614502, "copy_time": 5.699127435684204, "close_persist_time": 0.4969916343688965}, "numpymmap_fs_dax1": {"open_time": 2.716268301010132, "copy_time": 6.365485668182373, "close_persist_time": 0.6531383991241455}, "pymm_dram_fs_dax0": {"open_time": 1.227123498916626, "copy_time": 6.2096946239471436, "close_persist_time": 0.4955008029937744}, "pymm_dram_fs_dax1": {"open_time": 3.0767099857330322, "copy_time": 6.70501184463501, "close_persist_time": 0.6525287628173828}, "pymm_dram_dev_dax0": {"open_time": 0.8787944316864014, "copy_time": 6.1365532875061035, "close_persist_time": 0.4960310459136963}, "pymm_dram_dev_dax1": {"open_time": 2.092212438583374, "copy_time": 6.724991798400879, "close_persist_time": 0.6465671062469482}, "pymm_dram_nvme": {"open_time": 1.241856575012207, "copy_time": 5.09783935546875, "close_persist_time": 0.13410472869873047}, "ndarray_save_dram_nvme": {"open_time": 0.9843959808349609, "copy_time": 2.2747676372528076, "close_persist_time": 1.0460593700408936}, "ndarray_save_dram_fs_dax0": {"open_time": 0.8833844661712646, "copy_time": 2.2614574432373047, "close_persist_time": 0.6791887283325195}, "ndarray_save_dram_fs_dax1": {"open_time": 2.3313136100769043, "copy_time": 2.22961163520813, "close_persist_time": 2.3333778381347656}}