{"dram": {"open_time": 1.9073486328125e-05, "copy_time": 1.3879287242889404, "close_persist_time": 0}, "numpymmap_nvme": {"open_time": 1.4013004302978516, "copy_time": 3.876622200012207, "close_persist_time": 0.30902647972106934}, "numpymmap_fs_dax0": {"open_time": 1.1315817832946777, "copy_time": 3.8033246994018555, "close_persist_time": 0.4903910160064697}, "numpymmap_fs_dax1": {"open_time": 2.713357925415039, "copy_time": 3.8759818077087402, "close_persist_time": 0.6808702945709229}, "pymm_dram_fs_dax0": {"open_time": 1.2382922172546387, "copy_time": 4.492589950561523, "close_persist_time": 0.4921591281890869}, "pymm_dram_fs_dax1": {"open_time": 3.081420421600342, "copy_time": 4.53730034828186, "close_persist_time": 0.6820902824401855}, "pymm_dram_dev_dax0": {"open_time": 0.8698935508728027, "copy_time": 4.44957423210144, "close_persist_time": 0.49384021759033203}, "pymm_dram_dev_dax1": {"open_time": 2.1039435863494873, "copy_time": 4.54321551322937, "close_persist_time": 0.6797447204589844}, "pymm_dram_nvme": {"open_time": 1.2555646896362305, "copy_time": 4.118560314178467, "close_persist_time": 0.13697409629821777}, "ndarray_save_dram_nvme": {"open_time": 0.9885663986206055, "copy_time": 1.7052524089813232, "close_persist_time": 1.0264317989349365}, "ndarray_save_dram_fs_dax0": {"open_time": 0.6564452648162842, "copy_time": 1.7031950950622559, "close_persist_time": 0.6727643013000488}, "ndarray_save_dram_fs_dax1": {"open_time": 2.3324694633483887, "copy_time": 1.6819679737091064, "close_persist_time": 2.331650972366333}}