{"dram": {"open_time": 1.5497207641601562e-05, "copy_time": 6.155468702316284, "close_persist_time": 0}, "numpymmap_nvme": {"open_time": 1.4364814758300781, "copy_time": 6.454606771469116, "close_persist_time": 0.3496115207672119}, "numpymmap_fs_dax0": {"open_time": 1.1452832221984863, "copy_time": 7.7595343589782715, "close_persist_time": 0.4902355670928955}, "numpymmap_fs_dax1": {"open_time": 2.7130348682403564, "copy_time": 25.37888193130493, "close_persist_time": 0.5964858531951904}, "pymm_dram_fs_dax0": {"open_time": 1.2269461154937744, "copy_time": 7.63920521736145, "close_persist_time": 0.4890141487121582}, "pymm_dram_fs_dax1": {"open_time": 3.0724895000457764, "copy_time": 25.508873224258423, "close_persist_time": 0.5959029197692871}, "pymm_dram_dev_dax0": {"open_time": 0.8764863014221191, "copy_time": 7.626945734024048, "close_persist_time": 0.4891476631164551}, "pymm_dram_dev_dax1": {"open_time": 2.089616298675537, "copy_time": 25.412899255752563, "close_persist_time": 0.5953054428100586}, "pymm_dram_nvme": {"open_time": 1.2423501014709473, "copy_time": 6.142905950546265, "close_persist_time": 0.13533377647399902}, "ndarray_save_dram_nvme": {"open_time": 1.0013713836669922, "copy_time": 6.575240612030029, "close_persist_time": 1.056612253189087}, "ndarray_save_dram_fs_dax0": {"open_time": 0.6633906364440918, "copy_time": 6.588129281997681, "close_persist_time": 0.6788539886474609}, "ndarray_save_dram_fs_dax1": {"open_time": 2.3300461769104004, "copy_time": 6.734966039657593, "close_persist_time": 2.3326737880706787}}