{"numpymmap_nvme": {"open_time": 13.934382915496826, "copy_time": 25.672156810760498, "close_persist_time": 32.05802774429321}, "pymm_dram_fs_dax0": {"open_time": 6.658156871795654, "copy_time": 11.609129667282104, "close_persist_time": 7.054792165756226}, "pymm_dram_fs_dax1": {"open_time": 24.09488320350647, "copy_time": 29.455641984939575, "close_persist_time": 10.687414169311523}, "pymm_dram_dev_dax0": {"open_time": 3.877434730529785, "copy_time": 11.627684354782104, "close_persist_time": 7.099117279052734}, "pymm_dram_dev_dax1": {"open_time": 15.008736610412598, "copy_time": 29.394105672836304, "close_persist_time": 10.656531572341919}, "pymm_dram_nvme": {"open_time": 10.349751949310303, "copy_time": 21.290621519088745, "close_persist_time": 7.38854193687439}}