{"numpymmap_nvme": {"open_time": 13.903981924057007, "copy_time": 11.552414178848267, "close_persist_time": 9.546180963516235}, "pymm_dram_fs_dax0": {"open_time": 6.592369794845581, "copy_time": 7.466082572937012, "close_persist_time": 9.261036396026611}, "pymm_dram_fs_dax1": {"open_time": 24.02547025680542, "copy_time": 25.630669116973877, "close_persist_time": 11.386841535568237}, "pymm_dram_dev_dax0": {"open_time": 3.827941417694092, "copy_time": 7.5843894481658936, "close_persist_time": 9.295445203781128}, "pymm_dram_dev_dax1": {"open_time": 14.93539834022522, "copy_time": 25.65755033493042, "close_persist_time": 11.376128673553467}, "pymm_dram_nvme": {"open_time": 10.593250513076782, "copy_time": 11.970513820648193, "close_persist_time": 3.3300113677978516}}