{"numpymmap_nvme": {"open_time": 13.934884786605835, "copy_time": 7.5814595222473145, "close_persist_time": 16.434437036514282}, "pymm_dram_fs_dax0": {"open_time": 6.660010099411011, "copy_time": 4.719195127487183, "close_persist_time": 2.2820427417755127}, "pymm_dram_fs_dax1": {"open_time": 24.008188486099243, "copy_time": 4.862242698669434, "close_persist_time": 2.4314041137695312}, "pymm_dram_dev_dax0": {"open_time": 3.87508225440979, "copy_time": 4.85286283493042, "close_persist_time": 2.3177998065948486}, "pymm_dram_dev_dax1": {"open_time": 14.91746711730957, "copy_time": 4.780826091766357, "close_persist_time": 2.3637633323669434}, "pymm_dram_nvme": {"open_time": 10.613912343978882, "copy_time": 7.169395208358765, "close_persist_time": 2.956920623779297}}