{"numpymmap_nvme": {"open_time": 13.970820188522339, "copy_time": 7.794477701187134, "close_persist_time": 16.50227999687195}, "pymm_dram_fs_dax0": {"open_time": 6.637065649032593, "copy_time": 5.004915952682495, "close_persist_time": 2.266486883163452}, "pymm_dram_fs_dax1": {"open_time": 24.017893075942993, "copy_time": 5.042159795761108, "close_persist_time": 2.3762354850769043}, "pymm_dram_dev_dax0": {"open_time": 3.830840587615967, "copy_time": 5.020700931549072, "close_persist_time": 2.272799015045166}, "pymm_dram_dev_dax1": {"open_time": 14.93907117843628, "copy_time": 5.018430233001709, "close_persist_time": 2.3546688556671143}, "pymm_dram_nvme": {"open_time": 10.360894680023193, "copy_time": 4.6115546226501465, "close_persist_time": 2.2432596683502197}}