{"numpymmap_nvme": {"open_time": 13.9920814037323, "copy_time": 9.237006187438965, "close_persist_time": 16.20124101638794}, "pymm_dram_fs_dax0": {"open_time": 6.747381687164307, "copy_time": 6.19774317741394, "close_persist_time": 2.9502322673797607}, "pymm_dram_fs_dax1": {"open_time": 23.993422985076904, "copy_time": 6.6209776401519775, "close_persist_time": 3.4331014156341553}, "pymm_dram_dev_dax0": {"open_time": 3.8116841316223145, "copy_time": 6.163042306900024, "close_persist_time": 2.9183642864227295}, "pymm_dram_dev_dax1": {"open_time": 14.912907838821411, "copy_time": 6.657904863357544, "close_persist_time": 3.4320120811462402}, "pymm_dram_nvme": {"open_time": 10.651926040649414, "copy_time": 9.125456809997559, "close_persist_time": 3.6943209171295166}}