{"numpymmap_nvme": {"open_time": 13.833502054214478, "copy_time": 7.421425819396973, "close_persist_time": 14.032677412033081}, "pymm_dram_fs_dax0": {"open_time": 6.728836536407471, "copy_time": 4.682156085968018, "close_persist_time": 2.276362895965576}, "pymm_dram_fs_dax1": {"open_time": 24.02236533164978, "copy_time": 4.715923070907593, "close_persist_time": 2.4135656356811523}, "pymm_dram_dev_dax0": {"open_time": 3.872257947921753, "copy_time": 4.695131778717041, "close_persist_time": 2.28786039352417}, "pymm_dram_dev_dax1": {"open_time": 14.911003351211548, "copy_time": 4.645733594894409, "close_persist_time": 2.388505697250366}, "pymm_dram_nvme": {"open_time": 10.594221353530884, "copy_time": 6.9886205196380615, "close_persist_time": 2.9149954319000244}}