{"numpymmap_nvme": {"open_time": 13.872082710266113, "copy_time": 14.325656652450562, "close_persist_time": 13.32665491104126}, "pymm_dram_fs_dax0": {"open_time": 6.7754905223846436, "copy_time": 5.731612920761108, "close_persist_time": 3.575901985168457}, "pymm_dram_fs_dax1": {"open_time": 24.023778676986694, "copy_time": 20.097264766693115, "close_persist_time": 6.886379241943359}, "pymm_dram_dev_dax0": {"open_time": 3.8570332527160645, "copy_time": 5.736103773117065, "close_persist_time": 3.5618388652801514}, "pymm_dram_dev_dax1": {"open_time": 14.93204379081726, "copy_time": 20.095811128616333, "close_persist_time": 6.8386170864105225}, "pymm_dram_nvme": {"open_time": 10.584559202194214, "copy_time": 13.107294082641602, "close_persist_time": 4.010587453842163}}