{"numpymmap_nvme": {"open_time": 13.913585186004639, "copy_time": 9.283620834350586, "close_persist_time": 17.783281803131104}, "pymm_dram_fs_dax0": {"open_time": 6.742344856262207, "copy_time": 6.204097747802734, "close_persist_time": 2.9437336921691895}, "pymm_dram_fs_dax1": {"open_time": 24.010813236236572, "copy_time": 6.631563186645508, "close_persist_time": 3.411953926086426}, "pymm_dram_dev_dax0": {"open_time": 3.8201234340667725, "copy_time": 6.181389808654785, "close_persist_time": 2.8959875106811523}, "pymm_dram_dev_dax1": {"open_time": 14.923351049423218, "copy_time": 6.613718748092651, "close_persist_time": 3.3995752334594727}, "pymm_dram_nvme": {"open_time": 10.581046342849731, "copy_time": 9.076792240142822, "close_persist_time": 3.6650562286376953}}