{"numpymmap_nvme": {"open_time": 13.953723907470703, "copy_time": 7.324413299560547, "close_persist_time": 14.83506727218628}, "pymm_dram_fs_dax0": {"open_time": 6.655852317810059, "copy_time": 4.711744546890259, "close_persist_time": 2.333380937576294}, "pymm_dram_fs_dax1": {"open_time": 24.030633211135864, "copy_time": 4.805131435394287, "close_persist_time": 2.446030855178833}, "pymm_dram_dev_dax0": {"open_time": 3.8737289905548096, "copy_time": 4.796738862991333, "close_persist_time": 2.30676531791687}, "pymm_dram_dev_dax1": {"open_time": 14.964190244674683, "copy_time": 4.7850518226623535, "close_persist_time": 2.4064688682556152}, "pymm_dram_nvme": {"open_time": 10.618528842926025, "copy_time": 7.058016061782837, "close_persist_time": 2.925832748413086}}