{"numpymmap_nvme": {"open_time": 13.791449308395386, "copy_time": 7.683629989624023, "close_persist_time": 15.267333984375}, "pymm_dram_fs_dax0": {"open_time": 6.6453022956848145, "copy_time": 4.965243577957153, "close_persist_time": 2.3441216945648193}, "pymm_dram_fs_dax1": {"open_time": 24.031388521194458, "copy_time": 5.0112621784210205, "close_persist_time": 2.3881356716156006}, "pymm_dram_dev_dax0": {"open_time": 3.853719472885132, "copy_time": 4.912354946136475, "close_persist_time": 2.2889726161956787}, "pymm_dram_dev_dax1": {"open_time": 14.94745683670044, "copy_time": 4.9507269859313965, "close_persist_time": 2.3857436180114746}, "pymm_dram_nvme": {"open_time": 10.57041621208191, "copy_time": 7.495728969573975, "close_persist_time": 2.964869499206543}}