{"numpymmap_nvme": {"open_time": 13.815357446670532, "copy_time": 7.513575792312622, "close_persist_time": 16.215880632400513}, "pymm_dram_fs_dax0": {"open_time": 6.74378776550293, "copy_time": 4.657323360443115, "close_persist_time": 2.247997283935547}, "pymm_dram_fs_dax1": {"open_time": 24.004601001739502, "copy_time": 4.7455527782440186, "close_persist_time": 2.344194173812866}, "pymm_dram_dev_dax0": {"open_time": 3.800635814666748, "copy_time": 4.6783127784729, "close_persist_time": 2.224428415298462}, "pymm_dram_dev_dax1": {"open_time": 14.898701429367065, "copy_time": 4.654637575149536, "close_persist_time": 2.317229986190796}, "pymm_dram_nvme": {"open_time": 10.574309349060059, "copy_time": 6.995033502578735, "close_persist_time": 2.8691468238830566}}