{"numpymmap_nvme": {"open_time": 13.959195375442505, "copy_time": 11.63544750213623, "close_persist_time": 9.564151763916016}, "pymm_dram_fs_dax0": {"open_time": 6.7540082931518555, "copy_time": 7.580844879150391, "close_persist_time": 9.29451322555542}, "pymm_dram_fs_dax1": {"open_time": 24.031506299972534, "copy_time": 25.755033254623413, "close_persist_time": 11.396387338638306}, "pymm_dram_dev_dax0": {"open_time": 3.819833278656006, "copy_time": 7.573747396469116, "close_persist_time": 9.297105073928833}, "pymm_dram_dev_dax1": {"open_time": 14.970699310302734, "copy_time": 25.70361852645874, "close_persist_time": 11.387042045593262}, "pymm_dram_nvme": {"open_time": 10.576714277267456, "copy_time": 11.982604265213013, "close_persist_time": 3.3362231254577637}}