{"numpymmap_nvme": {"open_time": 14.009215116500854, "copy_time": 14.282103300094604, "close_persist_time": 13.288406133651733}, "pymm_dram_fs_dax0": {"open_time": 6.677012205123901, "copy_time": 5.722200155258179, "close_persist_time": 3.5556769371032715}, "pymm_dram_fs_dax1": {"open_time": 24.023003816604614, "copy_time": 20.06750798225403, "close_persist_time": 6.810036659240723}, "pymm_dram_dev_dax0": {"open_time": 3.825058698654175, "copy_time": 5.761823415756226, "close_persist_time": 3.6084625720977783}, "pymm_dram_dev_dax1": {"open_time": 14.997547388076782, "copy_time": 20.09681010246277, "close_persist_time": 6.9051220417022705}, "pymm_dram_nvme": {"open_time": 10.637731552124023, "copy_time": 13.129689455032349, "close_persist_time": 4.02139949798584}}