{"numpymmap_nvme": {"open_time": 13.863473176956177, "copy_time": 26.0114963054657, "close_persist_time": 31.33180809020996}, "pymm_dram_fs_dax0": {"open_time": 6.7591211795806885, "copy_time": 11.671657800674438, "close_persist_time": 7.10261344909668}, "pymm_dram_fs_dax1": {"open_time": 24.02598738670349, "copy_time": 29.372347593307495, "close_persist_time": 10.601010084152222}, "pymm_dram_dev_dax0": {"open_time": 3.8066985607147217, "copy_time": 11.555501937866211, "close_persist_time": 7.078234434127808}, "pymm_dram_dev_dax1": {"open_time": 14.915602922439575, "copy_time": 29.43151068687439, "close_persist_time": 10.603505611419678}, "pymm_dram_nvme": {"open_time": 10.614254236221313, "copy_time": 24.378695249557495, "close_persist_time": 7.498991966247559}}