{"numpymmap_nvme": {"open_time": 13.886807203292847, "copy_time": 7.383605241775513, "close_persist_time": 14.826360940933228}, "pymm_dram_fs_dax0": {"open_time": 6.592529773712158, "copy_time": 4.70793890953064, "close_persist_time": 2.318373203277588}, "pymm_dram_fs_dax1": {"open_time": 24.027616024017334, "copy_time": 4.783609390258789, "close_persist_time": 2.3874220848083496}, "pymm_dram_dev_dax0": {"open_time": 3.8050432205200195, "copy_time": 4.696578741073608, "close_persist_time": 2.2723662853240967}, "pymm_dram_dev_dax1": {"open_time": 14.95007038116455, "copy_time": 4.725904703140259, "close_persist_time": 2.3810830116271973}, "pymm_dram_nvme": {"open_time": 10.573174476623535, "copy_time": 6.9635539054870605, "close_persist_time": 2.8940045833587646}}