{"numpymmap_nvme": {"open_time": 13.872273921966553, "copy_time": 7.678490400314331, "close_persist_time": 16.69925093650818}, "pymm_dram_fs_dax0": {"open_time": 6.743003845214844, "copy_time": 4.999756097793579, "close_persist_time": 2.3234386444091797}, "pymm_dram_fs_dax1": {"open_time": 24.011366367340088, "copy_time": 5.037751197814941, "close_persist_time": 2.468731164932251}, "pymm_dram_dev_dax0": {"open_time": 3.8562638759613037, "copy_time": 4.9637861251831055, "close_persist_time": 2.3591976165771484}, "pymm_dram_dev_dax1": {"open_time": 14.921647310256958, "copy_time": 5.029208421707153, "close_persist_time": 2.4245729446411133}, "pymm_dram_nvme": {"open_time": 10.55445122718811, "copy_time": 7.3954572677612305, "close_persist_time": 2.9947092533111572}}