{"numpymmap_nvme": {"open_time": 13.94220495223999, "copy_time": 11.638673782348633, "close_persist_time": 9.558398246765137}, "pymm_dram_fs_dax0": {"open_time": 6.752662897109985, "copy_time": 7.622448444366455, "close_persist_time": 9.294678688049316}, "pymm_dram_fs_dax1": {"open_time": 24.028788566589355, "copy_time": 25.663671493530273, "close_persist_time": 11.370733976364136}, "pymm_dram_dev_dax0": {"open_time": 3.8853249549865723, "copy_time": 7.523013114929199, "close_persist_time": 9.273361921310425}, "pymm_dram_dev_dax1": {"open_time": 14.919211626052856, "copy_time": 25.654024839401245, "close_persist_time": 11.380542039871216}, "pymm_dram_nvme": {"open_time": 10.558788537979126, "copy_time": 11.840736865997314, "close_persist_time": 3.32954740524292}}