{"numpymmap_nvme": {"open_time": 13.850597858428955, "copy_time": 9.572430849075317, "close_persist_time": 16.93870782852173}, "pymm_dram_fs_dax0": {"open_time": 6.583487272262573, "copy_time": 6.35473370552063, "close_persist_time": 2.89445161819458}, "pymm_dram_fs_dax1": {"open_time": 24.02306365966797, "copy_time": 6.762639760971069, "close_persist_time": 3.383469581604004}, "pymm_dram_dev_dax0": {"open_time": 3.7535417079925537, "copy_time": 6.324954986572266, "close_persist_time": 2.8884639739990234}, "pymm_dram_dev_dax1": {"open_time": 14.930047512054443, "copy_time": 6.734936714172363, "close_persist_time": 3.3930344581604004}, "pymm_dram_nvme": {"open_time": 10.561283349990845, "copy_time": 9.17467713356018, "close_persist_time": 3.6080410480499268}}