{"numpymmap_nvme": {"open_time": 13.76775312423706, "copy_time": 25.911725521087646, "close_persist_time": 32.63600468635559}, "pymm_dram_fs_dax0": {"open_time": 6.76415228843689, "copy_time": 11.690041065216064, "close_persist_time": 7.046501874923706}, "pymm_dram_fs_dax1": {"open_time": 24.030701637268066, "copy_time": 29.51208233833313, "close_persist_time": 10.602556943893433}, "pymm_dram_dev_dax0": {"open_time": 3.8289272785186768, "copy_time": 11.659053325653076, "close_persist_time": 7.018779277801514}, "pymm_dram_dev_dax1": {"open_time": 14.969406604766846, "copy_time": 29.44589376449585, "close_persist_time": 10.582451343536377}, "pymm_dram_nvme": {"open_time": 10.607844591140747, "copy_time": 24.53771424293518, "close_persist_time": 7.376811265945435}}