{"numpymmap_nvme": {"open_time": 13.808979511260986, "copy_time": 7.366959571838379, "close_persist_time": 15.432260990142822}, "pymm_dram_fs_dax0": {"open_time": 6.656269550323486, "copy_time": 4.802027463912964, "close_persist_time": 2.324239492416382}, "pymm_dram_fs_dax1": {"open_time": 24.03476119041443, "copy_time": 4.905889987945557, "close_persist_time": 2.4150197505950928}, "pymm_dram_dev_dax0": {"open_time": 3.8013272285461426, "copy_time": 4.862004041671753, "close_persist_time": 2.316640615463257}, "pymm_dram_dev_dax1": {"open_time": 14.90770936012268, "copy_time": 4.891070365905762, "close_persist_time": 2.3903462886810303}, "pymm_dram_nvme": {"open_time": 10.62984013557434, "copy_time": 7.22109580039978, "close_persist_time": 2.939870595932007}}