{"numpymmap_nvme": {"open_time": 13.86413288116455, "copy_time": 14.322004795074463, "close_persist_time": 13.302956342697144}, "pymm_dram_fs_dax0": {"open_time": 6.75751256942749, "copy_time": 5.779611110687256, "close_persist_time": 3.6125903129577637}, "pymm_dram_fs_dax1": {"open_time": 24.045925855636597, "copy_time": 20.106218338012695, "close_persist_time": 6.877567291259766}, "pymm_dram_dev_dax0": {"open_time": 3.875279188156128, "copy_time": 5.784691333770752, "close_persist_time": 3.5966386795043945}, "pymm_dram_dev_dax1": {"open_time": 14.951357364654541, "copy_time": 20.10450553894043, "close_persist_time": 6.881439685821533}, "pymm_dram_nvme": {"open_time": 10.58919382095337, "copy_time": 13.113153219223022, "close_persist_time": 4.040987014770508}}