{"numpymmap_nvme": {"open_time": 13.94544506072998, "copy_time": 9.361139297485352, "close_persist_time": 17.4399094581604}, "pymm_dram_fs_dax0": {"open_time": 6.662541389465332, "copy_time": 6.332540512084961, "close_persist_time": 2.8663241863250732}, "pymm_dram_fs_dax1": {"open_time": 24.029371738433838, "copy_time": 6.710381507873535, "close_persist_time": 3.378354787826538}, "pymm_dram_dev_dax0": {"open_time": 3.7455670833587646, "copy_time": 6.340174198150635, "close_persist_time": 2.8696112632751465}, "pymm_dram_dev_dax1": {"open_time": 14.963880062103271, "copy_time": 6.742851734161377, "close_persist_time": 3.3729069232940674}, "pymm_dram_nvme": {"open_time": 10.615379810333252, "copy_time": 9.157125473022461, "close_persist_time": 3.602694034576416}}