{"numpymmap_nvme": {"open_time": 13.76082992553711, "copy_time": 7.755129337310791, "close_persist_time": 18.402808904647827}, "pymm_dram_fs_dax0": {"open_time": 6.744155406951904, "copy_time": 4.928235769271851, "close_persist_time": 2.266995906829834}, "pymm_dram_fs_dax1": {"open_time": 24.03130793571472, "copy_time": 4.945166110992432, "close_persist_time": 2.4243509769439697}, "pymm_dram_dev_dax0": {"open_time": 3.833141565322876, "copy_time": 4.939274311065674, "close_persist_time": 2.3050520420074463}, "pymm_dram_dev_dax1": {"open_time": 14.937717914581299, "copy_time": 4.989375591278076, "close_persist_time": 2.4004952907562256}, "pymm_dram_nvme": {"open_time": 10.612821340560913, "copy_time": 7.557214260101318, "close_persist_time": 2.9971728324890137}}