{"numpymmap_nvme": {"open_time": 13.86416244506836, "copy_time": 7.530823707580566, "close_persist_time": 14.983649730682373}, "pymm_dram_fs_dax0": {"open_time": 6.741272926330566, "copy_time": 4.865298271179199, "close_persist_time": 2.2616209983825684}, "pymm_dram_fs_dax1": {"open_time": 23.983082056045532, "copy_time": 4.925880193710327, "close_persist_time": 2.430216073989868}, "pymm_dram_dev_dax0": {"open_time": 3.8336668014526367, "copy_time": 4.900744438171387, "close_persist_time": 2.2884342670440674}, "pymm_dram_dev_dax1": {"open_time": 14.96724796295166, "copy_time": 4.900924444198608, "close_persist_time": 2.3585729598999023}, "pymm_dram_nvme": {"open_time": 10.332683086395264, "copy_time": 4.553764820098877, "close_persist_time": 2.2029101848602295}}