{"numpymmap_nvme": {"open_time": 13.95750093460083, "copy_time": 11.635775089263916, "close_persist_time": 9.563647985458374}, "pymm_dram_fs_dax0": {"open_time": 6.755361080169678, "copy_time": 7.614894151687622, "close_persist_time": 9.29108214378357}, "pymm_dram_fs_dax1": {"open_time": 24.045603275299072, "copy_time": 25.761579036712646, "close_persist_time": 11.346075296401978}, "pymm_dram_dev_dax0": {"open_time": 3.844712495803833, "copy_time": 7.629666805267334, "close_persist_time": 9.30611777305603}, "pymm_dram_dev_dax1": {"open_time": 14.935455083847046, "copy_time": 25.63201379776001, "close_persist_time": 11.396132707595825}, "pymm_dram_nvme": {"open_time": 10.388516426086426, "copy_time": 6.208104372024536, "close_persist_time": 2.6715097427368164}}