{"numpymmap_nvme": {"open_time": 13.910379648208618, "copy_time": 14.295486688613892, "close_persist_time": 13.322431564331055}, "pymm_dram_fs_dax0": {"open_time": 6.60432767868042, "copy_time": 5.630894660949707, "close_persist_time": 3.5329694747924805}, "pymm_dram_fs_dax1": {"open_time": 24.03253173828125, "copy_time": 20.079662799835205, "close_persist_time": 6.889451742172241}, "pymm_dram_dev_dax0": {"open_time": 3.8940162658691406, "copy_time": 5.701322555541992, "close_persist_time": 3.6081418991088867}, "pymm_dram_dev_dax1": {"open_time": 14.944983005523682, "copy_time": 20.074610710144043, "close_persist_time": 6.8820250034332275}, "pymm_dram_nvme": {"open_time": 10.645021200180054, "copy_time": 13.053746461868286, "close_persist_time": 4.006157875061035}}