{"numpymmap_nvme": {"open_time": 13.918314695358276, "copy_time": 7.4124414920806885, "close_persist_time": 16.53377389907837}, "pymm_dram_fs_dax0": {"open_time": 6.642571687698364, "copy_time": 4.821045398712158, "close_persist_time": 2.3439364433288574}, "pymm_dram_fs_dax1": {"open_time": 23.993269205093384, "copy_time": 4.82257342338562, "close_persist_time": 2.5184519290924072}, "pymm_dram_dev_dax0": {"open_time": 3.8050527572631836, "copy_time": 4.809982538223267, "close_persist_time": 2.323521375656128}, "pymm_dram_dev_dax1": {"open_time": 14.918693542480469, "copy_time": 4.782188177108765, "close_persist_time": 2.4479904174804688}, "pymm_dram_nvme": {"open_time": 10.588977575302124, "copy_time": 7.243866920471191, "close_persist_time": 3.034184455871582}}