{"numpymmap_nvme": {"open_time": 13.902930736541748, "copy_time": 26.408368349075317, "close_persist_time": 32.214229345321655}, "pymm_dram_fs_dax0": {"open_time": 6.67951512336731, "copy_time": 11.45306134223938, "close_persist_time": 7.0557615756988525}, "pymm_dram_fs_dax1": {"open_time": 24.01667046546936, "copy_time": 29.307774782180786, "close_persist_time": 10.661025762557983}, "pymm_dram_dev_dax0": {"open_time": 3.8355448246002197, "copy_time": 11.483873844146729, "close_persist_time": 7.08622670173645}, "pymm_dram_dev_dax1": {"open_time": 14.932822704315186, "copy_time": 29.25792145729065, "close_persist_time": 10.646247863769531}, "pymm_dram_nvme": {"open_time": 10.39063811302185, "copy_time": 10.909977674484253, "close_persist_time": 6.163524389266968}}