{"numpymmap_nvme": {"open_time": 13.887827396392822, "copy_time": 7.720163822174072, "close_persist_time": 16.312702417373657}, "pymm_dram_fs_dax0": {"open_time": 6.616884231567383, "copy_time": 4.873154640197754, "close_persist_time": 2.2675390243530273}, "pymm_dram_fs_dax1": {"open_time": 24.076258659362793, "copy_time": 4.9002532958984375, "close_persist_time": 2.3894193172454834}, "pymm_dram_dev_dax0": {"open_time": 3.8068418502807617, "copy_time": 4.8576178550720215, "close_persist_time": 2.2742855548858643}, "pymm_dram_dev_dax1": {"open_time": 14.919130802154541, "copy_time": 4.886851787567139, "close_persist_time": 2.325624704360962}, "pymm_dram_nvme": {"open_time": 10.363322496414185, "copy_time": 4.567479848861694, "close_persist_time": 2.2640626430511475}}