{"numpymmap_nvme": {"open_time": 14.04835557937622, "copy_time": 7.696616172790527, "close_persist_time": 17.795398235321045}, "pymm_dram_fs_dax0": {"open_time": 6.644781827926636, "copy_time": 4.934809446334839, "close_persist_time": 2.3350791931152344}, "pymm_dram_fs_dax1": {"open_time": 24.027520179748535, "copy_time": 4.952840089797974, "close_persist_time": 2.3980894088745117}, "pymm_dram_dev_dax0": {"open_time": 3.8043694496154785, "copy_time": 4.879293203353882, "close_persist_time": 2.2750937938690186}, "pymm_dram_dev_dax1": {"open_time": 14.96282696723938, "copy_time": 4.90033745765686, "close_persist_time": 2.410820245742798}, "pymm_dram_nvme": {"open_time": 10.625033855438232, "copy_time": 7.216065883636475, "close_persist_time": 2.941434621810913}}