{"numpymmap_nvme": {"open_time": 13.744630336761475, "copy_time": 9.184868097305298, "close_persist_time": 17.149399518966675}, "pymm_dram_fs_dax0": {"open_time": 6.763555526733398, "copy_time": 6.240716218948364, "close_persist_time": 2.9020538330078125}, "pymm_dram_fs_dax1": {"open_time": 24.029180765151978, "copy_time": 6.677082777023315, "close_persist_time": 3.382936716079712}, "pymm_dram_dev_dax0": {"open_time": 3.8141872882843018, "copy_time": 6.181226015090942, "close_persist_time": 2.878497838973999}, "pymm_dram_dev_dax1": {"open_time": 14.960112810134888, "copy_time": 6.617511034011841, "close_persist_time": 3.344243049621582}, "pymm_dram_nvme": {"open_time": 10.652329444885254, "copy_time": 9.016077995300293, "close_persist_time": 3.5841853618621826}}