{"numpymmap_nvme": {"open_time": 13.819836854934692, "copy_time": 7.375314712524414, "close_persist_time": 19.301297664642334}, "pymm_dram_fs_dax0": {"open_time": 6.735019207000732, "copy_time": 4.726245403289795, "close_persist_time": 2.276092052459717}, "pymm_dram_fs_dax1": {"open_time": 24.005106210708618, "copy_time": 4.789539575576782, "close_persist_time": 2.37673282623291}, "pymm_dram_dev_dax0": {"open_time": 3.7967288494110107, "copy_time": 4.757007360458374, "close_persist_time": 2.308274745941162}, "pymm_dram_dev_dax1": {"open_time": 14.930809736251831, "copy_time": 4.7438249588012695, "close_persist_time": 2.364006280899048}, "pymm_dram_nvme": {"open_time": 10.696304321289062, "copy_time": 6.95918607711792, "close_persist_time": 2.892747402191162}}