{"numpymmap_nvme": {"open_time": 13.849435567855835, "copy_time": 26.595574140548706, "close_persist_time": 32.80432105064392}, "pymm_dram_fs_dax0": {"open_time": 6.76659083366394, "copy_time": 11.543314933776855, "close_persist_time": 7.0706329345703125}, "pymm_dram_fs_dax1": {"open_time": 24.02567219734192, "copy_time": 29.289207220077515, "close_persist_time": 10.615715503692627}, "pymm_dram_dev_dax0": {"open_time": 3.8968656063079834, "copy_time": 11.52988338470459, "close_persist_time": 7.054150581359863}, "pymm_dram_dev_dax1": {"open_time": 14.950351238250732, "copy_time": 29.295535802841187, "close_persist_time": 10.637923955917358}, "pymm_dram_nvme": {"open_time": 10.364885091781616, "copy_time": 10.947786331176758, "close_persist_time": 6.141730308532715}}