{"numpymmap_nvme": {"open_time": 13.994428157806396, "copy_time": 11.724485635757446, "close_persist_time": 9.584475755691528}, "pymm_dram_fs_dax0": {"open_time": 6.674415349960327, "copy_time": 7.611777305603027, "close_persist_time": 9.29662561416626}, "pymm_dram_fs_dax1": {"open_time": 24.03529667854309, "copy_time": 25.629448413848877, "close_persist_time": 11.401484727859497}, "pymm_dram_dev_dax0": {"open_time": 3.8731725215911865, "copy_time": 7.635015964508057, "close_persist_time": 9.307764768600464}, "pymm_dram_dev_dax1": {"open_time": 14.981979608535767, "copy_time": 25.637264013290405, "close_persist_time": 11.397890567779541}, "pymm_dram_nvme": {"open_time": 10.621614217758179, "copy_time": 12.053123712539673, "close_persist_time": 3.347003936767578}}