{"numpymmap_nvme": {"open_time": 13.926043033599854, "copy_time": 13.978705167770386, "close_persist_time": 13.301630020141602}, "pymm_dram_fs_dax0": {"open_time": 6.659581661224365, "copy_time": 5.685053825378418, "close_persist_time": 3.573150873184204}, "pymm_dram_fs_dax1": {"open_time": 24.039040088653564, "copy_time": 20.0819034576416, "close_persist_time": 6.880942344665527}, "pymm_dram_dev_dax0": {"open_time": 3.8423800468444824, "copy_time": 5.694715261459351, "close_persist_time": 3.5894644260406494}, "pymm_dram_dev_dax1": {"open_time": 14.990588665008545, "copy_time": 20.10136914253235, "close_persist_time": 6.911284685134888}, "pymm_dram_nvme": {"open_time": 10.63204050064087, "copy_time": 13.01077914237976, "close_persist_time": 4.043959379196167}}