{"numpymmap_nvme": {"open_time": 13.979360342025757, "copy_time": 9.219378232955933, "close_persist_time": 18.256619930267334}, "pymm_dram_fs_dax0": {"open_time": 6.743187189102173, "copy_time": 6.408332824707031, "close_persist_time": 2.896414279937744}, "pymm_dram_fs_dax1": {"open_time": 24.02666425704956, "copy_time": 6.766960620880127, "close_persist_time": 3.4162354469299316}, "pymm_dram_dev_dax0": {"open_time": 3.8600733280181885, "copy_time": 6.334557771682739, "close_persist_time": 2.886115550994873}, "pymm_dram_dev_dax1": {"open_time": 14.947521924972534, "copy_time": 6.741126298904419, "close_persist_time": 3.3813602924346924}, "pymm_dram_nvme": {"open_time": 10.568975687026978, "copy_time": 9.167160272598267, "close_persist_time": 3.608100175857544}}