{"numpymmap_nvme": {"open_time": 13.928534030914307, "copy_time": 7.364387273788452, "close_persist_time": 15.934350490570068}, "pymm_dram_fs_dax0": {"open_time": 6.759559869766235, "copy_time": 4.837697982788086, "close_persist_time": 2.2889223098754883}, "pymm_dram_fs_dax1": {"open_time": 23.98822593688965, "copy_time": 4.833000659942627, "close_persist_time": 2.3580496311187744}, "pymm_dram_dev_dax0": {"open_time": 3.8272101879119873, "copy_time": 4.759799480438232, "close_persist_time": 2.2608489990234375}, "pymm_dram_dev_dax1": {"open_time": 14.921142816543579, "copy_time": 4.786648511886597, "close_persist_time": 2.3715460300445557}, "pymm_dram_nvme": {"open_time": 10.600258827209473, "copy_time": 7.252633571624756, "close_persist_time": 2.9284322261810303}}