{"numpymmap_nvme": {"open_time": 14.061567306518555, "copy_time": 14.34114956855774, "close_persist_time": 13.225415229797363}, "pymm_dram_fs_dax0": {"open_time": 6.756812334060669, "copy_time": 5.717160224914551, "close_persist_time": 3.6055822372436523}, "pymm_dram_fs_dax1": {"open_time": 24.039180755615234, "copy_time": 20.080294609069824, "close_persist_time": 6.831793785095215}, "pymm_dram_dev_dax0": {"open_time": 3.851844072341919, "copy_time": 5.690472841262817, "close_persist_time": 3.559635877609253}, "pymm_dram_dev_dax1": {"open_time": 14.935576438903809, "copy_time": 20.090225219726562, "close_persist_time": 6.858003377914429}, "pymm_dram_nvme": {"open_time": 10.595327377319336, "copy_time": 13.007634162902832, "close_persist_time": 4.02826189994812}}