{"numpymmap_nvme": {"open_time": 13.993351459503174, "copy_time": 7.5685951709747314, "close_persist_time": 16.334599018096924}, "pymm_dram_fs_dax0": {"open_time": 6.644644498825073, "copy_time": 4.942290782928467, "close_persist_time": 2.2809014320373535}, "pymm_dram_fs_dax1": {"open_time": 24.045411348342896, "copy_time": 4.961627006530762, "close_persist_time": 2.3786263465881348}, "pymm_dram_dev_dax0": {"open_time": 3.8118252754211426, "copy_time": 4.928241014480591, "close_persist_time": 2.269794464111328}, "pymm_dram_dev_dax1": {"open_time": 14.922296285629272, "copy_time": 4.959034442901611, "close_persist_time": 2.3525962829589844}, "pymm_dram_nvme": {"open_time": 10.549307823181152, "copy_time": 7.400029897689819, "close_persist_time": 2.9540112018585205}}