{"numpymmap_nvme": {"open_time": 13.973886013031006, "copy_time": 7.639410972595215, "close_persist_time": 14.999697923660278}, "pymm_dram_fs_dax0": {"open_time": 6.741077661514282, "copy_time": 4.903974533081055, "close_persist_time": 2.344160318374634}, "pymm_dram_fs_dax1": {"open_time": 24.01268982887268, "copy_time": 4.970321893692017, "close_persist_time": 2.4325790405273438}, "pymm_dram_dev_dax0": {"open_time": 3.853180408477783, "copy_time": 4.9033284187316895, "close_persist_time": 2.272061347961426}, "pymm_dram_dev_dax1": {"open_time": 14.890305519104004, "copy_time": 4.837914228439331, "close_persist_time": 2.383039951324463}, "pymm_dram_nvme": {"open_time": 10.558130264282227, "copy_time": 7.166845321655273, "close_persist_time": 2.9188969135284424}}