{"numpymmap_nvme": {"open_time": 14.116877555847168, "copy_time": 11.594690561294556, "close_persist_time": 9.594238996505737}, "pymm_dram_fs_dax0": {"open_time": 6.587146282196045, "copy_time": 7.536846160888672, "close_persist_time": 9.275323629379272}, "pymm_dram_fs_dax1": {"open_time": 24.042503118515015, "copy_time": 25.651973962783813, "close_persist_time": 11.383883953094482}, "pymm_dram_dev_dax0": {"open_time": 3.8692471981048584, "copy_time": 7.632365465164185, "close_persist_time": 9.306171894073486}, "pymm_dram_dev_dax1": {"open_time": 14.93264627456665, "copy_time": 25.633288145065308, "close_persist_time": 11.396372556686401}, "pymm_dram_nvme": {"open_time": 10.635921955108643, "copy_time": 12.126453161239624, "close_persist_time": 3.324720621109009}}