{"numpymmap_nvme": {"open_time": 13.897494316101074, "copy_time": 26.085405349731445, "close_persist_time": 31.30318856239319}, "pymm_dram_fs_dax0": {"open_time": 6.678535461425781, "copy_time": 11.437183380126953, "close_persist_time": 7.067242622375488}, "pymm_dram_fs_dax1": {"open_time": 24.02096176147461, "copy_time": 29.242307901382446, "close_persist_time": 10.63554048538208}, "pymm_dram_dev_dax0": {"open_time": 3.8126766681671143, "copy_time": 11.45997166633606, "close_persist_time": 7.045580148696899}, "pymm_dram_dev_dax1": {"open_time": 14.944598913192749, "copy_time": 29.228195905685425, "close_persist_time": 10.612743854522705}, "pymm_dram_nvme": {"open_time": 10.624850988388062, "copy_time": 24.35269570350647, "close_persist_time": 7.471245050430298}}