{"numpymmap_nvme": {"open_time": 13.945051193237305, "copy_time": 7.590239524841309, "close_persist_time": 15.181284189224243}, "pymm_dram_fs_dax0": {"open_time": 6.785144567489624, "copy_time": 4.945240020751953, "close_persist_time": 2.202385902404785}, "pymm_dram_fs_dax1": {"open_time": 24.002129077911377, "copy_time": 4.957977056503296, "close_persist_time": 2.3768107891082764}, "pymm_dram_dev_dax0": {"open_time": 3.8531172275543213, "copy_time": 4.916043519973755, "close_persist_time": 2.265883684158325}, "pymm_dram_dev_dax1": {"open_time": 14.896977186203003, "copy_time": 4.937300682067871, "close_persist_time": 2.3403382301330566}, "pymm_dram_nvme": {"open_time": 10.549479484558105, "copy_time": 7.394691228866577, "close_persist_time": 2.9631242752075195}}