{"numpymmap_nvme": {"open_time": 13.951979160308838, "copy_time": 14.054261922836304, "close_persist_time": 13.282001733779907}, "pymm_dram_fs_dax0": {"open_time": 6.77725887298584, "copy_time": 5.726901531219482, "close_persist_time": 3.6085009574890137}, "pymm_dram_fs_dax1": {"open_time": 24.035401582717896, "copy_time": 20.095617055892944, "close_persist_time": 6.881925106048584}, "pymm_dram_dev_dax0": {"open_time": 3.8927366733551025, "copy_time": 5.741397380828857, "close_persist_time": 3.6218512058258057}, "pymm_dram_dev_dax1": {"open_time": 15.044485092163086, "copy_time": 20.115152835845947, "close_persist_time": 6.916940689086914}, "pymm_dram_nvme": {"open_time": 10.613772630691528, "copy_time": 13.397679567337036, "close_persist_time": 4.022306442260742}}