{"numpymmap_nvme": {"open_time": 13.947417736053467, "copy_time": 7.364594221115112, "close_persist_time": 15.160930395126343}, "pymm_dram_fs_dax0": {"open_time": 6.776260614395142, "copy_time": 4.612715005874634, "close_persist_time": 2.248166561126709}, "pymm_dram_fs_dax1": {"open_time": 23.92282772064209, "copy_time": 4.699145555496216, "close_persist_time": 2.3348162174224854}, "pymm_dram_dev_dax0": {"open_time": 3.787580728530884, "copy_time": 4.619584321975708, "close_persist_time": 2.2204642295837402}, "pymm_dram_dev_dax1": {"open_time": 14.873432874679565, "copy_time": 4.584217071533203, "close_persist_time": 2.2928388118743896}, "pymm_dram_nvme": {"open_time": 10.66430926322937, "copy_time": 7.020479679107666, "close_persist_time": 2.9102046489715576}}