{"numpymmap_nvme": {"open_time": 13.932924747467041, "copy_time": 25.958019256591797, "close_persist_time": 32.77560830116272}, "pymm_dram_fs_dax0": {"open_time": 6.599891185760498, "copy_time": 11.661703109741211, "close_persist_time": 7.12233829498291}, "pymm_dram_fs_dax1": {"open_time": 24.042563915252686, "copy_time": 29.470190286636353, "close_persist_time": 10.69925570487976}, "pymm_dram_dev_dax0": {"open_time": 3.898864269256592, "copy_time": 11.693344593048096, "close_persist_time": 7.120123863220215}, "pymm_dram_dev_dax1": {"open_time": 14.976547002792358, "copy_time": 29.432806968688965, "close_persist_time": 10.719375133514404}, "pymm_dram_nvme": {"open_time": 10.609752416610718, "copy_time": 24.300163507461548, "close_persist_time": 7.47663688659668}}