{"numpymmap_nvme": {"open_time": 14.05341362953186, "copy_time": 9.29689645767212, "close_persist_time": 18.144990921020508}, "pymm_dram_fs_dax0": {"open_time": 6.577408075332642, "copy_time": 6.32856297492981, "close_persist_time": 2.8710618019104004}, "pymm_dram_fs_dax1": {"open_time": 24.008188724517822, "copy_time": 6.690584659576416, "close_persist_time": 3.38826584815979}, "pymm_dram_dev_dax0": {"open_time": 3.861534833908081, "copy_time": 6.33242392539978, "close_persist_time": 2.887669086456299}, "pymm_dram_dev_dax1": {"open_time": 14.918911695480347, "copy_time": 6.717458009719849, "close_persist_time": 3.372968912124634}, "pymm_dram_nvme": {"open_time": 10.59032940864563, "copy_time": 9.206461191177368, "close_persist_time": 3.57110595703125}}