{"numpymmap_nvme": {"open_time": 13.8786141872406, "copy_time": 7.665713310241699, "close_persist_time": 16.455662965774536}, "pymm_dram_fs_dax0": {"open_time": 6.773167371749878, "copy_time": 4.97395396232605, "close_persist_time": 2.2967844009399414}, "pymm_dram_fs_dax1": {"open_time": 24.025491952896118, "copy_time": 4.967336416244507, "close_persist_time": 2.370739221572876}, "pymm_dram_dev_dax0": {"open_time": 3.856431722640991, "copy_time": 4.954600095748901, "close_persist_time": 2.260890483856201}, "pymm_dram_dev_dax1": {"open_time": 14.966891527175903, "copy_time": 4.929911136627197, "close_persist_time": 2.332153558731079}, "pymm_dram_nvme": {"open_time": 10.592447519302368, "copy_time": 7.266402244567871, "close_persist_time": 2.8973658084869385}}