{"numpymmap_nvme": {"open_time": 13.914041757583618, "copy_time": 11.631922006607056, "close_persist_time": 9.54235577583313}, "pymm_dram_fs_dax0": {"open_time": 6.636622667312622, "copy_time": 7.505348443984985, "close_persist_time": 9.272405862808228}, "pymm_dram_fs_dax1": {"open_time": 24.031867027282715, "copy_time": 25.75333571434021, "close_persist_time": 11.393331050872803}, "pymm_dram_dev_dax0": {"open_time": 3.8683838844299316, "copy_time": 7.527805328369141, "close_persist_time": 9.287046432495117}, "pymm_dram_dev_dax1": {"open_time": 14.948245286941528, "copy_time": 25.64608907699585, "close_persist_time": 11.378536701202393}, "pymm_dram_nvme": {"open_time": 10.596262693405151, "copy_time": 12.035977125167847, "close_persist_time": 3.3825886249542236}}