{"numpymmap_nvme": {"open_time": 13.908468961715698, "copy_time": 7.536993503570557, "close_persist_time": 16.194661140441895}, "pymm_dram_fs_dax0": {"open_time": 6.742831230163574, "copy_time": 4.704306602478027, "close_persist_time": 2.2514939308166504}, "pymm_dram_fs_dax1": {"open_time": 24.035980701446533, "copy_time": 4.8227925300598145, "close_persist_time": 2.3694286346435547}, "pymm_dram_dev_dax0": {"open_time": 3.813713312149048, "copy_time": 4.777526617050171, "close_persist_time": 2.3077585697174072}, "pymm_dram_dev_dax1": {"open_time": 14.921409130096436, "copy_time": 4.746087312698364, "close_persist_time": 2.317941665649414}, "pymm_dram_nvme": {"open_time": 10.595221996307373, "copy_time": 7.105360507965088, "close_persist_time": 2.8984971046447754}}