{"numpymmap_nvme": {"open_time": 13.870358228683472, "copy_time": 26.133180618286133, "close_persist_time": 32.42748808860779}, "pymm_dram_fs_dax0": {"open_time": 6.726011276245117, "copy_time": 11.597264289855957, "close_persist_time": 7.104417324066162}, "pymm_dram_fs_dax1": {"open_time": 24.035259008407593, "copy_time": 29.365954875946045, "close_persist_time": 10.689095497131348}, "pymm_dram_dev_dax0": {"open_time": 3.8983314037323, "copy_time": 11.53804063796997, "close_persist_time": 7.091362953186035}, "pymm_dram_dev_dax1": {"open_time": 14.961152076721191, "copy_time": 29.32011914253235, "close_persist_time": 10.645743608474731}, "pymm_dram_nvme": {"open_time": 10.638840675354004, "copy_time": 24.36575436592102, "close_persist_time": 7.516117572784424}}