{"numpymmap_nvme": {"open_time": 13.864127397537231, "copy_time": 11.6569082736969, "close_persist_time": 9.548577547073364}, "pymm_dram_fs_dax0": {"open_time": 6.648311376571655, "copy_time": 7.528936147689819, "close_persist_time": 9.272891283035278}, "pymm_dram_fs_dax1": {"open_time": 24.013320922851562, "copy_time": 25.626993417739868, "close_persist_time": 11.38823652267456}, "pymm_dram_dev_dax0": {"open_time": 3.828319549560547, "copy_time": 7.663109064102173, "close_persist_time": 9.307073593139648}, "pymm_dram_dev_dax1": {"open_time": 14.96419620513916, "copy_time": 25.64167881011963, "close_persist_time": 11.398786067962646}, "pymm_dram_nvme": {"open_time": 10.653497695922852, "copy_time": 12.003322839736938, "close_persist_time": 3.367274284362793}}