{"numpymmap_nvme": {"open_time": 13.992707252502441, "copy_time": 14.346121549606323, "close_persist_time": 13.31962251663208}, "pymm_dram_fs_dax0": {"open_time": 6.7704925537109375, "copy_time": 5.723530054092407, "close_persist_time": 3.6095783710479736}, "pymm_dram_fs_dax1": {"open_time": 24.01539635658264, "copy_time": 20.094791889190674, "close_persist_time": 6.864067554473877}, "pymm_dram_dev_dax0": {"open_time": 3.8415842056274414, "copy_time": 5.697118520736694, "close_persist_time": 3.560594081878662}, "pymm_dram_dev_dax1": {"open_time": 14.933104515075684, "copy_time": 20.09496760368347, "close_persist_time": 6.880639314651489}, "pymm_dram_nvme": {"open_time": 10.612529516220093, "copy_time": 13.114285469055176, "close_persist_time": 4.080233335494995}}