{"numpymmap_nvme": {"open_time": 13.989850282669067, "copy_time": 7.942666292190552, "close_persist_time": 16.800795555114746}, "pymm_dram_fs_dax0": {"open_time": 6.761564493179321, "copy_time": 5.049842834472656, "close_persist_time": 2.2680623531341553}, "pymm_dram_fs_dax1": {"open_time": 24.012979745864868, "copy_time": 5.037523984909058, "close_persist_time": 2.3831229209899902}, "pymm_dram_dev_dax0": {"open_time": 3.859743356704712, "copy_time": 4.962278842926025, "close_persist_time": 2.252896547317505}, "pymm_dram_dev_dax1": {"open_time": 14.971574783325195, "copy_time": 4.9885337352752686, "close_persist_time": 2.357041835784912}, "pymm_dram_nvme": {"open_time": 10.602330446243286, "copy_time": 7.354759216308594, "close_persist_time": 2.883263111114502}}