{"numpymmap_nvme": {"open_time": 14.060052394866943, "copy_time": 7.305516958236694, "close_persist_time": 14.814948081970215}, "pymm_dram_fs_dax0": {"open_time": 6.758547782897949, "copy_time": 4.623152732849121, "close_persist_time": 2.2511985301971436}, "pymm_dram_fs_dax1": {"open_time": 24.06394672393799, "copy_time": 4.686935663223267, "close_persist_time": 2.3918466567993164}, "pymm_dram_dev_dax0": {"open_time": 3.8563461303710938, "copy_time": 4.6826629638671875, "close_persist_time": 2.2774524688720703}, "pymm_dram_dev_dax1": {"open_time": 14.95237421989441, "copy_time": 4.705084323883057, "close_persist_time": 2.3533315658569336}, "pymm_dram_nvme": {"open_time": 10.575063943862915, "copy_time": 6.951363563537598, "close_persist_time": 2.88620662689209}}