{"numpymmap_nvme": {"open_time": 14.006206512451172, "copy_time": 8.976908445358276, "close_persist_time": 16.908642053604126}, "pymm_dram_fs_dax0": {"open_time": 6.743463516235352, "copy_time": 6.163161277770996, "close_persist_time": 2.9494760036468506}, "pymm_dram_fs_dax1": {"open_time": 24.02673101425171, "copy_time": 6.64835262298584, "close_persist_time": 3.4288508892059326}, "pymm_dram_dev_dax0": {"open_time": 3.7574262619018555, "copy_time": 6.194266319274902, "close_persist_time": 2.957817316055298}, "pymm_dram_dev_dax1": {"open_time": 14.927279472351074, "copy_time": 6.6312267780303955, "close_persist_time": 3.4335269927978516}, "pymm_dram_nvme": {"open_time": 10.601613283157349, "copy_time": 9.105612993240356, "close_persist_time": 3.696568012237549}}