{"numpymmap_nvme": {"open_time": 13.933377981185913, "copy_time": 11.648173809051514, "close_persist_time": 9.591737747192383}, "pymm_dram_fs_dax0": {"open_time": 6.773955345153809, "copy_time": 7.651971101760864, "close_persist_time": 9.296259880065918}, "pymm_dram_fs_dax1": {"open_time": 24.006779193878174, "copy_time": 25.673017978668213, "close_persist_time": 11.348712682723999}, "pymm_dram_dev_dax0": {"open_time": 3.7720649242401123, "copy_time": 7.481324911117554, "close_persist_time": 9.274174451828003}, "pymm_dram_dev_dax1": {"open_time": 14.94787883758545, "copy_time": 25.626296520233154, "close_persist_time": 11.400567293167114}, "pymm_dram_nvme": {"open_time": 10.599987983703613, "copy_time": 12.06919264793396, "close_persist_time": 3.3407788276672363}}