{"numpymmap_nvme": {"open_time": 14.000085592269897, "copy_time": 14.014367818832397, "close_persist_time": 13.29868745803833}, "pymm_dram_fs_dax0": {"open_time": 6.677175998687744, "copy_time": 5.737197637557983, "close_persist_time": 3.567511558532715}, "pymm_dram_fs_dax1": {"open_time": 24.022947788238525, "copy_time": 20.09954261779785, "close_persist_time": 6.898892164230347}, "pymm_dram_dev_dax0": {"open_time": 3.8864359855651855, "copy_time": 5.763432502746582, "close_persist_time": 3.612123966217041}, "pymm_dram_dev_dax1": {"open_time": 14.957340002059937, "copy_time": 20.092209100723267, "close_persist_time": 6.891702890396118}, "pymm_dram_nvme": {"open_time": 10.633208513259888, "copy_time": 13.37085485458374, "close_persist_time": 4.03656268119812}}