{"numpymmap_nvme": {"open_time": 13.942317008972168, "copy_time": 7.533135414123535, "close_persist_time": 15.903805017471313}, "pymm_dram_fs_dax0": {"open_time": 6.7558465003967285, "copy_time": 4.786373138427734, "close_persist_time": 2.263115882873535}, "pymm_dram_fs_dax1": {"open_time": 24.0052547454834, "copy_time": 4.847694158554077, "close_persist_time": 2.3784379959106445}, "pymm_dram_dev_dax0": {"open_time": 3.8569560050964355, "copy_time": 4.787279367446899, "close_persist_time": 2.262791872024536}, "pymm_dram_dev_dax1": {"open_time": 14.914631366729736, "copy_time": 4.77271032333374, "close_persist_time": 2.3178086280822754}, "pymm_dram_nvme": {"open_time": 10.609076738357544, "copy_time": 7.331343173980713, "close_persist_time": 2.942924737930298}}