{"numpymmap_nvme": {"open_time": 13.786347150802612, "copy_time": 26.345773220062256, "close_persist_time": 32.882978200912476}, "pymm_dram_fs_dax0": {"open_time": 6.781159400939941, "copy_time": 11.519518613815308, "close_persist_time": 7.0908660888671875}, "pymm_dram_fs_dax1": {"open_time": 24.035549640655518, "copy_time": 29.29723596572876, "close_persist_time": 10.65056824684143}, "pymm_dram_dev_dax0": {"open_time": 3.8498895168304443, "copy_time": 11.484015941619873, "close_persist_time": 7.085935354232788}, "pymm_dram_dev_dax1": {"open_time": 14.93723464012146, "copy_time": 29.249311685562134, "close_persist_time": 10.64759635925293}, "pymm_dram_nvme": {"open_time": 10.416632175445557, "copy_time": 17.298238039016724, "close_persist_time": 7.025439739227295}}