{"numpymmap_nvme": {"open_time": 13.855224132537842, "copy_time": 9.317882061004639, "close_persist_time": 17.21424174308777}, "pymm_dram_fs_dax0": {"open_time": 6.760528564453125, "copy_time": 6.212032794952393, "close_persist_time": 2.9570722579956055}, "pymm_dram_fs_dax1": {"open_time": 24.01548743247986, "copy_time": 6.680617094039917, "close_persist_time": 3.4432668685913086}, "pymm_dram_dev_dax0": {"open_time": 3.8087902069091797, "copy_time": 6.230947494506836, "close_persist_time": 2.942121982574463}, "pymm_dram_dev_dax1": {"open_time": 14.934263467788696, "copy_time": 6.64810848236084, "close_persist_time": 3.431720018386841}, "pymm_dram_nvme": {"open_time": 10.590842962265015, "copy_time": 9.051164150238037, "close_persist_time": 3.666874408721924}}