{"numpymmap_nvme": {"open_time": 13.941317081451416, "copy_time": 7.8680419921875, "close_persist_time": 15.3093581199646}, "pymm_dram_fs_dax0": {"open_time": 6.635494709014893, "copy_time": 4.881719589233398, "close_persist_time": 2.270698308944702}, "pymm_dram_fs_dax1": {"open_time": 24.027284383773804, "copy_time": 4.966004133224487, "close_persist_time": 2.393125057220459}, "pymm_dram_dev_dax0": {"open_time": 3.8618924617767334, "copy_time": 4.918931007385254, "close_persist_time": 2.3079941272735596}, "pymm_dram_dev_dax1": {"open_time": 14.917454242706299, "copy_time": 4.956959247589111, "close_persist_time": 2.4095020294189453}, "pymm_dram_nvme": {"open_time": 10.566227197647095, "copy_time": 7.449374437332153, "close_persist_time": 2.9394619464874268}}