{"numpymmap_nvme": {"open_time": 14.018218517303467, "copy_time": 7.552205562591553, "close_persist_time": 15.90803861618042}, "pymm_dram_fs_dax0": {"open_time": 6.735339879989624, "copy_time": 4.83320164680481, "close_persist_time": 2.3521997928619385}, "pymm_dram_fs_dax1": {"open_time": 24.03190803527832, "copy_time": 4.917811155319214, "close_persist_time": 2.4623701572418213}, "pymm_dram_dev_dax0": {"open_time": 3.853806972503662, "copy_time": 4.904705047607422, "close_persist_time": 2.3725318908691406}, "pymm_dram_dev_dax1": {"open_time": 14.897560119628906, "copy_time": 4.853636026382446, "close_persist_time": 2.419137716293335}, "pymm_dram_nvme": {"open_time": 10.561530351638794, "copy_time": 7.390913724899292, "close_persist_time": 3.0636532306671143}}