{"numpymmap_nvme": {"open_time": 16.721740007400513, "copy_time": 9.08322525024414, "close_persist_time": 17.48382306098938}, "pymm_dram_fs_dax0": {"open_time": 6.631793260574341, "copy_time": 6.223172664642334, "close_persist_time": 2.8763010501861572}, "pymm_dram_fs_dax1": {"open_time": 24.08235263824463, "copy_time": 6.615688323974609, "close_persist_time": 3.414867639541626}, "pymm_dram_dev_dax0": {"open_time": 3.8122150897979736, "copy_time": 6.174267768859863, "close_persist_time": 2.9078235626220703}, "pymm_dram_dev_dax1": {"open_time": 14.927213907241821, "copy_time": 6.570774078369141, "close_persist_time": 3.380309581756592}, "pymm_dram_nvme": {"open_time": 10.34523606300354, "copy_time": 5.021040439605713, "close_persist_time": 2.8056585788726807}}