{"numpymmap_nvme": {"open_time": 13.906892538070679, "copy_time": 14.263683080673218, "close_persist_time": 13.282164812088013}, "pymm_dram_fs_dax0": {"open_time": 6.656383991241455, "copy_time": 5.7329466342926025, "close_persist_time": 3.5972912311553955}, "pymm_dram_fs_dax1": {"open_time": 24.05621576309204, "copy_time": 20.0797700881958, "close_persist_time": 6.849801301956177}, "pymm_dram_dev_dax0": {"open_time": 3.8417298793792725, "copy_time": 5.749737977981567, "close_persist_time": 3.6065561771392822}, "pymm_dram_dev_dax1": {"open_time": 14.970673084259033, "copy_time": 20.09211754798889, "close_persist_time": 6.90839958190918}, "pymm_dram_nvme": {"open_time": 10.380166292190552, "copy_time": 5.600240707397461, "close_persist_time": 3.322965621948242}}