{"numpymmap_nvme": {"open_time": 13.922855377197266, "copy_time": 7.779333829879761, "close_persist_time": 15.744213104248047}, "pymm_dram_fs_dax0": {"open_time": 6.741346120834351, "copy_time": 4.72935676574707, "close_persist_time": 2.2833199501037598}, "pymm_dram_fs_dax1": {"open_time": 24.122097730636597, "copy_time": 4.812688589096069, "close_persist_time": 2.4218180179595947}, "pymm_dram_dev_dax0": {"open_time": 3.876157760620117, "copy_time": 4.755884885787964, "close_persist_time": 2.278681993484497}, "pymm_dram_dev_dax1": {"open_time": 14.934409618377686, "copy_time": 4.781209945678711, "close_persist_time": 2.3257620334625244}, "pymm_dram_nvme": {"open_time": 10.611045122146606, "copy_time": 7.1960530281066895, "close_persist_time": 2.967197895050049}}