{"numpymmap_nvme": {"open_time": 13.994273662567139, "copy_time": 7.873072624206543, "close_persist_time": 15.809105634689331}, "pymm_dram_fs_dax0": {"open_time": 6.640176773071289, "copy_time": 4.876403093338013, "close_persist_time": 2.2887604236602783}, "pymm_dram_fs_dax1": {"open_time": 24.02190661430359, "copy_time": 4.964504957199097, "close_persist_time": 2.4038939476013184}, "pymm_dram_dev_dax0": {"open_time": 3.7441325187683105, "copy_time": 4.945746183395386, "close_persist_time": 2.2768146991729736}, "pymm_dram_dev_dax1": {"open_time": 14.968353986740112, "copy_time": 4.947930097579956, "close_persist_time": 2.362881660461426}, "pymm_dram_nvme": {"open_time": 10.386430263519287, "copy_time": 4.531553745269775, "close_persist_time": 2.2447822093963623}}