{"numpymmap_nvme": {"open_time": 13.857656717300415, "copy_time": 11.651557207107544, "close_persist_time": 9.575823783874512}, "pymm_dram_fs_dax0": {"open_time": 6.754016399383545, "copy_time": 7.624774932861328, "close_persist_time": 9.293187618255615}, "pymm_dram_fs_dax1": {"open_time": 24.05876111984253, "copy_time": 25.69782304763794, "close_persist_time": 11.39393663406372}, "pymm_dram_dev_dax0": {"open_time": 3.816645622253418, "copy_time": 7.625265121459961, "close_persist_time": 9.300227880477905}, "pymm_dram_dev_dax1": {"open_time": 14.938737154006958, "copy_time": 25.632303476333618, "close_persist_time": 11.39821195602417}, "pymm_dram_nvme": {"open_time": 10.687371969223022, "copy_time": 11.826209545135498, "close_persist_time": 3.297913074493408}}