{"numpymmap_nvme": {"open_time": 13.926356077194214, "copy_time": 7.462336778640747, "close_persist_time": 16.307851314544678}, "pymm_dram_fs_dax0": {"open_time": 6.739149332046509, "copy_time": 4.731341361999512, "close_persist_time": 2.2402801513671875}, "pymm_dram_fs_dax1": {"open_time": 24.010376691818237, "copy_time": 4.723949909210205, "close_persist_time": 2.3446645736694336}, "pymm_dram_dev_dax0": {"open_time": 3.7819602489471436, "copy_time": 4.702103614807129, "close_persist_time": 2.2112643718719482}, "pymm_dram_dev_dax1": {"open_time": 14.932307481765747, "copy_time": 4.7189717292785645, "close_persist_time": 2.2897872924804688}, "pymm_dram_nvme": {"open_time": 10.634418487548828, "copy_time": 7.02624249458313, "close_persist_time": 2.8643851280212402}}