{"numpymmap_nvme": {"open_time": 14.093180179595947, "copy_time": 26.345346450805664, "close_persist_time": 33.299147605895996}, "pymm_dram_fs_dax0": {"open_time": 6.681663751602173, "copy_time": 11.600704669952393, "close_persist_time": 7.1287617683410645}, "pymm_dram_fs_dax1": {"open_time": 24.030714988708496, "copy_time": 29.36728286743164, "close_persist_time": 10.641746759414673}, "pymm_dram_dev_dax0": {"open_time": 3.8431544303894043, "copy_time": 11.58798360824585, "close_persist_time": 7.095104694366455}, "pymm_dram_dev_dax1": {"open_time": 14.941256999969482, "copy_time": 29.344396352767944, "close_persist_time": 10.676651000976562}, "pymm_dram_nvme": {"open_time": 10.396413803100586, "copy_time": 10.95009708404541, "close_persist_time": 6.195020437240601}}