{"numpymmap_nvme": {"open_time": 13.833415269851685, "copy_time": 25.785279750823975, "close_persist_time": 30.531848907470703}, "pymm_dram_fs_dax0": {"open_time": 6.681142330169678, "copy_time": 11.540477991104126, "close_persist_time": 7.04914402961731}, "pymm_dram_fs_dax1": {"open_time": 24.017504930496216, "copy_time": 29.35653781890869, "close_persist_time": 10.665764093399048}, "pymm_dram_dev_dax0": {"open_time": 3.8912675380706787, "copy_time": 11.554300785064697, "close_persist_time": 7.077458381652832}, "pymm_dram_dev_dax1": {"open_time": 14.946091413497925, "copy_time": 29.28438425064087, "close_persist_time": 10.558706521987915}, "pymm_dram_nvme": {"open_time": 10.643420219421387, "copy_time": 24.186330318450928, "close_persist_time": 7.4734930992126465}}