{"numpymmap_nvme": {"open_time": 13.849722146987915, "copy_time": 7.777381896972656, "close_persist_time": 14.915929079055786}, "pymm_dram_fs_dax0": {"open_time": 6.658750057220459, "copy_time": 4.905594110488892, "close_persist_time": 2.2658345699310303}, "pymm_dram_fs_dax1": {"open_time": 24.043721914291382, "copy_time": 4.967846870422363, "close_persist_time": 2.395451545715332}, "pymm_dram_dev_dax0": {"open_time": 3.851532459259033, "copy_time": 4.946091651916504, "close_persist_time": 2.3010787963867188}, "pymm_dram_dev_dax1": {"open_time": 14.919077157974243, "copy_time": 4.926128625869751, "close_persist_time": 2.364677667617798}, "pymm_dram_nvme": {"open_time": 10.63231611251831, "copy_time": 7.147040605545044, "close_persist_time": 2.910759210586548}}