{"numpymmap_nvme": {"open_time": 13.557340383529663, "copy_time": 13.992259502410889, "close_persist_time": 13.15469741821289}, "pymm_dram_fs_dax0": {"open_time": 6.776869297027588, "copy_time": 5.75143837928772, "close_persist_time": 3.611131191253662}, "pymm_dram_fs_dax1": {"open_time": 24.052019596099854, "copy_time": 20.1055691242218, "close_persist_time": 6.887892723083496}, "pymm_dram_dev_dax0": {"open_time": 3.841794967651367, "copy_time": 5.7492289543151855, "close_persist_time": 3.6120822429656982}, "pymm_dram_dev_dax1": {"open_time": 14.927565336227417, "copy_time": 20.098888635635376, "close_persist_time": 6.855499267578125}, "pymm_dram_nvme": {"open_time": 10.644629001617432, "copy_time": 13.254088401794434, "close_persist_time": 4.046980619430542}}