{"numpymmap_nvme": {"open_time": 13.84588360786438, "copy_time": 11.627756834030151, "close_persist_time": 9.531632423400879}, "pymm_dram_fs_dax0": {"open_time": 6.65114688873291, "copy_time": 7.592561960220337, "close_persist_time": 9.28718638420105}, "pymm_dram_fs_dax1": {"open_time": 24.0392062664032, "copy_time": 25.648971557617188, "close_persist_time": 11.389062643051147}, "pymm_dram_dev_dax0": {"open_time": 3.881664514541626, "copy_time": 7.6535844802856445, "close_persist_time": 9.306937456130981}, "pymm_dram_dev_dax1": {"open_time": 14.998630285263062, "copy_time": 25.658792972564697, "close_persist_time": 11.40145230293274}, "pymm_dram_nvme": {"open_time": 10.583511590957642, "copy_time": 12.085484981536865, "close_persist_time": 3.3490090370178223}}