{"numpymmap_nvme": {"open_time": 13.940160512924194, "copy_time": 9.081656455993652, "close_persist_time": 17.104117155075073}, "pymm_dram_fs_dax0": {"open_time": 6.740305423736572, "copy_time": 6.197783708572388, "close_persist_time": 2.904517889022827}, "pymm_dram_fs_dax1": {"open_time": 24.060710430145264, "copy_time": 6.651576995849609, "close_persist_time": 3.4891152381896973}, "pymm_dram_dev_dax0": {"open_time": 3.8578131198883057, "copy_time": 6.242620229721069, "close_persist_time": 2.9650027751922607}, "pymm_dram_dev_dax1": {"open_time": 14.961082935333252, "copy_time": 6.591331243515015, "close_persist_time": 3.4287021160125732}, "pymm_dram_nvme": {"open_time": 10.614964485168457, "copy_time": 9.167057752609253, "close_persist_time": 3.6739614009857178}}