{"numpymmap_nvme": {"open_time": 13.729373693466187, "copy_time": 7.316045522689819, "close_persist_time": 14.831845760345459}, "pymm_dram_fs_dax0": {"open_time": 6.640202760696411, "copy_time": 4.817389726638794, "close_persist_time": 2.278101921081543}, "pymm_dram_fs_dax1": {"open_time": 23.968225240707397, "copy_time": 4.895998477935791, "close_persist_time": 2.4112961292266846}, "pymm_dram_dev_dax0": {"open_time": 3.8323848247528076, "copy_time": 4.8669939041137695, "close_persist_time": 2.2840280532836914}, "pymm_dram_dev_dax1": {"open_time": 14.911720991134644, "copy_time": 4.837013244628906, "close_persist_time": 2.3696610927581787}, "pymm_dram_nvme": {"open_time": 10.396377325057983, "copy_time": 4.546333312988281, "close_persist_time": 2.236231803894043}}