{"numpymmap_nvme": {"open_time": 13.849286079406738, "copy_time": 7.615298509597778, "close_persist_time": 15.58564567565918}, "pymm_dram_fs_dax0": {"open_time": 6.573043346405029, "copy_time": 4.973752975463867, "close_persist_time": 2.347649574279785}, "pymm_dram_fs_dax1": {"open_time": 24.023262977600098, "copy_time": 5.019239187240601, "close_persist_time": 2.4420087337493896}, "pymm_dram_dev_dax0": {"open_time": 3.8521697521209717, "copy_time": 4.943342685699463, "close_persist_time": 2.323681354522705}, "pymm_dram_dev_dax1": {"open_time": 14.918802738189697, "copy_time": 4.9799723625183105, "close_persist_time": 2.3913912773132324}, "pymm_dram_nvme": {"open_time": 10.634275436401367, "copy_time": 7.181812763214111, "close_persist_time": 2.91456937789917}}