{"numpymmap_nvme": {"open_time": 13.912567377090454, "copy_time": 7.696775674819946, "close_persist_time": 15.603605270385742}, "pymm_dram_fs_dax0": {"open_time": 6.7429351806640625, "copy_time": 4.8573079109191895, "close_persist_time": 2.3162906169891357}, "pymm_dram_fs_dax1": {"open_time": 23.99167490005493, "copy_time": 4.996240139007568, "close_persist_time": 2.425663948059082}, "pymm_dram_dev_dax0": {"open_time": 3.803346633911133, "copy_time": 4.927350997924805, "close_persist_time": 2.2897119522094727}, "pymm_dram_dev_dax1": {"open_time": 14.933531284332275, "copy_time": 4.9333720207214355, "close_persist_time": 2.3893027305603027}, "pymm_dram_nvme": {"open_time": 10.611946821212769, "copy_time": 7.589914083480835, "close_persist_time": 3.0546648502349854}}