{"numpymmap_nvme": {"open_time": 14.038731098175049, "copy_time": 11.670498609542847, "close_persist_time": 9.621192693710327}, "pymm_dram_fs_dax0": {"open_time": 6.849233388900757, "copy_time": 7.73684549331665, "close_persist_time": 9.318359375}, "pymm_dram_fs_dax1": {"open_time": 24.0303373336792, "copy_time": 25.640469312667847, "close_persist_time": 11.386829614639282}, "pymm_dram_dev_dax0": {"open_time": 3.8683927059173584, "copy_time": 7.6278486251831055, "close_persist_time": 9.307150602340698}, "pymm_dram_dev_dax1": {"open_time": 14.978930234909058, "copy_time": 25.672869443893433, "close_persist_time": 11.398711919784546}, "pymm_dram_nvme": {"open_time": 10.634472370147705, "copy_time": 12.110322713851929, "close_persist_time": 3.3514437675476074}}