{"numpymmap_nvme": {"open_time": 14.152451515197754, "copy_time": 9.096219539642334, "close_persist_time": 17.352542638778687}, "pymm_dram_fs_dax0": {"open_time": 6.738450050354004, "copy_time": 6.133512735366821, "close_persist_time": 2.8455562591552734}, "pymm_dram_fs_dax1": {"open_time": 24.03320550918579, "copy_time": 6.551915645599365, "close_persist_time": 3.3982760906219482}, "pymm_dram_dev_dax0": {"open_time": 3.8721747398376465, "copy_time": 6.197057723999023, "close_persist_time": 2.8933749198913574}, "pymm_dram_dev_dax1": {"open_time": 14.944578409194946, "copy_time": 6.520601987838745, "close_persist_time": 3.3675930500030518}, "pymm_dram_nvme": {"open_time": 10.65690565109253, "copy_time": 9.116533756256104, "close_persist_time": 3.596536636352539}}