{"numpymmap_nvme": {"open_time": 14.035829305648804, "copy_time": 14.331520795822144, "close_persist_time": 13.32429838180542}, "pymm_dram_fs_dax0": {"open_time": 6.774232387542725, "copy_time": 5.7711920738220215, "close_persist_time": 3.6123294830322266}, "pymm_dram_fs_dax1": {"open_time": 24.047317028045654, "copy_time": 20.10517692565918, "close_persist_time": 6.892420768737793}, "pymm_dram_dev_dax0": {"open_time": 3.8878328800201416, "copy_time": 5.767788410186768, "close_persist_time": 3.6175010204315186}, "pymm_dram_dev_dax1": {"open_time": 14.946351289749146, "copy_time": 20.097511529922485, "close_persist_time": 6.855618238449097}, "pymm_dram_nvme": {"open_time": 10.629296779632568, "copy_time": 13.034847736358643, "close_persist_time": 4.013789415359497}}