{"numpymmap_nvme": {"open_time": 13.833338737487793, "copy_time": 25.701465129852295, "close_persist_time": 31.734671354293823}, "pymm_dram_fs_dax0": {"open_time": 6.663680791854858, "copy_time": 11.362735986709595, "close_persist_time": 7.037688493728638}, "pymm_dram_fs_dax1": {"open_time": 24.034636974334717, "copy_time": 29.255386114120483, "close_persist_time": 10.632988452911377}, "pymm_dram_dev_dax0": {"open_time": 3.821704864501953, "copy_time": 11.406587839126587, "close_persist_time": 7.055372476577759}, "pymm_dram_dev_dax1": {"open_time": 14.982759714126587, "copy_time": 29.181841611862183, "close_persist_time": 10.611700057983398}, "pymm_dram_nvme": {"open_time": 10.608416318893433, "copy_time": 24.07033109664917, "close_persist_time": 7.451332330703735}}