{"numpymmap_nvme": {"open_time": 13.955519676208496, "copy_time": 7.3483641147613525, "close_persist_time": 16.04851460456848}, "pymm_dram_fs_dax0": {"open_time": 6.758422613143921, "copy_time": 4.70408821105957, "close_persist_time": 2.2463302612304688}, "pymm_dram_fs_dax1": {"open_time": 24.015504121780396, "copy_time": 4.683653831481934, "close_persist_time": 2.3683247566223145}, "pymm_dram_dev_dax0": {"open_time": 3.8549394607543945, "copy_time": 4.652216672897339, "close_persist_time": 2.211496353149414}, "pymm_dram_dev_dax1": {"open_time": 14.981989622116089, "copy_time": 4.617295265197754, "close_persist_time": 2.3440911769866943}, "pymm_dram_nvme": {"open_time": 10.660003900527954, "copy_time": 6.992163181304932, "close_persist_time": 2.88311767578125}}