{"numpymmap_nvme": {"open_time": 13.956209897994995, "copy_time": 7.58691668510437, "close_persist_time": 15.560350894927979}, "pymm_dram_fs_dax0": {"open_time": 6.740244626998901, "copy_time": 4.825319051742554, "close_persist_time": 2.308420419692993}, "pymm_dram_fs_dax1": {"open_time": 24.032530069351196, "copy_time": 4.935032606124878, "close_persist_time": 2.495835542678833}, "pymm_dram_dev_dax0": {"open_time": 3.809387445449829, "copy_time": 4.887293100357056, "close_persist_time": 2.3178811073303223}, "pymm_dram_dev_dax1": {"open_time": 14.928070068359375, "copy_time": 4.835505723953247, "close_persist_time": 2.4362809658050537}, "pymm_dram_nvme": {"open_time": 10.618188619613647, "copy_time": 7.384788274765015, "close_persist_time": 3.007478952407837}}