{"numpymmap_nvme": {"open_time": 13.756868600845337, "copy_time": 7.847979307174683, "close_persist_time": 16.00691509246826}, "pymm_dram_fs_dax0": {"open_time": 6.632673501968384, "copy_time": 4.899557113647461, "close_persist_time": 2.2946066856384277}, "pymm_dram_fs_dax1": {"open_time": 24.031069040298462, "copy_time": 4.927094459533691, "close_persist_time": 2.3800883293151855}, "pymm_dram_dev_dax0": {"open_time": 3.850919246673584, "copy_time": 4.864494800567627, "close_persist_time": 2.2655062675476074}, "pymm_dram_dev_dax1": {"open_time": 14.956582307815552, "copy_time": 4.881768226623535, "close_persist_time": 2.3350815773010254}, "pymm_dram_nvme": {"open_time": 10.544829845428467, "copy_time": 7.218007326126099, "close_persist_time": 2.8962016105651855}}