{"numpymmap_nvme": {"open_time": 13.77434492111206, "copy_time": 7.788867712020874, "close_persist_time": 16.057696104049683}, "pymm_dram_fs_dax0": {"open_time": 6.656730890274048, "copy_time": 4.763325452804565, "close_persist_time": 2.3400001525878906}, "pymm_dram_fs_dax1": {"open_time": 24.015607595443726, "copy_time": 4.886160612106323, "close_persist_time": 2.454400062561035}, "pymm_dram_dev_dax0": {"open_time": 3.824854612350464, "copy_time": 4.834782123565674, "close_persist_time": 2.3406968116760254}, "pymm_dram_dev_dax1": {"open_time": 14.930875778198242, "copy_time": 4.77593731880188, "close_persist_time": 2.41936993598938}, "pymm_dram_nvme": {"open_time": 10.523316621780396, "copy_time": 7.258183479309082, "close_persist_time": 3.000699996948242}}