{"numpymmap_nvme": {"open_time": 13.977548122406006, "copy_time": 25.947023630142212, "close_persist_time": 31.1105318069458}, "pymm_dram_fs_dax0": {"open_time": 6.756326913833618, "copy_time": 11.505559921264648, "close_persist_time": 7.110759496688843}, "pymm_dram_fs_dax1": {"open_time": 24.054614543914795, "copy_time": 29.352893590927124, "close_persist_time": 10.685579299926758}, "pymm_dram_dev_dax0": {"open_time": 3.7955946922302246, "copy_time": 11.500263214111328, "close_persist_time": 7.060551881790161}, "pymm_dram_dev_dax1": {"open_time": 14.931217908859253, "copy_time": 29.27939748764038, "close_persist_time": 10.618027448654175}, "pymm_dram_nvme": {"open_time": 10.605957746505737, "copy_time": 24.289241790771484, "close_persist_time": 7.425935506820679}}