{"numpymmap_nvme": {"open_time": 13.92968225479126, "copy_time": 7.970173120498657, "close_persist_time": 16.823325157165527}, "pymm_dram_fs_dax0": {"open_time": 6.604599475860596, "copy_time": 5.052224397659302, "close_persist_time": 2.3199236392974854}, "pymm_dram_fs_dax1": {"open_time": 24.008174180984497, "copy_time": 5.0975706577301025, "close_persist_time": 2.4221296310424805}, "pymm_dram_dev_dax0": {"open_time": 3.849313259124756, "copy_time": 5.02640962600708, "close_persist_time": 2.289001226425171}, "pymm_dram_dev_dax1": {"open_time": 14.89350414276123, "copy_time": 5.03003191947937, "close_persist_time": 2.40999698638916}, "pymm_dram_nvme": {"open_time": 10.560984134674072, "copy_time": 7.563632488250732, "close_persist_time": 2.997403860092163}}