{"numpymmap_nvme": {"open_time": 13.856077194213867, "copy_time": 11.631624460220337, "close_persist_time": 9.546665906906128}, "pymm_dram_fs_dax0": {"open_time": 6.753255367279053, "copy_time": 7.622666835784912, "close_persist_time": 9.294918060302734}, "pymm_dram_fs_dax1": {"open_time": 24.02976417541504, "copy_time": 25.63394331932068, "close_persist_time": 11.386678218841553}, "pymm_dram_dev_dax0": {"open_time": 3.883139133453369, "copy_time": 7.6280975341796875, "close_persist_time": 9.306049108505249}, "pymm_dram_dev_dax1": {"open_time": 14.93735146522522, "copy_time": 25.629241466522217, "close_persist_time": 11.397287368774414}, "pymm_dram_nvme": {"open_time": 10.588101625442505, "copy_time": 12.047084093093872, "close_persist_time": 3.349975109100342}}