{"numpymmap_nvme": {"open_time": 13.878294706344604, "copy_time": 13.954615116119385, "close_persist_time": 13.268583297729492}, "pymm_dram_fs_dax0": {"open_time": 6.672654867172241, "copy_time": 5.687213182449341, "close_persist_time": 3.578812837600708}, "pymm_dram_fs_dax1": {"open_time": 24.034781455993652, "copy_time": 20.08936095237732, "close_persist_time": 6.860915422439575}, "pymm_dram_dev_dax0": {"open_time": 3.831023693084717, "copy_time": 5.708393096923828, "close_persist_time": 3.6103811264038086}, "pymm_dram_dev_dax1": {"open_time": 14.923957109451294, "copy_time": 20.084367513656616, "close_persist_time": 6.847201347351074}, "pymm_dram_nvme": {"open_time": 10.62645149230957, "copy_time": 13.232341527938843, "close_persist_time": 4.04648494720459}}