{"numpymmap_nvme": {"open_time": 13.849525213241577, "copy_time": 9.230472564697266, "close_persist_time": 16.102420330047607}, "pymm_dram_fs_dax0": {"open_time": 6.7643890380859375, "copy_time": 6.152556657791138, "close_persist_time": 2.882497549057007}, "pymm_dram_fs_dax1": {"open_time": 24.013179779052734, "copy_time": 6.562510013580322, "close_persist_time": 3.3765716552734375}, "pymm_dram_dev_dax0": {"open_time": 3.8048501014709473, "copy_time": 6.134507894515991, "close_persist_time": 2.857480764389038}, "pymm_dram_dev_dax1": {"open_time": 14.971750974655151, "copy_time": 6.561414480209351, "close_persist_time": 3.3517911434173584}, "pymm_dram_nvme": {"open_time": 10.595717430114746, "copy_time": 9.055203437805176, "close_persist_time": 3.637579917907715}}