{"numpymmap_nvme": {"open_time": 13.86743974685669, "copy_time": 11.615221738815308, "close_persist_time": 9.552086353302002}, "pymm_dram_fs_dax0": {"open_time": 6.750390291213989, "copy_time": 7.5406882762908936, "close_persist_time": 9.279077768325806}, "pymm_dram_fs_dax1": {"open_time": 24.046964645385742, "copy_time": 25.642882585525513, "close_persist_time": 11.382717847824097}, "pymm_dram_dev_dax0": {"open_time": 3.8365111351013184, "copy_time": 7.598499059677124, "close_persist_time": 9.310453414916992}, "pymm_dram_dev_dax1": {"open_time": 14.949337482452393, "copy_time": 25.63358473777771, "close_persist_time": 11.398940801620483}, "pymm_dram_nvme": {"open_time": 10.616024017333984, "copy_time": 11.985363960266113, "close_persist_time": 3.330796957015991}}