{"numpymmap_nvme": {"open_time": 13.851577520370483, "copy_time": 14.257542610168457, "close_persist_time": 13.213388919830322}, "pymm_dram_fs_dax0": {"open_time": 6.652189493179321, "copy_time": 5.676766395568848, "close_persist_time": 3.5578746795654297}, "pymm_dram_fs_dax1": {"open_time": 24.01752519607544, "copy_time": 20.08805775642395, "close_persist_time": 6.878414154052734}, "pymm_dram_dev_dax0": {"open_time": 3.823556423187256, "copy_time": 5.683399677276611, "close_persist_time": 3.5692877769470215}, "pymm_dram_dev_dax1": {"open_time": 14.984659910202026, "copy_time": 20.079010486602783, "close_persist_time": 6.852360963821411}, "pymm_dram_nvme": {"open_time": 10.340987205505371, "copy_time": 5.561078310012817, "close_persist_time": 3.275200128555298}}