{"numpymmap_nvme": {"open_time": 13.85156512260437, "copy_time": 7.435008525848389, "close_persist_time": 14.576420783996582}, "pymm_dram_fs_dax0": {"open_time": 6.635927438735962, "copy_time": 4.692146301269531, "close_persist_time": 2.261107921600342}, "pymm_dram_fs_dax1": {"open_time": 24.111966609954834, "copy_time": 4.8362743854522705, "close_persist_time": 2.42117977142334}, "pymm_dram_dev_dax0": {"open_time": 3.819986581802368, "copy_time": 4.75637412071228, "close_persist_time": 2.315866708755493}, "pymm_dram_dev_dax1": {"open_time": 14.913895845413208, "copy_time": 4.751728534698486, "close_persist_time": 2.3415122032165527}, "pymm_dram_nvme": {"open_time": 10.342603921890259, "copy_time": 4.447481870651245, "close_persist_time": 2.274390935897827}}