{"numpymmap_nvme": {"open_time": 13.932518005371094, "copy_time": 25.87020182609558, "close_persist_time": 30.176226377487183}, "pymm_dram_fs_dax0": {"open_time": 6.684083700180054, "copy_time": 11.53012728691101, "close_persist_time": 7.0509138107299805}, "pymm_dram_fs_dax1": {"open_time": 24.029112100601196, "copy_time": 29.35185217857361, "close_persist_time": 10.653982162475586}, "pymm_dram_dev_dax0": {"open_time": 3.8922841548919678, "copy_time": 11.571232080459595, "close_persist_time": 7.088404893875122}, "pymm_dram_dev_dax1": {"open_time": 14.962489128112793, "copy_time": 29.31612467765808, "close_persist_time": 10.592251539230347}, "pymm_dram_nvme": {"open_time": 10.654705286026001, "copy_time": 24.49730944633484, "close_persist_time": 7.501056432723999}}