{"numpymmap_nvme": {"open_time": 13.933005332946777, "copy_time": 9.16452670097351, "close_persist_time": 16.8890597820282}, "pymm_dram_fs_dax0": {"open_time": 6.6404712200164795, "copy_time": 6.135949611663818, "close_persist_time": 2.9383723735809326}, "pymm_dram_fs_dax1": {"open_time": 24.008952617645264, "copy_time": 6.563853740692139, "close_persist_time": 3.424954891204834}, "pymm_dram_dev_dax0": {"open_time": 3.795309066772461, "copy_time": 6.1363255977630615, "close_persist_time": 2.9478566646575928}, "pymm_dram_dev_dax1": {"open_time": 14.964449882507324, "copy_time": 6.5375471115112305, "close_persist_time": 3.4345543384552}, "pymm_dram_nvme": {"open_time": 10.614864826202393, "copy_time": 9.09862232208252, "close_persist_time": 3.6422436237335205}}