{"numpymmap_nvme": {"open_time": 13.908791780471802, "copy_time": 7.608157157897949, "close_persist_time": 16.389607191085815}, "pymm_dram_fs_dax0": {"open_time": 6.635642051696777, "copy_time": 4.960891008377075, "close_persist_time": 2.244511127471924}, "pymm_dram_fs_dax1": {"open_time": 23.991048097610474, "copy_time": 5.005140542984009, "close_persist_time": 2.389190196990967}, "pymm_dram_dev_dax0": {"open_time": 3.84863543510437, "copy_time": 4.942420721054077, "close_persist_time": 2.2726523876190186}, "pymm_dram_dev_dax1": {"open_time": 14.922577381134033, "copy_time": 4.963550806045532, "close_persist_time": 2.376044750213623}, "pymm_dram_nvme": {"open_time": 10.552438259124756, "copy_time": 7.359543561935425, "close_persist_time": 2.8958775997161865}}