{"numpymmap_nvme": {"open_time": 13.912828207015991, "copy_time": 7.329553842544556, "close_persist_time": 16.016595602035522}, "pymm_dram_fs_dax0": {"open_time": 6.7600791454315186, "copy_time": 4.824352264404297, "close_persist_time": 2.3087656497955322}, "pymm_dram_fs_dax1": {"open_time": 24.0526704788208, "copy_time": 4.82602858543396, "close_persist_time": 2.3948893547058105}, "pymm_dram_dev_dax0": {"open_time": 3.822706937789917, "copy_time": 4.774259567260742, "close_persist_time": 2.312812328338623}, "pymm_dram_dev_dax1": {"open_time": 14.934463500976562, "copy_time": 4.780338525772095, "close_persist_time": 2.367683172225952}, "pymm_dram_nvme": {"open_time": 10.562621116638184, "copy_time": 7.179091215133667, "close_persist_time": 2.960596799850464}}