{"numpymmap_nvme": {"open_time": 13.743896484375, "copy_time": 13.897725820541382, "close_persist_time": 13.251114130020142}, "pymm_dram_fs_dax0": {"open_time": 6.63312292098999, "copy_time": 5.656160116195679, "close_persist_time": 3.5167384147644043}, "pymm_dram_fs_dax1": {"open_time": 24.015832662582397, "copy_time": 20.05657935142517, "close_persist_time": 6.820530652999878}, "pymm_dram_dev_dax0": {"open_time": 3.7815604209899902, "copy_time": 5.678492546081543, "close_persist_time": 3.5442581176757812}, "pymm_dram_dev_dax1": {"open_time": 14.944133043289185, "copy_time": 20.07248616218567, "close_persist_time": 6.845716714859009}, "pymm_dram_nvme": {"open_time": 10.56196904182434, "copy_time": 12.99612283706665, "close_persist_time": 4.060608625411987}}