{"numpymmap_nvme": {"open_time": 13.807655811309814, "copy_time": 11.63466501235962, "close_persist_time": 9.573021650314331}, "pymm_dram_fs_dax0": {"open_time": 6.7513368129730225, "copy_time": 7.550060272216797, "close_persist_time": 9.281300783157349}, "pymm_dram_fs_dax1": {"open_time": 24.047324657440186, "copy_time": 25.685908555984497, "close_persist_time": 11.392332315444946}, "pymm_dram_dev_dax0": {"open_time": 3.8818509578704834, "copy_time": 7.660625219345093, "close_persist_time": 9.306489706039429}, "pymm_dram_dev_dax1": {"open_time": 14.938270330429077, "copy_time": 25.645117044448853, "close_persist_time": 11.398625373840332}, "pymm_dram_nvme": {"open_time": 10.580106019973755, "copy_time": 12.00955867767334, "close_persist_time": 3.373379707336426}}