{"numpymmap_nvme": {"open_time": 13.779445886611938, "copy_time": 7.623621463775635, "close_persist_time": 14.6307852268219}, "pymm_dram_fs_dax0": {"open_time": 6.599761724472046, "copy_time": 4.939143180847168, "close_persist_time": 2.2782013416290283}, "pymm_dram_fs_dax1": {"open_time": 24.017047882080078, "copy_time": 4.9273598194122314, "close_persist_time": 2.377188205718994}, "pymm_dram_dev_dax0": {"open_time": 3.8477442264556885, "copy_time": 4.8814990520477295, "close_persist_time": 2.226680040359497}, "pymm_dram_dev_dax1": {"open_time": 14.962401866912842, "copy_time": 4.894311189651489, "close_persist_time": 2.346620559692383}, "pymm_dram_nvme": {"open_time": 10.594705820083618, "copy_time": 7.4234702587127686, "close_persist_time": 2.9744913578033447}}