{"numpymmap_nvme": {"open_time": 13.603512525558472, "copy_time": 8.983553886413574, "close_persist_time": 16.433471202850342}, "pymm_dram_fs_dax0": {"open_time": 6.745533227920532, "copy_time": 6.138506889343262, "close_persist_time": 2.9226906299591064}, "pymm_dram_fs_dax1": {"open_time": 24.011228322982788, "copy_time": 6.653530836105347, "close_persist_time": 3.4144558906555176}, "pymm_dram_dev_dax0": {"open_time": 3.812008857727051, "copy_time": 6.170881748199463, "close_persist_time": 2.9191811084747314}, "pymm_dram_dev_dax1": {"open_time": 14.923006057739258, "copy_time": 6.578168153762817, "close_persist_time": 3.4161360263824463}, "pymm_dram_nvme": {"open_time": 10.563362836837769, "copy_time": 9.184638738632202, "close_persist_time": 3.620927572250366}}