{"numpymmap_nvme": {"open_time": 13.865318775177002, "copy_time": 26.135201454162598, "close_persist_time": 30.036766052246094}, "pymm_dram_fs_dax0": {"open_time": 6.7806010246276855, "copy_time": 11.644422769546509, "close_persist_time": 7.063701868057251}, "pymm_dram_fs_dax1": {"open_time": 24.042964696884155, "copy_time": 29.449623823165894, "close_persist_time": 10.642225980758667}, "pymm_dram_dev_dax0": {"open_time": 3.8892264366149902, "copy_time": 11.607796907424927, "close_persist_time": 7.056896686553955}, "pymm_dram_dev_dax1": {"open_time": 14.927997827529907, "copy_time": 29.40443992614746, "close_persist_time": 10.568805932998657}, "pymm_dram_nvme": {"open_time": 10.616451978683472, "copy_time": 24.417714834213257, "close_persist_time": 7.5249104499816895}}