{"numpymmap_nvme": {"open_time": 13.90146517753601, "copy_time": 7.988687038421631, "close_persist_time": 15.278711795806885}, "pymm_dram_fs_dax0": {"open_time": 6.5938005447387695, "copy_time": 4.978933095932007, "close_persist_time": 2.313720941543579}, "pymm_dram_fs_dax1": {"open_time": 24.032203674316406, "copy_time": 4.973049879074097, "close_persist_time": 2.3964426517486572}, "pymm_dram_dev_dax0": {"open_time": 3.8083949089050293, "copy_time": 4.897227048873901, "close_persist_time": 2.3005897998809814}, "pymm_dram_dev_dax1": {"open_time": 14.9548921585083, "copy_time": 4.951746702194214, "close_persist_time": 2.4065799713134766}, "pymm_dram_nvme": {"open_time": 10.593836784362793, "copy_time": 7.518047332763672, "close_persist_time": 3.0037708282470703}}