{"numpymmap_nvme": {"open_time": 13.907656192779541, "copy_time": 7.453132390975952, "close_persist_time": 16.317922353744507}, "pymm_dram_fs_dax0": {"open_time": 6.759054899215698, "copy_time": 4.718161106109619, "close_persist_time": 2.2959914207458496}, "pymm_dram_fs_dax1": {"open_time": 23.982145071029663, "copy_time": 4.827686548233032, "close_persist_time": 2.4300692081451416}, "pymm_dram_dev_dax0": {"open_time": 3.85040020942688, "copy_time": 4.83062744140625, "close_persist_time": 2.2955780029296875}, "pymm_dram_dev_dax1": {"open_time": 14.987760543823242, "copy_time": 4.7510974407196045, "close_persist_time": 2.3534295558929443}, "pymm_dram_nvme": {"open_time": 10.603121995925903, "copy_time": 7.045289754867554, "close_persist_time": 2.9386157989501953}}