{"numpymmap_nvme": {"open_time": 13.739931344985962, "copy_time": 26.23320984840393, "close_persist_time": 31.86134433746338}, "pymm_dram_fs_dax0": {"open_time": 6.681577444076538, "copy_time": 11.592115879058838, "close_persist_time": 7.137177467346191}, "pymm_dram_fs_dax1": {"open_time": 24.03996706008911, "copy_time": 29.34898805618286, "close_persist_time": 10.66977596282959}, "pymm_dram_dev_dax0": {"open_time": 3.8115522861480713, "copy_time": 11.56119155883789, "close_persist_time": 7.085026502609253}, "pymm_dram_dev_dax1": {"open_time": 14.951082706451416, "copy_time": 29.35033082962036, "close_persist_time": 10.66268539428711}, "pymm_dram_nvme": {"open_time": 10.605475187301636, "copy_time": 24.509891748428345, "close_persist_time": 7.496004104614258}}