{"numpymmap_nvme": {"open_time": 13.84178352355957, "copy_time": 7.850520610809326, "close_persist_time": 15.775110006332397}, "pymm_dram_fs_dax0": {"open_time": 6.685389518737793, "copy_time": 5.001975059509277, "close_persist_time": 2.315594434738159}, "pymm_dram_fs_dax1": {"open_time": 24.02700185775757, "copy_time": 5.104299783706665, "close_persist_time": 2.4224443435668945}, "pymm_dram_dev_dax0": {"open_time": 3.7824819087982178, "copy_time": 5.014746427536011, "close_persist_time": 2.3459062576293945}, "pymm_dram_dev_dax1": {"open_time": 14.935368299484253, "copy_time": 5.015008449554443, "close_persist_time": 2.412581443786621}, "pymm_dram_nvme": {"open_time": 10.624277591705322, "copy_time": 7.635679006576538, "close_persist_time": 3.048551082611084}}