{"numpymmap_nvme": {"open_time": 13.890735149383545, "copy_time": 14.294276237487793, "close_persist_time": 13.2518310546875}, "pymm_dram_fs_dax0": {"open_time": 6.759160041809082, "copy_time": 5.738235235214233, "close_persist_time": 3.612912178039551}, "pymm_dram_fs_dax1": {"open_time": 24.0447416305542, "copy_time": 20.099747896194458, "close_persist_time": 6.870043039321899}, "pymm_dram_dev_dax0": {"open_time": 3.828848123550415, "copy_time": 5.809575080871582, "close_persist_time": 3.6412160396575928}, "pymm_dram_dev_dax1": {"open_time": 14.940698385238647, "copy_time": 20.097965955734253, "close_persist_time": 6.874727487564087}, "pymm_dram_nvme": {"open_time": 10.590929985046387, "copy_time": 12.85770583152771, "close_persist_time": 4.043424367904663}}