{"numpymmap_nvme": {"open_time": 13.918740272521973, "copy_time": 7.470496892929077, "close_persist_time": 14.804157495498657}, "pymm_dram_fs_dax0": {"open_time": 6.640650033950806, "copy_time": 4.677280902862549, "close_persist_time": 2.3416194915771484}, "pymm_dram_fs_dax1": {"open_time": 23.993042707443237, "copy_time": 4.761497259140015, "close_persist_time": 2.410665512084961}, "pymm_dram_dev_dax0": {"open_time": 3.8719000816345215, "copy_time": 4.710519313812256, "close_persist_time": 2.305487632751465}, "pymm_dram_dev_dax1": {"open_time": 14.93489146232605, "copy_time": 4.719048976898193, "close_persist_time": 2.4228122234344482}, "pymm_dram_nvme": {"open_time": 10.578683614730835, "copy_time": 7.004302501678467, "close_persist_time": 2.967099189758301}}