{"numpymmap_nvme": {"open_time": 14.121660470962524, "copy_time": 9.246639013290405, "close_persist_time": 17.664571046829224}, "pymm_dram_fs_dax0": {"open_time": 6.867905378341675, "copy_time": 6.115187644958496, "close_persist_time": 2.8919975757598877}, "pymm_dram_fs_dax1": {"open_time": 24.030171632766724, "copy_time": 6.421237468719482, "close_persist_time": 3.3939452171325684}, "pymm_dram_dev_dax0": {"open_time": 3.8691539764404297, "copy_time": 6.0919365882873535, "close_persist_time": 2.866335153579712}, "pymm_dram_dev_dax1": {"open_time": 14.900574922561646, "copy_time": 6.4181413650512695, "close_persist_time": 3.3738481998443604}, "pymm_dram_nvme": {"open_time": 10.594147205352783, "copy_time": 8.97066593170166, "close_persist_time": 3.600616931915283}}