{"numpymmap_nvme": {"open_time": 13.889763832092285, "copy_time": 11.630590438842773, "close_persist_time": 9.567975521087646}, "pymm_dram_fs_dax0": {"open_time": 6.751412868499756, "copy_time": 7.6228086948394775, "close_persist_time": 9.293594360351562}, "pymm_dram_fs_dax1": {"open_time": 24.01784873008728, "copy_time": 25.635493755340576, "close_persist_time": 11.385539293289185}, "pymm_dram_dev_dax0": {"open_time": 3.8185036182403564, "copy_time": 7.661640644073486, "close_persist_time": 9.307727813720703}, "pymm_dram_dev_dax1": {"open_time": 14.98146104812622, "copy_time": 25.65615725517273, "close_persist_time": 11.395893096923828}, "pymm_dram_nvme": {"open_time": 10.60283899307251, "copy_time": 11.979620218276978, "close_persist_time": 3.3410685062408447}}