{"numpymmap_nvme": {"open_time": 13.924555540084839, "copy_time": 7.633731842041016, "close_persist_time": 16.434810638427734}, "pymm_dram_fs_dax0": {"open_time": 6.723275661468506, "copy_time": 4.781061887741089, "close_persist_time": 2.307774066925049}, "pymm_dram_fs_dax1": {"open_time": 24.02928066253662, "copy_time": 4.806249618530273, "close_persist_time": 2.4485363960266113}, "pymm_dram_dev_dax0": {"open_time": 3.826219081878662, "copy_time": 4.788034915924072, "close_persist_time": 2.3291544914245605}, "pymm_dram_dev_dax1": {"open_time": 14.953606128692627, "copy_time": 4.749662637710571, "close_persist_time": 2.404554605484009}, "pymm_dram_nvme": {"open_time": 10.705140829086304, "copy_time": 7.304680347442627, "close_persist_time": 3.0305261611938477}}