{"numpymmap_nvme": {"open_time": 13.899992942810059, "copy_time": 11.642988204956055, "close_persist_time": 9.53810429573059}, "pymm_dram_fs_dax0": {"open_time": 6.670359134674072, "copy_time": 7.508937120437622, "close_persist_time": 9.307862758636475}, "pymm_dram_fs_dax1": {"open_time": 24.05134892463684, "copy_time": 25.62092423439026, "close_persist_time": 11.387181520462036}, "pymm_dram_dev_dax0": {"open_time": 3.8872807025909424, "copy_time": 7.652411699295044, "close_persist_time": 9.306104898452759}, "pymm_dram_dev_dax1": {"open_time": 14.926783800125122, "copy_time": 25.751652479171753, "close_persist_time": 11.396694660186768}, "pymm_dram_nvme": {"open_time": 10.640292882919312, "copy_time": 12.070495843887329, "close_persist_time": 3.344290256500244}}