{"numpymmap_nvme": {"open_time": 13.898980617523193, "copy_time": 7.507393836975098, "close_persist_time": 16.225581407546997}, "pymm_dram_fs_dax0": {"open_time": 6.675568580627441, "copy_time": 4.748079061508179, "close_persist_time": 2.311413526535034}, "pymm_dram_fs_dax1": {"open_time": 24.103504180908203, "copy_time": 4.827173948287964, "close_persist_time": 2.4229276180267334}, "pymm_dram_dev_dax0": {"open_time": 3.8012447357177734, "copy_time": 4.8006203174591064, "close_persist_time": 2.33438777923584}, "pymm_dram_dev_dax1": {"open_time": 15.017250537872314, "copy_time": 4.757126569747925, "close_persist_time": 2.399916648864746}, "pymm_dram_nvme": {"open_time": 10.642391443252563, "copy_time": 7.304811000823975, "close_persist_time": 3.029639959335327}}