{"numpymmap_nvme": {"open_time": 13.951470851898193, "copy_time": 13.926726341247559, "close_persist_time": 13.2424156665802}, "pymm_dram_fs_dax0": {"open_time": 6.5982842445373535, "copy_time": 5.683867454528809, "close_persist_time": 3.547431468963623}, "pymm_dram_fs_dax1": {"open_time": 24.02609348297119, "copy_time": 20.07428789138794, "close_persist_time": 6.815521478652954}, "pymm_dram_dev_dax0": {"open_time": 3.82063627243042, "copy_time": 5.7623066902160645, "close_persist_time": 3.6099352836608887}, "pymm_dram_dev_dax1": {"open_time": 14.939366340637207, "copy_time": 20.157097816467285, "close_persist_time": 6.859118700027466}, "pymm_dram_nvme": {"open_time": 10.347144603729248, "copy_time": 9.560236930847168, "close_persist_time": 3.7964587211608887}}