{"numpymmap_nvme": {"open_time": 14.053531169891357, "copy_time": 7.437805891036987, "close_persist_time": 16.080037593841553}, "pymm_dram_fs_dax0": {"open_time": 6.639978885650635, "copy_time": 4.7793004512786865, "close_persist_time": 2.2847371101379395}, "pymm_dram_fs_dax1": {"open_time": 24.00344467163086, "copy_time": 4.796992778778076, "close_persist_time": 2.364899158477783}, "pymm_dram_dev_dax0": {"open_time": 3.807650089263916, "copy_time": 4.760644197463989, "close_persist_time": 2.253694772720337}, "pymm_dram_dev_dax1": {"open_time": 14.890465259552002, "copy_time": 4.7213733196258545, "close_persist_time": 2.354722023010254}, "pymm_dram_nvme": {"open_time": 10.595508337020874, "copy_time": 7.190263271331787, "close_persist_time": 2.8746328353881836}}