{"numpymmap_nvme": {"open_time": 13.751109838485718, "copy_time": 26.110127210617065, "close_persist_time": 31.277833938598633}, "pymm_dram_fs_dax0": {"open_time": 6.677884340286255, "copy_time": 11.482895374298096, "close_persist_time": 7.064190626144409}, "pymm_dram_fs_dax1": {"open_time": 24.04226279258728, "copy_time": 29.25481104850769, "close_persist_time": 10.624170303344727}, "pymm_dram_dev_dax0": {"open_time": 3.8725500106811523, "copy_time": 11.403136491775513, "close_persist_time": 7.056110382080078}, "pymm_dram_dev_dax1": {"open_time": 14.946181058883667, "copy_time": 29.242332458496094, "close_persist_time": 10.676003456115723}, "pymm_dram_nvme": {"open_time": 10.607973575592041, "copy_time": 24.327515125274658, "close_persist_time": 7.490158796310425}}