{"numpymmap_nvme": {"open_time": 13.828908443450928, "copy_time": 9.186810731887817, "close_persist_time": 17.030439138412476}, "pymm_dram_fs_dax0": {"open_time": 6.700568914413452, "copy_time": 6.1634533405303955, "close_persist_time": 2.8594791889190674}, "pymm_dram_fs_dax1": {"open_time": 23.98610520362854, "copy_time": 6.507727861404419, "close_persist_time": 3.3801302909851074}, "pymm_dram_dev_dax0": {"open_time": 3.812133312225342, "copy_time": 6.093776226043701, "close_persist_time": 2.8291473388671875}, "pymm_dram_dev_dax1": {"open_time": 14.87849497795105, "copy_time": 6.505062580108643, "close_persist_time": 3.336900472640991}, "pymm_dram_nvme": {"open_time": 10.396950721740723, "copy_time": 7.21032977104187, "close_persist_time": 3.380938768386841}}