{"numpymmap_nvme": {"open_time": 13.95406699180603, "copy_time": 7.832342863082886, "close_persist_time": 16.39526057243347}, "pymm_dram_fs_dax0": {"open_time": 6.758683443069458, "copy_time": 4.932610034942627, "close_persist_time": 2.324155330657959}, "pymm_dram_fs_dax1": {"open_time": 24.02186417579651, "copy_time": 4.973998069763184, "close_persist_time": 2.3859128952026367}, "pymm_dram_dev_dax0": {"open_time": 3.8085854053497314, "copy_time": 4.9405357837677, "close_persist_time": 2.2794392108917236}, "pymm_dram_dev_dax1": {"open_time": 14.897704601287842, "copy_time": 4.948861598968506, "close_persist_time": 2.3618459701538086}, "pymm_dram_nvme": {"open_time": 10.617402791976929, "copy_time": 7.319511890411377, "close_persist_time": 2.9271798133850098}}