{"numpymmap_nvme": {"open_time": 16.459749221801758, "copy_time": 9.201715469360352, "close_persist_time": 17.750468254089355}, "pymm_dram_fs_dax0": {"open_time": 6.638879060745239, "copy_time": 6.3048388957977295, "close_persist_time": 2.848825216293335}, "pymm_dram_fs_dax1": {"open_time": 24.02191710472107, "copy_time": 6.667713403701782, "close_persist_time": 3.3608920574188232}, "pymm_dram_dev_dax0": {"open_time": 3.856395721435547, "copy_time": 6.2246081829071045, "close_persist_time": 2.8573172092437744}, "pymm_dram_dev_dax1": {"open_time": 14.962736368179321, "copy_time": 6.61320948600769, "close_persist_time": 3.325998544692993}, "pymm_dram_nvme": {"open_time": 10.411536931991577, "copy_time": 5.097818374633789, "close_persist_time": 2.6919617652893066}}