{"numpymmap_nvme": {"open_time": 13.845318078994751, "copy_time": 26.405964374542236, "close_persist_time": 32.05260467529297}, "pymm_dram_fs_dax0": {"open_time": 6.782710313796997, "copy_time": 11.61437177658081, "close_persist_time": 7.113882780075073}, "pymm_dram_fs_dax1": {"open_time": 24.022898197174072, "copy_time": 29.34473490715027, "close_persist_time": 10.664602041244507}, "pymm_dram_dev_dax0": {"open_time": 3.895223617553711, "copy_time": 11.558039426803589, "close_persist_time": 7.1226966381073}, "pymm_dram_dev_dax1": {"open_time": 14.955591201782227, "copy_time": 29.359175443649292, "close_persist_time": 10.664016008377075}, "pymm_dram_nvme": {"open_time": 10.636917114257812, "copy_time": 24.0336275100708, "close_persist_time": 7.45685601234436}}