{"numpymmap_nvme": {"open_time": 14.080354928970337, "copy_time": 7.373051881790161, "close_persist_time": 18.435033798217773}, "pymm_dram_fs_dax0": {"open_time": 6.739899635314941, "copy_time": 4.720677852630615, "close_persist_time": 2.267496347427368}, "pymm_dram_fs_dax1": {"open_time": 24.021793603897095, "copy_time": 4.81095027923584, "close_persist_time": 2.417297840118408}, "pymm_dram_dev_dax0": {"open_time": 3.786689043045044, "copy_time": 4.765603542327881, "close_persist_time": 2.325033664703369}, "pymm_dram_dev_dax1": {"open_time": 14.932331800460815, "copy_time": 4.757967472076416, "close_persist_time": 2.3651058673858643}, "pymm_dram_nvme": {"open_time": 10.5871102809906, "copy_time": 6.989306449890137, "close_persist_time": 2.8528518676757812}}