{"numpymmap_nvme": {"open_time": 13.895798683166504, "copy_time": 7.708831548690796, "close_persist_time": 15.187676668167114}, "pymm_dram_fs_dax0": {"open_time": 6.763966798782349, "copy_time": 5.073875427246094, "close_persist_time": 2.2784423828125}, "pymm_dram_fs_dax1": {"open_time": 24.003660678863525, "copy_time": 5.132058620452881, "close_persist_time": 2.443681001663208}, "pymm_dram_dev_dax0": {"open_time": 3.875962495803833, "copy_time": 5.072830677032471, "close_persist_time": 2.333218812942505}, "pymm_dram_dev_dax1": {"open_time": 14.951205968856812, "copy_time": 5.117183446884155, "close_persist_time": 2.4435181617736816}, "pymm_dram_nvme": {"open_time": 10.325532674789429, "copy_time": 4.70346474647522, "close_persist_time": 2.313990831375122}}