{"numpymmap_nvme": {"open_time": 13.89319920539856, "copy_time": 14.017960548400879, "close_persist_time": 13.229243755340576}, "pymm_dram_fs_dax0": {"open_time": 6.774859189987183, "copy_time": 5.718103647232056, "close_persist_time": 3.611860752105713}, "pymm_dram_fs_dax1": {"open_time": 24.03597092628479, "copy_time": 20.093364715576172, "close_persist_time": 6.874149799346924}, "pymm_dram_dev_dax0": {"open_time": 3.8171279430389404, "copy_time": 5.648550987243652, "close_persist_time": 3.5358335971832275}, "pymm_dram_dev_dax1": {"open_time": 14.933498859405518, "copy_time": 20.08725929260254, "close_persist_time": 6.844293832778931}, "pymm_dram_nvme": {"open_time": 10.623403072357178, "copy_time": 13.095126628875732, "close_persist_time": 4.048567771911621}}