{"numpymmap_nvme": {"open_time": 13.790507078170776, "copy_time": 7.530709505081177, "close_persist_time": 16.334408283233643}, "pymm_dram_fs_dax0": {"open_time": 6.5600950717926025, "copy_time": 4.8114025592803955, "close_persist_time": 2.296783924102783}, "pymm_dram_fs_dax1": {"open_time": 24.040488481521606, "copy_time": 4.940650939941406, "close_persist_time": 2.420797109603882}, "pymm_dram_dev_dax0": {"open_time": 3.8497939109802246, "copy_time": 4.923749208450317, "close_persist_time": 2.3494718074798584}, "pymm_dram_dev_dax1": {"open_time": 14.927329301834106, "copy_time": 4.868891716003418, "close_persist_time": 2.394212245941162}, "pymm_dram_nvme": {"open_time": 10.359292268753052, "copy_time": 4.57364296913147, "close_persist_time": 2.323855400085449}}