{"numpymmap_nvme": {"open_time": 13.811273097991943, "copy_time": 11.628230810165405, "close_persist_time": 9.547844171524048}, "pymm_dram_fs_dax0": {"open_time": 6.758315563201904, "copy_time": 7.623708724975586, "close_persist_time": 9.293954372406006}, "pymm_dram_fs_dax1": {"open_time": 24.01145076751709, "copy_time": 25.64838218688965, "close_persist_time": 11.369197845458984}, "pymm_dram_dev_dax0": {"open_time": 3.8308095932006836, "copy_time": 7.614536285400391, "close_persist_time": 9.298622131347656}, "pymm_dram_dev_dax1": {"open_time": 14.929452419281006, "copy_time": 25.640508890151978, "close_persist_time": 11.400158405303955}, "pymm_dram_nvme": {"open_time": 10.669420003890991, "copy_time": 11.93558120727539, "close_persist_time": 3.3585991859436035}}