{"numpymmap_nvme": {"open_time": 13.91426420211792, "copy_time": 7.494611024856567, "close_persist_time": 16.392153024673462}, "pymm_dram_fs_dax0": {"open_time": 6.661618232727051, "copy_time": 4.816333293914795, "close_persist_time": 2.2755842208862305}, "pymm_dram_fs_dax1": {"open_time": 24.00581669807434, "copy_time": 4.78989052772522, "close_persist_time": 2.377150535583496}, "pymm_dram_dev_dax0": {"open_time": 3.793415069580078, "copy_time": 4.74661660194397, "close_persist_time": 2.286499261856079}, "pymm_dram_dev_dax1": {"open_time": 14.921159505844116, "copy_time": 4.794256925582886, "close_persist_time": 2.353656053543091}, "pymm_dram_nvme": {"open_time": 10.556355953216553, "copy_time": 7.1285130977630615, "close_persist_time": 2.9161012172698975}}