{"numpymmap_nvme": {"open_time": 13.981778621673584, "copy_time": 11.629781723022461, "close_persist_time": 9.557914018630981}, "pymm_dram_fs_dax0": {"open_time": 6.751649856567383, "copy_time": 7.54137659072876, "close_persist_time": 9.2796950340271}, "pymm_dram_fs_dax1": {"open_time": 24.035061836242676, "copy_time": 25.687538385391235, "close_persist_time": 11.380865097045898}, "pymm_dram_dev_dax0": {"open_time": 3.8447422981262207, "copy_time": 7.519350051879883, "close_persist_time": 9.285413026809692}, "pymm_dram_dev_dax1": {"open_time": 14.940542697906494, "copy_time": 25.633511781692505, "close_persist_time": 11.399549961090088}, "pymm_dram_nvme": {"open_time": 10.561954259872437, "copy_time": 12.034131050109863, "close_persist_time": 3.3292758464813232}}