{"numpymmap_nvme": {"open_time": 13.931981801986694, "copy_time": 9.154991626739502, "close_persist_time": 17.705905437469482}, "pymm_dram_fs_dax0": {"open_time": 6.759907245635986, "copy_time": 6.153665781021118, "close_persist_time": 2.879136562347412}, "pymm_dram_fs_dax1": {"open_time": 24.035857439041138, "copy_time": 6.524870872497559, "close_persist_time": 3.3923230171203613}, "pymm_dram_dev_dax0": {"open_time": 3.858698606491089, "copy_time": 6.140655517578125, "close_persist_time": 2.8676846027374268}, "pymm_dram_dev_dax1": {"open_time": 14.947568416595459, "copy_time": 6.494166374206543, "close_persist_time": 3.4131064414978027}, "pymm_dram_nvme": {"open_time": 10.655852794647217, "copy_time": 8.964005708694458, "close_persist_time": 3.6010491847991943}}