{"numpymmap_nvme": {"open_time": 13.96916389465332, "copy_time": 7.637890577316284, "close_persist_time": 16.839056491851807}, "pymm_dram_fs_dax0": {"open_time": 6.761749505996704, "copy_time": 5.007031440734863, "close_persist_time": 2.233099937438965}, "pymm_dram_fs_dax1": {"open_time": 24.056796312332153, "copy_time": 5.029927492141724, "close_persist_time": 2.344625473022461}, "pymm_dram_dev_dax0": {"open_time": 3.8512825965881348, "copy_time": 4.936529874801636, "close_persist_time": 2.2312819957733154}, "pymm_dram_dev_dax1": {"open_time": 14.90978455543518, "copy_time": 4.980175018310547, "close_persist_time": 2.322680950164795}, "pymm_dram_nvme": {"open_time": 10.578102588653564, "copy_time": 7.2389609813690186, "close_persist_time": 2.8958277702331543}}