{"numpymmap_nvme": {"open_time": 13.757953882217407, "copy_time": 7.244719743728638, "close_persist_time": 16.403995752334595}, "pymm_dram_fs_dax0": {"open_time": 6.643212795257568, "copy_time": 4.694678068161011, "close_persist_time": 2.339087724685669}, "pymm_dram_fs_dax1": {"open_time": 23.984026432037354, "copy_time": 4.782977342605591, "close_persist_time": 2.3970704078674316}, "pymm_dram_dev_dax0": {"open_time": 3.8090314865112305, "copy_time": 4.7647716999053955, "close_persist_time": 2.2721736431121826}, "pymm_dram_dev_dax1": {"open_time": 14.91609525680542, "copy_time": 4.716149806976318, "close_persist_time": 2.362168073654175}, "pymm_dram_nvme": {"open_time": 10.5604567527771, "copy_time": 7.028695106506348, "close_persist_time": 2.9250850677490234}}