{"numpymmap_nvme": {"open_time": 13.742962121963501, "copy_time": 26.193997144699097, "close_persist_time": 30.094463348388672}, "pymm_dram_fs_dax0": {"open_time": 6.679704427719116, "copy_time": 11.507004737854004, "close_persist_time": 7.11775016784668}, "pymm_dram_fs_dax1": {"open_time": 24.048394680023193, "copy_time": 29.34598731994629, "close_persist_time": 10.659221887588501}, "pymm_dram_dev_dax0": {"open_time": 3.89709734916687, "copy_time": 11.525484323501587, "close_persist_time": 7.077929258346558}, "pymm_dram_dev_dax1": {"open_time": 14.966389894485474, "copy_time": 29.31178569793701, "close_persist_time": 10.656047344207764}, "pymm_dram_nvme": {"open_time": 10.613125801086426, "copy_time": 24.362840175628662, "close_persist_time": 7.517052412033081}}