{"numpymmap_nvme": {"open_time": 14.124889135360718, "copy_time": 13.972863912582397, "close_persist_time": 13.329927206039429}, "pymm_dram_fs_dax0": {"open_time": 6.659585952758789, "copy_time": 5.742600440979004, "close_persist_time": 3.578533172607422}, "pymm_dram_fs_dax1": {"open_time": 24.01437473297119, "copy_time": 20.084460258483887, "close_persist_time": 6.878458261489868}, "pymm_dram_dev_dax0": {"open_time": 3.8254122734069824, "copy_time": 5.7483837604522705, "close_persist_time": 3.604811668395996}, "pymm_dram_dev_dax1": {"open_time": 14.952689170837402, "copy_time": 20.08975100517273, "close_persist_time": 6.888496398925781}, "pymm_dram_nvme": {"open_time": 10.622350692749023, "copy_time": 13.081857681274414, "close_persist_time": 4.02596640586853}}