{"numpymmap_nvme": {"open_time": 14.083281993865967, "copy_time": 11.646867275238037, "close_persist_time": 9.541496276855469}, "pymm_dram_fs_dax0": {"open_time": 6.7505717277526855, "copy_time": 7.62382435798645, "close_persist_time": 9.291961193084717}, "pymm_dram_fs_dax1": {"open_time": 24.018176794052124, "copy_time": 25.664584636688232, "close_persist_time": 11.389665126800537}, "pymm_dram_dev_dax0": {"open_time": 3.8165030479431152, "copy_time": 7.521450757980347, "close_persist_time": 9.283851861953735}, "pymm_dram_dev_dax1": {"open_time": 14.934827089309692, "copy_time": 25.638081550598145, "close_persist_time": 11.398472785949707}, "pymm_dram_nvme": {"open_time": 10.614402055740356, "copy_time": 12.067368745803833, "close_persist_time": 3.32818341255188}}