{"numpymmap_nvme": {"open_time": 13.660760879516602, "copy_time": 9.25305962562561, "close_persist_time": 16.60426092147827}, "pymm_dram_fs_dax0": {"open_time": 6.760107517242432, "copy_time": 6.364565134048462, "close_persist_time": 2.9317898750305176}, "pymm_dram_fs_dax1": {"open_time": 24.059004306793213, "copy_time": 6.805726528167725, "close_persist_time": 3.480276584625244}, "pymm_dram_dev_dax0": {"open_time": 3.8558621406555176, "copy_time": 6.368987560272217, "close_persist_time": 2.9478607177734375}, "pymm_dram_dev_dax1": {"open_time": 14.918915748596191, "copy_time": 6.744558572769165, "close_persist_time": 3.453205108642578}, "pymm_dram_nvme": {"open_time": 10.569466352462769, "copy_time": 9.267332553863525, "close_persist_time": 3.6700291633605957}}