{"numpymmap_nvme": {"open_time": 13.9583420753479, "copy_time": 7.6218650341033936, "close_persist_time": 16.39913296699524}, "pymm_dram_fs_dax0": {"open_time": 6.645428657531738, "copy_time": 4.987640857696533, "close_persist_time": 2.281167507171631}, "pymm_dram_fs_dax1": {"open_time": 24.01945924758911, "copy_time": 5.090087890625, "close_persist_time": 2.4327242374420166}, "pymm_dram_dev_dax0": {"open_time": 3.80090594291687, "copy_time": 5.026058912277222, "close_persist_time": 2.317826986312866}, "pymm_dram_dev_dax1": {"open_time": 14.911552906036377, "copy_time": 5.015775203704834, "close_persist_time": 2.3837506771087646}, "pymm_dram_nvme": {"open_time": 10.60765790939331, "copy_time": 7.521237134933472, "close_persist_time": 2.973139524459839}}