{"numpymmap_nvme": {"open_time": 13.901251792907715, "copy_time": 13.973522424697876, "close_persist_time": 13.285359621047974}, "pymm_dram_fs_dax0": {"open_time": 6.670382976531982, "copy_time": 5.656886339187622, "close_persist_time": 3.542755126953125}, "pymm_dram_fs_dax1": {"open_time": 24.029037952423096, "copy_time": 20.100762128829956, "close_persist_time": 6.9076457023620605}, "pymm_dram_dev_dax0": {"open_time": 3.878467559814453, "copy_time": 5.700356960296631, "close_persist_time": 3.570753335952759}, "pymm_dram_dev_dax1": {"open_time": 14.936509370803833, "copy_time": 20.098045587539673, "close_persist_time": 6.883925437927246}, "pymm_dram_nvme": {"open_time": 10.581909894943237, "copy_time": 13.137101173400879, "close_persist_time": 4.009208917617798}}