{"numpymmap_nvme": {"open_time": 13.930973529815674, "copy_time": 25.746411561965942, "close_persist_time": 31.029542684555054}, "pymm_dram_fs_dax0": {"open_time": 6.763674736022949, "copy_time": 11.551301956176758, "close_persist_time": 7.027918100357056}, "pymm_dram_fs_dax1": {"open_time": 24.039592266082764, "copy_time": 29.420512676239014, "close_persist_time": 10.693522453308105}, "pymm_dram_dev_dax0": {"open_time": 3.8125009536743164, "copy_time": 11.621690511703491, "close_persist_time": 7.07865309715271}, "pymm_dram_dev_dax1": {"open_time": 14.936261653900146, "copy_time": 29.38909101486206, "close_persist_time": 10.650679588317871}, "pymm_dram_nvme": {"open_time": 10.625233173370361, "copy_time": 24.560752153396606, "close_persist_time": 7.4706995487213135}}