{"numpymmap_nvme": {"open_time": 13.732736825942993, "copy_time": 7.364182472229004, "close_persist_time": 15.254496812820435}, "pymm_dram_fs_dax0": {"open_time": 6.757024526596069, "copy_time": 4.710587978363037, "close_persist_time": 2.2207014560699463}, "pymm_dram_fs_dax1": {"open_time": 24.04856276512146, "copy_time": 4.719841957092285, "close_persist_time": 2.3318896293640137}, "pymm_dram_dev_dax0": {"open_time": 3.80448055267334, "copy_time": 4.668206214904785, "close_persist_time": 2.178741931915283}, "pymm_dram_dev_dax1": {"open_time": 14.9497652053833, "copy_time": 4.656433343887329, "close_persist_time": 2.263373374938965}, "pymm_dram_nvme": {"open_time": 10.587002992630005, "copy_time": 6.941983699798584, "close_persist_time": 2.83217716217041}}