{"numpymmap_nvme": {"open_time": 13.889324426651001, "copy_time": 7.398361921310425, "close_persist_time": 16.262874364852905}, "pymm_dram_fs_dax0": {"open_time": 6.760279417037964, "copy_time": 4.825184345245361, "close_persist_time": 2.316742420196533}, "pymm_dram_fs_dax1": {"open_time": 24.088202714920044, "copy_time": 4.942823886871338, "close_persist_time": 2.4640235900878906}, "pymm_dram_dev_dax0": {"open_time": 3.8495609760284424, "copy_time": 4.888718366622925, "close_persist_time": 2.3304388523101807}, "pymm_dram_dev_dax1": {"open_time": 14.942627906799316, "copy_time": 4.858283758163452, "close_persist_time": 2.3710620403289795}, "pymm_dram_nvme": {"open_time": 10.570900440216064, "copy_time": 7.061776876449585, "close_persist_time": 2.9186818599700928}}