{"numpymmap_nvme": {"open_time": 1.4250266551971436, "copy_time": 11.90877652168274, "close_persist_time": 9.944916009902954}, "pymm_dram_fs_dax0": {"open_time": 1.2497460842132568, "copy_time": 7.570330858230591, "close_persist_time": 9.268572330474854}, "pymm_dram_fs_dax1": {"open_time": 3.0847976207733154, "copy_time": 25.594787120819092, "close_persist_time": 11.406451940536499}, "pymm_dram_dev_dax0": {"open_time": 0.8706459999084473, "copy_time": 7.777409553527832, "close_persist_time": 9.334410190582275}, "pymm_dram_dev_dax1": {"open_time": 2.0934743881225586, "copy_time": 25.449352741241455, "close_persist_time": 11.419460773468018}, "pymm_dram_nvme": {"open_time": 1.2553622722625732, "copy_time": 6.214282751083374, "close_persist_time": 2.7301125526428223}}