{"numpymmap_nvme": {"open_time": 1.4461967945098877, "copy_time": 8.019410371780396, "close_persist_time": 15.125785112380981}, "pymm_dram_fs_dax0": {"open_time": 1.2271463871002197, "copy_time": 4.879416465759277, "close_persist_time": 2.2118730545043945}, "pymm_dram_fs_dax1": {"open_time": 3.0737931728363037, "copy_time": 4.886523962020874, "close_persist_time": 2.3651323318481445}, "pymm_dram_dev_dax0": {"open_time": 0.8661825656890869, "copy_time": 4.841987609863281, "close_persist_time": 2.225843667984009}, "pymm_dram_dev_dax1": {"open_time": 2.09159779548645, "copy_time": 4.88020920753479, "close_persist_time": 2.3403048515319824}, "pymm_dram_nvme": {"open_time": 1.2559962272644043, "copy_time": 4.926178932189941, "close_persist_time": 2.3037924766540527}}