{"numpymmap_nvme": {"open_time": 1.435851812362671, "copy_time": 24.81237292289734, "close_persist_time": 31.18082308769226}, "pymm_dram_fs_dax0": {"open_time": 1.230100154876709, "copy_time": 11.500333786010742, "close_persist_time": 7.0467188358306885}, "pymm_dram_fs_dax1": {"open_time": 3.0742785930633545, "copy_time": 29.248740196228027, "close_persist_time": 10.577760219573975}, "pymm_dram_dev_dax0": {"open_time": 0.8775148391723633, "copy_time": 11.445058345794678, "close_persist_time": 6.9856555461883545}, "pymm_dram_dev_dax1": {"open_time": 2.094860315322876, "copy_time": 29.20513653755188, "close_persist_time": 10.547586441040039}, "pymm_dram_nvme": {"open_time": 1.2514102458953857, "copy_time": 10.84668779373169, "close_persist_time": 6.121091842651367}}