{"numpymmap_nvme": {"open_time": 1.4422965049743652, "copy_time": 14.367997646331787, "close_persist_time": 13.24172043800354}, "pymm_dram_fs_dax0": {"open_time": 1.2331175804138184, "copy_time": 5.691664934158325, "close_persist_time": 3.564013957977295}, "pymm_dram_fs_dax1": {"open_time": 3.0734634399414062, "copy_time": 20.083231687545776, "close_persist_time": 6.811375856399536}, "pymm_dram_dev_dax0": {"open_time": 0.866236686706543, "copy_time": 5.630813360214233, "close_persist_time": 3.538325786590576}, "pymm_dram_dev_dax1": {"open_time": 2.093770980834961, "copy_time": 20.12602925300598, "close_persist_time": 6.836534261703491}, "pymm_dram_nvme": {"open_time": 1.2552149295806885, "copy_time": 6.121737241744995, "close_persist_time": 3.3618221282958984}}