{"numpymmap_nvme": {"open_time": 1.453719139099121, "copy_time": 7.377001523971558, "close_persist_time": 16.179428339004517}, "pymm_dram_fs_dax0": {"open_time": 1.2334139347076416, "copy_time": 4.740869045257568, "close_persist_time": 2.281525135040283}, "pymm_dram_fs_dax1": {"open_time": 3.074138641357422, "copy_time": 4.82391619682312, "close_persist_time": 2.416095733642578}, "pymm_dram_dev_dax0": {"open_time": 0.8722274303436279, "copy_time": 4.7376415729522705, "close_persist_time": 2.28604793548584}, "pymm_dram_dev_dax1": {"open_time": 2.090907573699951, "copy_time": 4.725602388381958, "close_persist_time": 2.3616251945495605}, "pymm_dram_nvme": {"open_time": 1.2405800819396973, "copy_time": 4.890255689620972, "close_persist_time": 2.337268352508545}}