{"numpymmap_nvme": {"open_time": 1.5143606662750244, "copy_time": 7.490544557571411, "close_persist_time": 15.536283254623413}, "pymm_dram_fs_dax0": {"open_time": 1.232001543045044, "copy_time": 4.66875147819519, "close_persist_time": 2.2331182956695557}, "pymm_dram_fs_dax1": {"open_time": 3.076038360595703, "copy_time": 4.749590635299683, "close_persist_time": 2.4041953086853027}, "pymm_dram_dev_dax0": {"open_time": 0.8726303577423096, "copy_time": 4.715342044830322, "close_persist_time": 2.261127233505249}, "pymm_dram_dev_dax1": {"open_time": 2.0932185649871826, "copy_time": 4.691068410873413, "close_persist_time": 2.372103214263916}, "pymm_dram_nvme": {"open_time": 1.248126745223999, "copy_time": 4.365646600723267, "close_persist_time": 2.2369589805603027}}