{"numpymmap_nvme": {"open_time": 1.407196283340454, "copy_time": 9.109272003173828, "close_persist_time": 16.832053184509277}, "pymm_dram_fs_dax0": {"open_time": 1.2321844100952148, "copy_time": 6.035991430282593, "close_persist_time": 2.8241333961486816}, "pymm_dram_fs_dax1": {"open_time": 3.0731561183929443, "copy_time": 6.454810380935669, "close_persist_time": 3.3432021141052246}, "pymm_dram_dev_dax0": {"open_time": 0.8802986145019531, "copy_time": 6.059260845184326, "close_persist_time": 2.815638780593872}, "pymm_dram_dev_dax1": {"open_time": 2.093946933746338, "copy_time": 6.420939683914185, "close_persist_time": 3.3463263511657715}, "pymm_dram_nvme": {"open_time": 1.2541120052337646, "copy_time": 5.507467746734619, "close_persist_time": 2.7884395122528076}}