{"numpymmap_nvme": {"open_time": 1.3914544582366943, "copy_time": 24.997071504592896, "close_persist_time": 30.05516743659973}, "pymm_dram_fs_dax0": {"open_time": 1.2414870262145996, "copy_time": 11.425689935684204, "close_persist_time": 6.975054502487183}, "pymm_dram_fs_dax1": {"open_time": 3.0706279277801514, "copy_time": 29.286630630493164, "close_persist_time": 10.586624383926392}, "pymm_dram_dev_dax0": {"open_time": 0.8679625988006592, "copy_time": 11.554530382156372, "close_persist_time": 7.0496673583984375}, "pymm_dram_dev_dax1": {"open_time": 2.090147018432617, "copy_time": 29.282507181167603, "close_persist_time": 10.623923778533936}, "pymm_dram_nvme": {"open_time": 1.2479283809661865, "copy_time": 10.822579383850098, "close_persist_time": 6.095356702804565}}