{"numpymmap_nvme": {"open_time": 1.420297384262085, "copy_time": 7.3890368938446045, "close_persist_time": 13.970175981521606}, "pymm_dram_fs_dax0": {"open_time": 1.2377924919128418, "copy_time": 4.63076639175415, "close_persist_time": 2.209907293319702}, "pymm_dram_fs_dax1": {"open_time": 3.074948310852051, "copy_time": 4.669204473495483, "close_persist_time": 2.329807758331299}, "pymm_dram_dev_dax0": {"open_time": 0.8671729564666748, "copy_time": 4.6366822719573975, "close_persist_time": 2.2237119674682617}, "pymm_dram_dev_dax1": {"open_time": 2.0952982902526855, "copy_time": 4.640829086303711, "close_persist_time": 2.287559986114502}, "pymm_dram_nvme": {"open_time": 1.2599284648895264, "copy_time": 4.327517509460449, "close_persist_time": 2.1941986083984375}}