{"numpymmap_nvme": {"open_time": 1.4256446361541748, "copy_time": 11.93214225769043, "close_persist_time": 10.019944429397583}, "pymm_dram_fs_dax0": {"open_time": 1.2293453216552734, "copy_time": 7.6313581466674805, "close_persist_time": 9.277962923049927}, "pymm_dram_fs_dax1": {"open_time": 3.0741732120513916, "copy_time": 25.36625361442566, "close_persist_time": 11.394149780273438}, "pymm_dram_dev_dax0": {"open_time": 0.8784997463226318, "copy_time": 7.748485088348389, "close_persist_time": 9.315454483032227}, "pymm_dram_dev_dax1": {"open_time": 2.0922272205352783, "copy_time": 25.372501850128174, "close_persist_time": 11.405977725982666}, "pymm_dram_nvme": {"open_time": 1.251103162765503, "copy_time": 6.674962997436523, "close_persist_time": 2.7744736671447754}}