{"numpymmap_nvme": {"open_time": 1.5903780460357666, "copy_time": 7.906793117523193, "close_persist_time": 15.323290824890137}, "pymm_dram_fs_dax0": {"open_time": 1.2234559059143066, "copy_time": 4.905412435531616, "close_persist_time": 2.270617961883545}, "pymm_dram_fs_dax1": {"open_time": 3.077190637588501, "copy_time": 5.01731538772583, "close_persist_time": 2.429241895675659}, "pymm_dram_dev_dax0": {"open_time": 0.8783655166625977, "copy_time": 4.955829620361328, "close_persist_time": 2.2772557735443115}, "pymm_dram_dev_dax1": {"open_time": 2.0919671058654785, "copy_time": 4.974221706390381, "close_persist_time": 2.405104160308838}, "pymm_dram_nvme": {"open_time": 1.2580907344818115, "copy_time": 5.055115699768066, "close_persist_time": 2.370396375656128}}