{"numpymmap_nvme": {"open_time": 1.4735453128814697, "copy_time": 14.33698844909668, "close_persist_time": 13.248615264892578}, "pymm_dram_fs_dax0": {"open_time": 1.2215266227722168, "copy_time": 5.628474235534668, "close_persist_time": 3.529266357421875}, "pymm_dram_fs_dax1": {"open_time": 3.0767927169799805, "copy_time": 20.074787378311157, "close_persist_time": 6.801966667175293}, "pymm_dram_dev_dax0": {"open_time": 0.8660030364990234, "copy_time": 5.617863655090332, "close_persist_time": 3.5311543941497803}, "pymm_dram_dev_dax1": {"open_time": 2.088463544845581, "copy_time": 20.11121892929077, "close_persist_time": 6.874587774276733}, "pymm_dram_nvme": {"open_time": 1.2436866760253906, "copy_time": 6.064286470413208, "close_persist_time": 3.3087780475616455}}