{"numpymmap_nvme": {"open_time": 1.4327826499938965, "copy_time": 7.371185541152954, "close_persist_time": 14.694278955459595}, "pymm_dram_fs_dax0": {"open_time": 1.2424993515014648, "copy_time": 4.835734605789185, "close_persist_time": 2.22379994392395}, "pymm_dram_fs_dax1": {"open_time": 3.0779097080230713, "copy_time": 4.805280447006226, "close_persist_time": 2.3410472869873047}, "pymm_dram_dev_dax0": {"open_time": 0.8775749206542969, "copy_time": 4.78626561164856, "close_persist_time": 2.2337453365325928}, "pymm_dram_dev_dax1": {"open_time": 2.0930402278900146, "copy_time": 4.748842716217041, "close_persist_time": 2.3044919967651367}, "pymm_dram_nvme": {"open_time": 1.2579731941223145, "copy_time": 4.432157516479492, "close_persist_time": 2.2559165954589844}}