{"numpymmap_nvme": {"open_time": 1.4033925533294678, "copy_time": 9.269991397857666, "close_persist_time": 16.798943758010864}, "pymm_dram_fs_dax0": {"open_time": 1.2460472583770752, "copy_time": 5.985135078430176, "close_persist_time": 2.8182239532470703}, "pymm_dram_fs_dax1": {"open_time": 3.072942018508911, "copy_time": 6.28390645980835, "close_persist_time": 3.342982769012451}, "pymm_dram_dev_dax0": {"open_time": 0.8723249435424805, "copy_time": 5.945056438446045, "close_persist_time": 2.8219544887542725}, "pymm_dram_dev_dax1": {"open_time": 2.0892508029937744, "copy_time": 6.301535129547119, "close_persist_time": 3.3239946365356445}, "pymm_dram_nvme": {"open_time": 1.260289192199707, "copy_time": 5.411397933959961, "close_persist_time": 2.796447515487671}}