{"numpymmap_nvme": {"open_time": 1.4283201694488525, "copy_time": 14.40643048286438, "close_persist_time": 13.2528235912323}, "pymm_dram_fs_dax0": {"open_time": 1.2317709922790527, "copy_time": 5.689178228378296, "close_persist_time": 3.61558198928833}, "pymm_dram_fs_dax1": {"open_time": 3.0720324516296387, "copy_time": 20.096086263656616, "close_persist_time": 6.885775804519653}, "pymm_dram_dev_dax0": {"open_time": 0.8813600540161133, "copy_time": 5.682925462722778, "close_persist_time": 3.60335636138916}, "pymm_dram_dev_dax1": {"open_time": 2.0936646461486816, "copy_time": 20.163270711898804, "close_persist_time": 6.852814197540283}, "pymm_dram_nvme": {"open_time": 1.2521209716796875, "copy_time": 5.575775861740112, "close_persist_time": 3.328575372695923}}