{"numpymmap_nvme": {"open_time": 1.4357047080993652, "copy_time": 9.186923503875732, "close_persist_time": 16.467918872833252}, "pymm_dram_fs_dax0": {"open_time": 1.2320382595062256, "copy_time": 6.10281229019165, "close_persist_time": 2.848578691482544}, "pymm_dram_fs_dax1": {"open_time": 3.0785789489746094, "copy_time": 6.439314365386963, "close_persist_time": 3.3710432052612305}, "pymm_dram_dev_dax0": {"open_time": 0.8811261653900146, "copy_time": 6.019019365310669, "close_persist_time": 2.8566653728485107}, "pymm_dram_dev_dax1": {"open_time": 2.089700937271118, "copy_time": 6.357762575149536, "close_persist_time": 3.329634666442871}, "pymm_dram_nvme": {"open_time": 1.2499582767486572, "copy_time": 5.001276969909668, "close_persist_time": 2.738830804824829}}