{"numpymmap_nvme": {"open_time": 1.4936943054199219, "copy_time": 7.779286623001099, "close_persist_time": 14.859805822372437}, "pymm_dram_fs_dax0": {"open_time": 1.2456841468811035, "copy_time": 4.864284992218018, "close_persist_time": 2.3045127391815186}, "pymm_dram_fs_dax1": {"open_time": 3.0747663974761963, "copy_time": 4.857530117034912, "close_persist_time": 2.423537492752075}, "pymm_dram_dev_dax0": {"open_time": 0.8782522678375244, "copy_time": 4.757158041000366, "close_persist_time": 2.2918498516082764}, "pymm_dram_dev_dax1": {"open_time": 2.093402624130249, "copy_time": 4.835253000259399, "close_persist_time": 2.4053328037261963}, "pymm_dram_nvme": {"open_time": 1.2448077201843262, "copy_time": 4.500408887863159, "close_persist_time": 2.280802011489868}}