{"numpymmap_nvme": {"open_time": 1.531928539276123, "copy_time": 7.712528467178345, "close_persist_time": 15.439974784851074}, "pymm_dram_fs_dax0": {"open_time": 1.2229530811309814, "copy_time": 4.8471128940582275, "close_persist_time": 2.330878257751465}, "pymm_dram_fs_dax1": {"open_time": 3.0777642726898193, "copy_time": 4.893354892730713, "close_persist_time": 2.4473023414611816}, "pymm_dram_dev_dax0": {"open_time": 0.866408109664917, "copy_time": 4.847740888595581, "close_persist_time": 2.3187906742095947}, "pymm_dram_dev_dax1": {"open_time": 2.0942459106445312, "copy_time": 4.880638837814331, "close_persist_time": 2.418405532836914}, "pymm_dram_nvme": {"open_time": 1.2536506652832031, "copy_time": 4.478689432144165, "close_persist_time": 2.3382456302642822}}