{"numpymmap_nvme": {"open_time": 1.4452881813049316, "copy_time": 11.909202098846436, "close_persist_time": 9.63564944267273}, "pymm_dram_fs_dax0": {"open_time": 1.2298228740692139, "copy_time": 7.637724161148071, "close_persist_time": 9.279676675796509}, "pymm_dram_fs_dax1": {"open_time": 3.0753042697906494, "copy_time": 25.38694143295288, "close_persist_time": 11.372578620910645}, "pymm_dram_dev_dax0": {"open_time": 0.8705675601959229, "copy_time": 7.713838577270508, "close_persist_time": 9.301281452178955}, "pymm_dram_dev_dax1": {"open_time": 2.0895938873291016, "copy_time": 25.38062834739685, "close_persist_time": 11.406578779220581}, "pymm_dram_nvme": {"open_time": 1.2395126819610596, "copy_time": 6.126532554626465, "close_persist_time": 2.6920197010040283}}