{"numpymmap_nvme": {"open_time": 1.4390032291412354, "copy_time": 25.20870018005371, "close_persist_time": 30.711917400360107}, "pymm_dram_fs_dax0": {"open_time": 1.2274494171142578, "copy_time": 11.45690131187439, "close_persist_time": 6.929357290267944}, "pymm_dram_fs_dax1": {"open_time": 3.075839042663574, "copy_time": 29.28928852081299, "close_persist_time": 10.544492483139038}, "pymm_dram_dev_dax0": {"open_time": 0.8783166408538818, "copy_time": 11.619188785552979, "close_persist_time": 6.978477478027344}, "pymm_dram_dev_dax1": {"open_time": 2.090222120285034, "copy_time": 29.261687517166138, "close_persist_time": 10.595036506652832}, "pymm_dram_nvme": {"open_time": 1.2554755210876465, "copy_time": 10.862786531448364, "close_persist_time": 6.104583024978638}}