{"numpymmap_nvme": {"open_time": 1.4672527313232422, "copy_time": 7.7707178592681885, "close_persist_time": 15.440117359161377}, "pymm_dram_fs_dax0": {"open_time": 1.2270350456237793, "copy_time": 4.832956552505493, "close_persist_time": 2.222538948059082}, "pymm_dram_fs_dax1": {"open_time": 3.0843257904052734, "copy_time": 4.96707010269165, "close_persist_time": 2.3543546199798584}, "pymm_dram_dev_dax0": {"open_time": 0.8804318904876709, "copy_time": 4.893734931945801, "close_persist_time": 2.2622430324554443}, "pymm_dram_dev_dax1": {"open_time": 2.091320276260376, "copy_time": 4.941068410873413, "close_persist_time": 2.361262798309326}, "pymm_dram_nvme": {"open_time": 1.2519044876098633, "copy_time": 5.108854293823242, "close_persist_time": 2.3748748302459717}}