{"numpymmap_nvme": {"open_time": 1.414980173110962, "copy_time": 7.702908754348755, "close_persist_time": 14.990665912628174}, "pymm_dram_fs_dax0": {"open_time": 1.2485675811767578, "copy_time": 4.90704083442688, "close_persist_time": 2.333789110183716}, "pymm_dram_fs_dax1": {"open_time": 3.0726213455200195, "copy_time": 4.927672386169434, "close_persist_time": 2.347862958908081}, "pymm_dram_dev_dax0": {"open_time": 0.870764970779419, "copy_time": 4.885416507720947, "close_persist_time": 2.2685227394104004}, "pymm_dram_dev_dax1": {"open_time": 2.097160577774048, "copy_time": 4.897085666656494, "close_persist_time": 2.3593547344207764}, "pymm_dram_nvme": {"open_time": 1.2449491024017334, "copy_time": 4.972183704376221, "close_persist_time": 2.315762519836426}}