{"numpymmap_nvme": {"open_time": 1.4137542247772217, "copy_time": 9.28324031829834, "close_persist_time": 15.790483236312866}, "pymm_dram_fs_dax0": {"open_time": 1.2203786373138428, "copy_time": 6.086407661437988, "close_persist_time": 2.8923757076263428}, "pymm_dram_fs_dax1": {"open_time": 3.0868940353393555, "copy_time": 6.473459482192993, "close_persist_time": 3.4345288276672363}, "pymm_dram_dev_dax0": {"open_time": 0.879335880279541, "copy_time": 6.088555574417114, "close_persist_time": 2.9077415466308594}, "pymm_dram_dev_dax1": {"open_time": 2.088149070739746, "copy_time": 6.419610023498535, "close_persist_time": 3.4462900161743164}, "pymm_dram_nvme": {"open_time": 1.2538378238677979, "copy_time": 5.573344707489014, "close_persist_time": 2.8451175689697266}}