{"numpymmap_nvme": {"open_time": 1.6392548084259033, "copy_time": 7.5959553718566895, "close_persist_time": 15.045778036117554}, "pymm_dram_fs_dax0": {"open_time": 1.2308297157287598, "copy_time": 4.816570043563843, "close_persist_time": 2.215667247772217}, "pymm_dram_fs_dax1": {"open_time": 3.0774106979370117, "copy_time": 4.836918830871582, "close_persist_time": 2.372368574142456}, "pymm_dram_dev_dax0": {"open_time": 0.8763487339019775, "copy_time": 4.812553882598877, "close_persist_time": 2.2225537300109863}, "pymm_dram_dev_dax1": {"open_time": 2.0964548587799072, "copy_time": 4.818291664123535, "close_persist_time": 2.2849042415618896}, "pymm_dram_nvme": {"open_time": 1.244251012802124, "copy_time": 4.496983051300049, "close_persist_time": 2.2111809253692627}}