{"numpymmap_nvme": {"open_time": 1.5037472248077393, "copy_time": 7.637286424636841, "close_persist_time": 15.951659202575684}, "pymm_dram_fs_dax0": {"open_time": 1.238149642944336, "copy_time": 5.022216796875, "close_persist_time": 2.2414801120758057}, "pymm_dram_fs_dax1": {"open_time": 3.0779354572296143, "copy_time": 5.085812330245972, "close_persist_time": 2.3504550457000732}, "pymm_dram_dev_dax0": {"open_time": 0.8701393604278564, "copy_time": 5.0266783237457275, "close_persist_time": 2.2408933639526367}, "pymm_dram_dev_dax1": {"open_time": 2.0961666107177734, "copy_time": 5.022302150726318, "close_persist_time": 2.3343048095703125}, "pymm_dram_nvme": {"open_time": 1.242771863937378, "copy_time": 4.723884344100952, "close_persist_time": 2.2524094581604004}}