{"numpymmap_nvme": {"open_time": 1.4663195610046387, "copy_time": 14.360594749450684, "close_persist_time": 13.174710512161255}, "pymm_dram_fs_dax0": {"open_time": 1.2292585372924805, "copy_time": 5.762096166610718, "close_persist_time": 3.6368026733398438}, "pymm_dram_fs_dax1": {"open_time": 3.0844173431396484, "copy_time": 20.092791080474854, "close_persist_time": 6.885639905929565}, "pymm_dram_dev_dax0": {"open_time": 0.8809030055999756, "copy_time": 5.70025897026062, "close_persist_time": 3.604635238647461}, "pymm_dram_dev_dax1": {"open_time": 2.095637083053589, "copy_time": 20.212649822235107, "close_persist_time": 6.917929410934448}, "pymm_dram_nvme": {"open_time": 1.2535858154296875, "copy_time": 5.574065446853638, "close_persist_time": 3.3181068897247314}}