{"numpymmap_nvme": {"open_time": 1.4423468112945557, "copy_time": 11.850784301757812, "close_persist_time": 9.580881118774414}, "pymm_dram_fs_dax0": {"open_time": 1.2446823120117188, "copy_time": 7.757997989654541, "close_persist_time": 9.301002502441406}, "pymm_dram_fs_dax1": {"open_time": 3.0727107524871826, "copy_time": 25.393688678741455, "close_persist_time": 11.377403259277344}, "pymm_dram_dev_dax0": {"open_time": 0.8727207183837891, "copy_time": 7.748551845550537, "close_persist_time": 9.307371854782104}, "pymm_dram_dev_dax1": {"open_time": 2.091864824295044, "copy_time": 25.4033625125885, "close_persist_time": 11.402642488479614}, "pymm_dram_nvme": {"open_time": 1.2508881092071533, "copy_time": 6.6525866985321045, "close_persist_time": 2.7628543376922607}}