{"numpymmap_nvme": {"open_time": 1.4492523670196533, "copy_time": 25.027938842773438, "close_persist_time": 31.43725037574768}, "pymm_dram_fs_dax0": {"open_time": 1.2356209754943848, "copy_time": 11.62515139579773, "close_persist_time": 6.98230767250061}, "pymm_dram_fs_dax1": {"open_time": 3.0728414058685303, "copy_time": 29.408822774887085, "close_persist_time": 10.638170719146729}, "pymm_dram_dev_dax0": {"open_time": 0.8813290596008301, "copy_time": 11.643123626708984, "close_persist_time": 6.985708713531494}, "pymm_dram_dev_dax1": {"open_time": 2.0901129245758057, "copy_time": 29.51984190940857, "close_persist_time": 10.621824741363525}, "pymm_dram_nvme": {"open_time": 1.2560968399047852, "copy_time": 11.033198833465576, "close_persist_time": 6.130606651306152}}