{"numpymmap_nvme": {"open_time": 1.4433834552764893, "copy_time": 24.91112971305847, "close_persist_time": 30.68266797065735}, "pymm_dram_fs_dax0": {"open_time": 1.2298681735992432, "copy_time": 11.51815390586853, "close_persist_time": 7.006669521331787}, "pymm_dram_fs_dax1": {"open_time": 3.0787694454193115, "copy_time": 29.339107275009155, "close_persist_time": 10.663153886795044}, "pymm_dram_dev_dax0": {"open_time": 0.879533052444458, "copy_time": 11.529898643493652, "close_persist_time": 7.024101495742798}, "pymm_dram_dev_dax1": {"open_time": 2.094825267791748, "copy_time": 29.449013710021973, "close_persist_time": 10.627233266830444}, "pymm_dram_nvme": {"open_time": 1.2555315494537354, "copy_time": 10.900240898132324, "close_persist_time": 6.127401113510132}}