{"numpymmap_nvme": {"open_time": 1.4689865112304688, "copy_time": 7.849512577056885, "close_persist_time": 15.850931167602539}, "pymm_dram_fs_dax0": {"open_time": 1.220461368560791, "copy_time": 4.822999000549316, "close_persist_time": 2.295485258102417}, "pymm_dram_fs_dax1": {"open_time": 3.0820624828338623, "copy_time": 4.953852891921997, "close_persist_time": 2.3922784328460693}, "pymm_dram_dev_dax0": {"open_time": 0.8771688938140869, "copy_time": 4.933279275894165, "close_persist_time": 2.291379451751709}, "pymm_dram_dev_dax1": {"open_time": 2.092712879180908, "copy_time": 4.89299464225769, "close_persist_time": 2.3704020977020264}, "pymm_dram_nvme": {"open_time": 1.2582523822784424, "copy_time": 4.565641164779663, "close_persist_time": 2.239363193511963}}