{"numpymmap_nvme": {"open_time": 1.5015974044799805, "copy_time": 14.41582703590393, "close_persist_time": 13.201395034790039}, "pymm_dram_fs_dax0": {"open_time": 1.2479498386383057, "copy_time": 5.744070291519165, "close_persist_time": 3.630547523498535}, "pymm_dram_fs_dax1": {"open_time": 3.0731170177459717, "copy_time": 20.09846782684326, "close_persist_time": 6.885104417800903}, "pymm_dram_dev_dax0": {"open_time": 0.8813419342041016, "copy_time": 5.708549737930298, "close_persist_time": 3.6094295978546143}, "pymm_dram_dev_dax1": {"open_time": 2.0981507301330566, "copy_time": 20.210267066955566, "close_persist_time": 6.9199934005737305}, "pymm_dram_nvme": {"open_time": 1.257249116897583, "copy_time": 5.583761930465698, "close_persist_time": 3.325709819793701}}