{"numpymmap_nvme": {"open_time": 1.4264185428619385, "copy_time": 11.88673996925354, "close_persist_time": 9.586673498153687}, "pymm_dram_fs_dax0": {"open_time": 1.231557846069336, "copy_time": 7.632426023483276, "close_persist_time": 9.281269311904907}, "pymm_dram_fs_dax1": {"open_time": 3.0808963775634766, "copy_time": 25.435076475143433, "close_persist_time": 11.372823476791382}, "pymm_dram_dev_dax0": {"open_time": 0.8716380596160889, "copy_time": 7.633426666259766, "close_persist_time": 9.289494514465332}, "pymm_dram_dev_dax1": {"open_time": 2.096045732498169, "copy_time": 25.532525539398193, "close_persist_time": 11.376628160476685}, "pymm_dram_nvme": {"open_time": 1.2560908794403076, "copy_time": 6.6628031730651855, "close_persist_time": 2.7728233337402344}}