{"numpymmap_nvme": {"open_time": 1.500779628753662, "copy_time": 7.666853189468384, "close_persist_time": 13.812212467193604}, "pymm_dram_fs_dax0": {"open_time": 1.2504417896270752, "copy_time": 4.992322206497192, "close_persist_time": 2.2799341678619385}, "pymm_dram_fs_dax1": {"open_time": 3.0809519290924072, "copy_time": 5.0333945751190186, "close_persist_time": 2.4177346229553223}, "pymm_dram_dev_dax0": {"open_time": 0.8787813186645508, "copy_time": 4.928248643875122, "close_persist_time": 2.2984492778778076}, "pymm_dram_dev_dax1": {"open_time": 2.090498685836792, "copy_time": 4.98814582824707, "close_persist_time": 2.393068552017212}, "pymm_dram_nvme": {"open_time": 1.2568366527557373, "copy_time": 4.572705268859863, "close_persist_time": 2.2877633571624756}}