{"numpymmap_nvme": {"open_time": 1.456244707107544, "copy_time": 7.520598888397217, "close_persist_time": 14.838796138763428}, "pymm_dram_fs_dax0": {"open_time": 1.242954969406128, "copy_time": 4.710024833679199, "close_persist_time": 2.3525776863098145}, "pymm_dram_fs_dax1": {"open_time": 3.074568271636963, "copy_time": 4.803959846496582, "close_persist_time": 2.4169960021972656}, "pymm_dram_dev_dax0": {"open_time": 0.8834884166717529, "copy_time": 4.780510663986206, "close_persist_time": 2.301511764526367}, "pymm_dram_dev_dax1": {"open_time": 2.0918004512786865, "copy_time": 4.7615721225738525, "close_persist_time": 2.4083616733551025}, "pymm_dram_nvme": {"open_time": 1.2448089122772217, "copy_time": 4.398037672042847, "close_persist_time": 2.250094413757324}}