{"numpymmap_nvme": {"open_time": 1.407649040222168, "copy_time": 9.270493984222412, "close_persist_time": 16.413336753845215}, "pymm_dram_fs_dax0": {"open_time": 1.2227904796600342, "copy_time": 6.093997001647949, "close_persist_time": 2.857149124145508}, "pymm_dram_fs_dax1": {"open_time": 3.07362961769104, "copy_time": 6.395704030990601, "close_persist_time": 3.366230010986328}, "pymm_dram_dev_dax0": {"open_time": 0.8666598796844482, "copy_time": 5.984385013580322, "close_persist_time": 2.831984519958496}, "pymm_dram_dev_dax1": {"open_time": 2.0896050930023193, "copy_time": 6.416874170303345, "close_persist_time": 3.3376166820526123}, "pymm_dram_nvme": {"open_time": 1.250842809677124, "copy_time": 4.9427549839019775, "close_persist_time": 2.7352609634399414}}