{"numpymmap_nvme": {"open_time": 1.4333961009979248, "copy_time": 9.057332992553711, "close_persist_time": 17.30476188659668}, "pymm_dram_fs_dax0": {"open_time": 1.2407143115997314, "copy_time": 6.004301309585571, "close_persist_time": 2.8793747425079346}, "pymm_dram_fs_dax1": {"open_time": 3.0816538333892822, "copy_time": 6.382554292678833, "close_persist_time": 3.35003399848938}, "pymm_dram_dev_dax0": {"open_time": 0.8791825771331787, "copy_time": 5.98483943939209, "close_persist_time": 2.847562313079834}, "pymm_dram_dev_dax1": {"open_time": 2.092111825942993, "copy_time": 6.3557047843933105, "close_persist_time": 3.364119291305542}, "pymm_dram_nvme": {"open_time": 1.2441444396972656, "copy_time": 5.422956943511963, "close_persist_time": 2.773569345474243}}