{"numpymmap_nvme": {"open_time": 1.4454741477966309, "copy_time": 7.663090467453003, "close_persist_time": 15.937023162841797}, "pymm_dram_fs_dax0": {"open_time": 1.2338297367095947, "copy_time": 4.7098212242126465, "close_persist_time": 2.230172634124756}, "pymm_dram_fs_dax1": {"open_time": 3.0881240367889404, "copy_time": 4.822521209716797, "close_persist_time": 2.3938002586364746}, "pymm_dram_dev_dax0": {"open_time": 0.8710339069366455, "copy_time": 4.70753288269043, "close_persist_time": 2.284801959991455}, "pymm_dram_dev_dax1": {"open_time": 2.09187388420105, "copy_time": 4.670900583267212, "close_persist_time": 2.3419675827026367}, "pymm_dram_nvme": {"open_time": 1.250542163848877, "copy_time": 4.871611595153809, "close_persist_time": 2.3262364864349365}}