{"numpymmap_nvme": {"open_time": 1.46122145652771, "copy_time": 7.589826583862305, "close_persist_time": 15.289856433868408}, "pymm_dram_fs_dax0": {"open_time": 1.2450106143951416, "copy_time": 4.698625564575195, "close_persist_time": 2.3085527420043945}, "pymm_dram_fs_dax1": {"open_time": 3.0748066902160645, "copy_time": 4.818589925765991, "close_persist_time": 2.3892159461975098}, "pymm_dram_dev_dax0": {"open_time": 0.8777561187744141, "copy_time": 4.7290260791778564, "close_persist_time": 2.329164981842041}, "pymm_dram_dev_dax1": {"open_time": 2.0969479084014893, "copy_time": 4.7797136306762695, "close_persist_time": 2.405085325241089}, "pymm_dram_nvme": {"open_time": 1.2528672218322754, "copy_time": 4.895700693130493, "close_persist_time": 2.378329038619995}}