{"numpymmap_nvme": {"open_time": 1.4443275928497314, "copy_time": 24.85563039779663, "close_persist_time": 30.43291711807251}, "pymm_dram_fs_dax0": {"open_time": 1.2437334060668945, "copy_time": 11.554451704025269, "close_persist_time": 7.0452001094818115}, "pymm_dram_fs_dax1": {"open_time": 3.0746850967407227, "copy_time": 29.318169832229614, "close_persist_time": 10.724722146987915}, "pymm_dram_dev_dax0": {"open_time": 0.8688406944274902, "copy_time": 11.578264713287354, "close_persist_time": 7.067340850830078}, "pymm_dram_dev_dax1": {"open_time": 2.089435338973999, "copy_time": 29.376179456710815, "close_persist_time": 10.68061351776123}, "pymm_dram_nvme": {"open_time": 1.2562546730041504, "copy_time": 11.482630491256714, "close_persist_time": 6.233796119689941}}