{"numpymmap_nvme": {"open_time": 1.4550464153289795, "copy_time": 11.92406678199768, "close_persist_time": 9.611824750900269}, "pymm_dram_fs_dax0": {"open_time": 1.2263226509094238, "copy_time": 7.682022571563721, "close_persist_time": 9.283104658126831}, "pymm_dram_fs_dax1": {"open_time": 3.0744025707244873, "copy_time": 25.36845064163208, "close_persist_time": 11.399172306060791}, "pymm_dram_dev_dax0": {"open_time": 0.8791711330413818, "copy_time": 7.753096103668213, "close_persist_time": 9.315036058425903}, "pymm_dram_dev_dax1": {"open_time": 2.09622859954834, "copy_time": 25.383689880371094, "close_persist_time": 11.399998903274536}, "pymm_dram_nvme": {"open_time": 1.256340503692627, "copy_time": 6.671530246734619, "close_persist_time": 2.769545078277588}}