{"numpymmap_nvme": {"open_time": 1.4287290573120117, "copy_time": 7.62101936340332, "close_persist_time": 15.970525979995728}, "pymm_dram_fs_dax0": {"open_time": 1.249433994293213, "copy_time": 4.916731595993042, "close_persist_time": 2.337740898132324}, "pymm_dram_fs_dax1": {"open_time": 3.0916531085968018, "copy_time": 5.004278659820557, "close_persist_time": 2.4475274085998535}, "pymm_dram_dev_dax0": {"open_time": 0.8783748149871826, "copy_time": 4.978914737701416, "close_persist_time": 2.305997610092163}, "pymm_dram_dev_dax1": {"open_time": 2.0939815044403076, "copy_time": 4.972541332244873, "close_persist_time": 2.402141809463501}, "pymm_dram_nvme": {"open_time": 1.2506530284881592, "copy_time": 5.0522825717926025, "close_persist_time": 2.319420099258423}}