{"numpymmap_nvme": {"open_time": 1.4497644901275635, "copy_time": 14.292502880096436, "close_persist_time": 13.252700805664062}, "pymm_dram_fs_dax0": {"open_time": 1.2224113941192627, "copy_time": 5.637651443481445, "close_persist_time": 3.537841796875}, "pymm_dram_fs_dax1": {"open_time": 3.0708580017089844, "copy_time": 20.080057859420776, "close_persist_time": 6.8204567432403564}, "pymm_dram_dev_dax0": {"open_time": 0.8676679134368896, "copy_time": 5.626697778701782, "close_persist_time": 3.5364091396331787}, "pymm_dram_dev_dax1": {"open_time": 2.0914132595062256, "copy_time": 20.148793697357178, "close_persist_time": 6.840772390365601}, "pymm_dram_nvme": {"open_time": 1.2454724311828613, "copy_time": 5.5163915157318115, "close_persist_time": 3.262082815170288}}