{"numpymmap_nvme": {"open_time": 1.4137334823608398, "copy_time": 7.497087001800537, "close_persist_time": 14.744642734527588}, "pymm_dram_fs_dax0": {"open_time": 1.245938777923584, "copy_time": 4.760563135147095, "close_persist_time": 2.2516415119171143}, "pymm_dram_fs_dax1": {"open_time": 3.0699338912963867, "copy_time": 4.8356122970581055, "close_persist_time": 2.342940330505371}, "pymm_dram_dev_dax0": {"open_time": 0.8795204162597656, "copy_time": 4.774547338485718, "close_persist_time": 2.245492935180664}, "pymm_dram_dev_dax1": {"open_time": 2.091430902481079, "copy_time": 4.803969383239746, "close_persist_time": 2.3536734580993652}, "pymm_dram_nvme": {"open_time": 1.2560350894927979, "copy_time": 4.452902555465698, "close_persist_time": 2.233692169189453}}