{"numpymmap_nvme": {"open_time": 1.4477770328521729, "copy_time": 24.882837772369385, "close_persist_time": 30.53132939338684}, "pymm_dram_fs_dax0": {"open_time": 1.2296650409698486, "copy_time": 11.346647262573242, "close_persist_time": 6.9968883991241455}, "pymm_dram_fs_dax1": {"open_time": 3.0754201412200928, "copy_time": 29.244548797607422, "close_persist_time": 10.67232608795166}, "pymm_dram_dev_dax0": {"open_time": 0.879227876663208, "copy_time": 11.378759622573853, "close_persist_time": 6.947883605957031}, "pymm_dram_dev_dax1": {"open_time": 2.089254140853882, "copy_time": 29.194180250167847, "close_persist_time": 10.647883653640747}, "pymm_dram_nvme": {"open_time": 1.247063159942627, "copy_time": 11.370246410369873, "close_persist_time": 6.157152414321899}}