{"numpymmap_nvme": {"open_time": 1.4365794658660889, "copy_time": 9.271165370941162, "close_persist_time": 18.10407042503357}, "pymm_dram_fs_dax0": {"open_time": 1.2246675491333008, "copy_time": 6.069057464599609, "close_persist_time": 2.9165825843811035}, "pymm_dram_fs_dax1": {"open_time": 3.072679042816162, "copy_time": 6.476600408554077, "close_persist_time": 3.495885133743286}, "pymm_dram_dev_dax0": {"open_time": 0.8785130977630615, "copy_time": 6.0975892543792725, "close_persist_time": 2.8962936401367188}, "pymm_dram_dev_dax1": {"open_time": 2.089608907699585, "copy_time": 6.43023681640625, "close_persist_time": 3.40963077545166}, "pymm_dram_nvme": {"open_time": 1.2550621032714844, "copy_time": 5.044029235839844, "close_persist_time": 2.7914931774139404}}