{"numpymmap_nvme": {"open_time": 1.4362359046936035, "copy_time": 7.942161321640015, "close_persist_time": 15.422879695892334}, "pymm_dram_fs_dax0": {"open_time": 1.2226386070251465, "copy_time": 5.061106443405151, "close_persist_time": 2.29838228225708}, "pymm_dram_fs_dax1": {"open_time": 3.0840911865234375, "copy_time": 5.123254060745239, "close_persist_time": 2.45355224609375}, "pymm_dram_dev_dax0": {"open_time": 0.8752670288085938, "copy_time": 5.0492284297943115, "close_persist_time": 2.346088409423828}, "pymm_dram_dev_dax1": {"open_time": 2.096322774887085, "copy_time": 5.071496248245239, "close_persist_time": 2.4313511848449707}, "pymm_dram_nvme": {"open_time": 1.2510523796081543, "copy_time": 4.620967149734497, "close_persist_time": 2.3006601333618164}}