{"numpymmap_nvme": {"open_time": 1.483048915863037, "copy_time": 14.451550722122192, "close_persist_time": 13.351456880569458}, "pymm_dram_fs_dax0": {"open_time": 1.228499412536621, "copy_time": 5.6881842613220215, "close_persist_time": 3.597317695617676}, "pymm_dram_fs_dax1": {"open_time": 3.0751492977142334, "copy_time": 20.111032962799072, "close_persist_time": 6.879674673080444}, "pymm_dram_dev_dax0": {"open_time": 0.8815734386444092, "copy_time": 5.69953179359436, "close_persist_time": 3.601942300796509}, "pymm_dram_dev_dax1": {"open_time": 2.0923266410827637, "copy_time": 20.118463277816772, "close_persist_time": 6.840022325515747}, "pymm_dram_nvme": {"open_time": 1.2503528594970703, "copy_time": 5.562610149383545, "close_persist_time": 3.2751848697662354}}