{"numpymmap_nvme": {"open_time": 1.4386396408081055, "copy_time": 11.94205927848816, "close_persist_time": 9.590907096862793}, "pymm_dram_fs_dax0": {"open_time": 1.2294270992279053, "copy_time": 7.694383859634399, "close_persist_time": 9.289061307907104}, "pymm_dram_fs_dax1": {"open_time": 3.077110528945923, "copy_time": 25.38232159614563, "close_persist_time": 11.37722659111023}, "pymm_dram_dev_dax0": {"open_time": 0.8730525970458984, "copy_time": 7.74447226524353, "close_persist_time": 9.314346075057983}, "pymm_dram_dev_dax1": {"open_time": 2.091153144836426, "copy_time": 25.5067241191864, "close_persist_time": 11.378955125808716}, "pymm_dram_nvme": {"open_time": 1.2525255680084229, "copy_time": 6.175668001174927, "close_persist_time": 2.715773344039917}}