{"numpymmap_nvme": {"open_time": 1.4163899421691895, "copy_time": 7.4483802318573, "close_persist_time": 13.885801315307617}, "pymm_dram_fs_dax0": {"open_time": 1.2207119464874268, "copy_time": 4.725087881088257, "close_persist_time": 2.257737159729004}, "pymm_dram_fs_dax1": {"open_time": 3.0767123699188232, "copy_time": 4.79808235168457, "close_persist_time": 2.3685007095336914}, "pymm_dram_dev_dax0": {"open_time": 0.8679530620574951, "copy_time": 4.786302328109741, "close_persist_time": 2.265089988708496}, "pymm_dram_dev_dax1": {"open_time": 2.094454765319824, "copy_time": 4.777693033218384, "close_persist_time": 2.3297183513641357}, "pymm_dram_nvme": {"open_time": 1.255561351776123, "copy_time": 4.4124627113342285, "close_persist_time": 2.2186007499694824}}