{"numpymmap_nvme": {"open_time": 1.4345347881317139, "copy_time": 14.42054796218872, "close_persist_time": 13.288496017456055}, "pymm_dram_fs_dax0": {"open_time": 1.2314202785491943, "copy_time": 5.768324613571167, "close_persist_time": 3.6542646884918213}, "pymm_dram_fs_dax1": {"open_time": 3.0751943588256836, "copy_time": 20.08912706375122, "close_persist_time": 6.8888959884643555}, "pymm_dram_dev_dax0": {"open_time": 0.8692994117736816, "copy_time": 5.703845977783203, "close_persist_time": 3.626678466796875}, "pymm_dram_dev_dax1": {"open_time": 2.0944738388061523, "copy_time": 20.096460103988647, "close_persist_time": 6.889673709869385}, "pymm_dram_nvme": {"open_time": 1.2527198791503906, "copy_time": 5.55651330947876, "close_persist_time": 3.285978317260742}}