{"numpymmap_nvme": {"open_time": 1.3855550289154053, "copy_time": 11.96278429031372, "close_persist_time": 9.636378526687622}, "pymm_dram_fs_dax0": {"open_time": 1.2316594123840332, "copy_time": 7.620238780975342, "close_persist_time": 9.307925939559937}, "pymm_dram_fs_dax1": {"open_time": 3.082974433898926, "copy_time": 25.554795265197754, "close_persist_time": 11.380822658538818}, "pymm_dram_dev_dax0": {"open_time": 0.8729422092437744, "copy_time": 7.754113435745239, "close_persist_time": 9.315127611160278}, "pymm_dram_dev_dax1": {"open_time": 2.0977256298065186, "copy_time": 25.375234603881836, "close_persist_time": 11.397977113723755}, "pymm_dram_nvme": {"open_time": 1.2525215148925781, "copy_time": 6.2109808921813965, "close_persist_time": 2.7282841205596924}}