{"numpymmap_nvme": {"open_time": 1.4371669292449951, "copy_time": 9.269956350326538, "close_persist_time": 17.836236715316772}, "pymm_dram_fs_dax0": {"open_time": 1.2411556243896484, "copy_time": 6.033828020095825, "close_persist_time": 2.8157355785369873}, "pymm_dram_fs_dax1": {"open_time": 3.0758414268493652, "copy_time": 6.393883466720581, "close_persist_time": 3.3348443508148193}, "pymm_dram_dev_dax0": {"open_time": 0.8733730316162109, "copy_time": 6.09371542930603, "close_persist_time": 2.831845760345459}, "pymm_dram_dev_dax1": {"open_time": 2.0939512252807617, "copy_time": 6.393752098083496, "close_persist_time": 3.3113276958465576}, "pymm_dram_nvme": {"open_time": 1.2606539726257324, "copy_time": 5.470248460769653, "close_persist_time": 2.7868027687072754}}