{"numpymmap_nvme": {"open_time": 1.4848370552062988, "copy_time": 7.794107437133789, "close_persist_time": 15.817752361297607}, "pymm_dram_fs_dax0": {"open_time": 1.2531907558441162, "copy_time": 4.9703528881073, "close_persist_time": 2.2411324977874756}, "pymm_dram_fs_dax1": {"open_time": 3.076251745223999, "copy_time": 5.04573130607605, "close_persist_time": 2.366682529449463}, "pymm_dram_dev_dax0": {"open_time": 0.8809709548950195, "copy_time": 5.023701190948486, "close_persist_time": 2.266247510910034}, "pymm_dram_dev_dax1": {"open_time": 2.0882182121276855, "copy_time": 4.977679014205933, "close_persist_time": 2.3515431880950928}, "pymm_dram_nvme": {"open_time": 1.2494070529937744, "copy_time": 4.601057052612305, "close_persist_time": 2.242617130279541}}