{"numpymmap_nvme": {"open_time": 1.442922592163086, "copy_time": 7.451995611190796, "close_persist_time": 15.264817476272583}, "pymm_dram_fs_dax0": {"open_time": 1.2341010570526123, "copy_time": 4.7225542068481445, "close_persist_time": 2.2223262786865234}, "pymm_dram_fs_dax1": {"open_time": 3.0775623321533203, "copy_time": 4.749719858169556, "close_persist_time": 2.353274345397949}, "pymm_dram_dev_dax0": {"open_time": 0.8780155181884766, "copy_time": 4.733134746551514, "close_persist_time": 2.2474939823150635}, "pymm_dram_dev_dax1": {"open_time": 2.0896005630493164, "copy_time": 4.714777231216431, "close_persist_time": 2.3532521724700928}, "pymm_dram_nvme": {"open_time": 1.2513315677642822, "copy_time": 4.389329433441162, "close_persist_time": 2.2070140838623047}}