{"numpymmap_nvme": {"open_time": 1.4949946403503418, "copy_time": 24.99746322631836, "close_persist_time": 31.27529215812683}, "pymm_dram_fs_dax0": {"open_time": 1.221496820449829, "copy_time": 11.491301774978638, "close_persist_time": 6.977196931838989}, "pymm_dram_fs_dax1": {"open_time": 3.0695784091949463, "copy_time": 29.390677452087402, "close_persist_time": 10.668363571166992}, "pymm_dram_dev_dax0": {"open_time": 0.8791871070861816, "copy_time": 11.53491473197937, "close_persist_time": 6.986325740814209}, "pymm_dram_dev_dax1": {"open_time": 2.088283061981201, "copy_time": 29.347349643707275, "close_persist_time": 10.573569059371948}, "pymm_dram_nvme": {"open_time": 1.2515578269958496, "copy_time": 10.95947813987732, "close_persist_time": 6.138715744018555}}