{"numpymmap_nvme": {"open_time": 1.439319372177124, "copy_time": 7.626824378967285, "close_persist_time": 14.96612811088562}, "pymm_dram_fs_dax0": {"open_time": 1.2209720611572266, "copy_time": 4.781245231628418, "close_persist_time": 2.2458724975585938}, "pymm_dram_fs_dax1": {"open_time": 3.07366681098938, "copy_time": 4.837881326675415, "close_persist_time": 2.3448073863983154}, "pymm_dram_dev_dax0": {"open_time": 0.8677821159362793, "copy_time": 4.7537572383880615, "close_persist_time": 2.258356809616089}, "pymm_dram_dev_dax1": {"open_time": 2.0912303924560547, "copy_time": 4.721690654754639, "close_persist_time": 2.3376033306121826}, "pymm_dram_nvme": {"open_time": 1.2564711570739746, "copy_time": 4.920242547988892, "close_persist_time": 2.335615396499634}}