{"numpymmap_nvme": {"open_time": 1.4359548091888428, "copy_time": 7.612926959991455, "close_persist_time": 15.449416637420654}, "pymm_dram_fs_dax0": {"open_time": 1.2440080642700195, "copy_time": 4.79206657409668, "close_persist_time": 2.2758915424346924}, "pymm_dram_fs_dax1": {"open_time": 3.073115110397339, "copy_time": 4.824416160583496, "close_persist_time": 2.409264326095581}, "pymm_dram_dev_dax0": {"open_time": 0.881230354309082, "copy_time": 4.725966691970825, "close_persist_time": 2.296926498413086}, "pymm_dram_dev_dax1": {"open_time": 2.094499349594116, "copy_time": 4.766954660415649, "close_persist_time": 2.380786895751953}, "pymm_dram_nvme": {"open_time": 1.256089687347412, "copy_time": 4.422061204910278, "close_persist_time": 2.2982029914855957}}