{"numpymmap_nvme": {"open_time": 1.4168682098388672, "copy_time": 7.455504655838013, "close_persist_time": 15.422357082366943}, "pymm_dram_fs_dax0": {"open_time": 1.2308132648468018, "copy_time": 4.784263610839844, "close_persist_time": 2.290132761001587}, "pymm_dram_fs_dax1": {"open_time": 3.0803253650665283, "copy_time": 4.823503255844116, "close_persist_time": 2.3592894077301025}, "pymm_dram_dev_dax0": {"open_time": 0.8733243942260742, "copy_time": 4.722771167755127, "close_persist_time": 2.284484624862671}, "pymm_dram_dev_dax1": {"open_time": 2.0902888774871826, "copy_time": 4.805607795715332, "close_persist_time": 2.3350813388824463}, "pymm_dram_nvme": {"open_time": 1.2546162605285645, "copy_time": 4.93447208404541, "close_persist_time": 2.334500551223755}}