{"numpymmap_nvme": {"open_time": 1.4275553226470947, "copy_time": 14.294689416885376, "close_persist_time": 13.202183961868286}, "pymm_dram_fs_dax0": {"open_time": 1.2233433723449707, "copy_time": 5.6989171504974365, "close_persist_time": 3.604774236679077}, "pymm_dram_fs_dax1": {"open_time": 3.078662872314453, "copy_time": 20.142744541168213, "close_persist_time": 6.8936309814453125}, "pymm_dram_dev_dax0": {"open_time": 0.8817129135131836, "copy_time": 5.704256057739258, "close_persist_time": 3.6420538425445557}, "pymm_dram_dev_dax1": {"open_time": 2.0897903442382812, "copy_time": 20.108304023742676, "close_persist_time": 6.892691612243652}, "pymm_dram_nvme": {"open_time": 1.263139009475708, "copy_time": 5.639023542404175, "close_persist_time": 3.3753838539123535}}