{"numpymmap_nvme": {"open_time": 1.4216899871826172, "copy_time": 9.170186758041382, "close_persist_time": 17.899125814437866}, "pymm_dram_fs_dax0": {"open_time": 1.235093593597412, "copy_time": 6.11095666885376, "close_persist_time": 2.8873963356018066}, "pymm_dram_fs_dax1": {"open_time": 3.07464337348938, "copy_time": 6.470396995544434, "close_persist_time": 3.3792598247528076}, "pymm_dram_dev_dax0": {"open_time": 0.8772690296173096, "copy_time": 6.028415203094482, "close_persist_time": 2.84122896194458}, "pymm_dram_dev_dax1": {"open_time": 2.091374397277832, "copy_time": 6.41787576675415, "close_persist_time": 3.3444275856018066}, "pymm_dram_nvme": {"open_time": 1.2449815273284912, "copy_time": 5.457953929901123, "close_persist_time": 2.8006088733673096}}