{"numpymmap_nvme": {"open_time": 1.4281892776489258, "copy_time": 11.914977312088013, "close_persist_time": 9.579919576644897}, "pymm_dram_fs_dax0": {"open_time": 1.2278227806091309, "copy_time": 7.671285629272461, "close_persist_time": 9.288763046264648}, "pymm_dram_fs_dax1": {"open_time": 3.0799429416656494, "copy_time": 25.48849844932556, "close_persist_time": 11.407611608505249}, "pymm_dram_dev_dax0": {"open_time": 0.8701252937316895, "copy_time": 7.576175928115845, "close_persist_time": 9.33531141281128}, "pymm_dram_dev_dax1": {"open_time": 2.098222494125366, "copy_time": 25.359284162521362, "close_persist_time": 11.395419836044312}, "pymm_dram_nvme": {"open_time": 1.241684913635254, "copy_time": 6.122928857803345, "close_persist_time": 2.6964681148529053}}