{"numpymmap_nvme": {"open_time": 1.436410665512085, "copy_time": 24.79870891571045, "close_persist_time": 31.512728929519653}, "pymm_dram_fs_dax0": {"open_time": 1.2233262062072754, "copy_time": 11.512205123901367, "close_persist_time": 7.03505539894104}, "pymm_dram_fs_dax1": {"open_time": 3.078080177307129, "copy_time": 29.414450645446777, "close_persist_time": 10.700874090194702}, "pymm_dram_dev_dax0": {"open_time": 0.879431962966919, "copy_time": 11.58434271812439, "close_persist_time": 7.03769850730896}, "pymm_dram_dev_dax1": {"open_time": 2.086810350418091, "copy_time": 29.317970275878906, "close_persist_time": 10.697454690933228}, "pymm_dram_nvme": {"open_time": 1.2576110363006592, "copy_time": 11.511275053024292, "close_persist_time": 6.216027021408081}}