{"numpymmap_nvme": {"open_time": 1.426466703414917, "copy_time": 7.812565088272095, "close_persist_time": 15.264493942260742}, "pymm_dram_fs_dax0": {"open_time": 1.2327771186828613, "copy_time": 5.135516405105591, "close_persist_time": 2.397279977798462}, "pymm_dram_fs_dax1": {"open_time": 3.0722286701202393, "copy_time": 5.153621435165405, "close_persist_time": 2.5235021114349365}, "pymm_dram_dev_dax0": {"open_time": 0.8801791667938232, "copy_time": 5.10461950302124, "close_persist_time": 2.3950884342193604}, "pymm_dram_dev_dax1": {"open_time": 2.0906529426574707, "copy_time": 5.104803085327148, "close_persist_time": 2.47674560546875}, "pymm_dram_nvme": {"open_time": 1.2506937980651855, "copy_time": 5.153544187545776, "close_persist_time": 2.4498188495635986}}