{"numpymmap_nvme": {"open_time": 1.4381303787231445, "copy_time": 9.213293313980103, "close_persist_time": 17.975264310836792}, "pymm_dram_fs_dax0": {"open_time": 1.2281162738800049, "copy_time": 6.165093183517456, "close_persist_time": 2.854174852371216}, "pymm_dram_fs_dax1": {"open_time": 3.0740067958831787, "copy_time": 6.570128440856934, "close_persist_time": 3.3814339637756348}, "pymm_dram_dev_dax0": {"open_time": 0.8784122467041016, "copy_time": 6.102472305297852, "close_persist_time": 2.8123507499694824}, "pymm_dram_dev_dax1": {"open_time": 2.087419033050537, "copy_time": 6.542566537857056, "close_persist_time": 3.332288980484009}, "pymm_dram_nvme": {"open_time": 1.2594029903411865, "copy_time": 5.598982334136963, "close_persist_time": 2.7956573963165283}}