{"numpymmap_nvme": {"open_time": 1.431614637374878, "copy_time": 14.347308874130249, "close_persist_time": 13.205166339874268}, "pymm_dram_fs_dax0": {"open_time": 1.2208716869354248, "copy_time": 5.7014687061309814, "close_persist_time": 3.5905513763427734}, "pymm_dram_fs_dax1": {"open_time": 3.0841493606567383, "copy_time": 20.154544591903687, "close_persist_time": 6.901249647140503}, "pymm_dram_dev_dax0": {"open_time": 0.8701355457305908, "copy_time": 5.724567651748657, "close_persist_time": 3.6509480476379395}, "pymm_dram_dev_dax1": {"open_time": 2.088994264602661, "copy_time": 20.10610270500183, "close_persist_time": 6.843517541885376}, "pymm_dram_nvme": {"open_time": 1.24652099609375, "copy_time": 5.601532459259033, "close_persist_time": 3.336878538131714}}