{"numpymmap_nvme": {"open_time": 1.4591882228851318, "copy_time": 7.999536991119385, "close_persist_time": 14.921116352081299}, "pymm_dram_fs_dax0": {"open_time": 1.2320094108581543, "copy_time": 4.9964210987091064, "close_persist_time": 2.274076223373413}, "pymm_dram_fs_dax1": {"open_time": 3.0777804851531982, "copy_time": 4.981582164764404, "close_persist_time": 2.4029300212860107}, "pymm_dram_dev_dax0": {"open_time": 0.8727316856384277, "copy_time": 4.920660734176636, "close_persist_time": 2.3027424812316895}, "pymm_dram_dev_dax1": {"open_time": 2.0914292335510254, "copy_time": 4.934797286987305, "close_persist_time": 2.3823306560516357}, "pymm_dram_nvme": {"open_time": 1.2528247833251953, "copy_time": 5.034952878952026, "close_persist_time": 2.368866443634033}}