{"numpymmap_nvme": {"open_time": 1.4501872062683105, "copy_time": 7.473872184753418, "close_persist_time": 14.81247854232788}, "pymm_dram_fs_dax0": {"open_time": 1.2270481586456299, "copy_time": 4.674415588378906, "close_persist_time": 2.2777647972106934}, "pymm_dram_fs_dax1": {"open_time": 3.0744547843933105, "copy_time": 4.739673137664795, "close_persist_time": 2.3995068073272705}, "pymm_dram_dev_dax0": {"open_time": 0.8798873424530029, "copy_time": 4.761458873748779, "close_persist_time": 2.3459582328796387}, "pymm_dram_dev_dax1": {"open_time": 2.0917887687683105, "copy_time": 4.685570001602173, "close_persist_time": 2.345478057861328}, "pymm_dram_nvme": {"open_time": 1.254690170288086, "copy_time": 4.864163160324097, "close_persist_time": 2.368649959564209}}