{"numpymmap_nvme": {"open_time": 1.3981173038482666, "copy_time": 7.547218322753906, "close_persist_time": 13.535993099212646}, "pymm_dram_fs_dax0": {"open_time": 1.2289681434631348, "copy_time": 4.741044282913208, "close_persist_time": 2.313150405883789}, "pymm_dram_fs_dax1": {"open_time": 3.0742900371551514, "copy_time": 4.834675073623657, "close_persist_time": 2.441082715988159}, "pymm_dram_dev_dax0": {"open_time": 0.8664283752441406, "copy_time": 4.776127099990845, "close_persist_time": 2.2922725677490234}, "pymm_dram_dev_dax1": {"open_time": 2.090595006942749, "copy_time": 4.757848024368286, "close_persist_time": 2.3609166145324707}, "pymm_dram_nvme": {"open_time": 1.255317211151123, "copy_time": 4.89957857131958, "close_persist_time": 2.3813419342041016}}