{"numpymmap_nvme": {"open_time": 1.436460256576538, "copy_time": 11.86377215385437, "close_persist_time": 9.591639041900635}, "pymm_dram_fs_dax0": {"open_time": 1.2344365119934082, "copy_time": 7.727399587631226, "close_persist_time": 9.29398775100708}, "pymm_dram_fs_dax1": {"open_time": 3.0763421058654785, "copy_time": 25.388675689697266, "close_persist_time": 11.368136882781982}, "pymm_dram_dev_dax0": {"open_time": 0.870063066482544, "copy_time": 7.669864654541016, "close_persist_time": 9.2960946559906}, "pymm_dram_dev_dax1": {"open_time": 2.089517116546631, "copy_time": 25.385674953460693, "close_persist_time": 11.372979640960693}, "pymm_dram_nvme": {"open_time": 1.2548105716705322, "copy_time": 6.666533946990967, "close_persist_time": 2.773581027984619}}