{"numpymmap_nvme": {"open_time": 1.4624567031860352, "copy_time": 24.8813054561615, "close_persist_time": 30.372949600219727}, "pymm_dram_fs_dax0": {"open_time": 1.2252511978149414, "copy_time": 11.655986070632935, "close_persist_time": 7.0182554721832275}, "pymm_dram_fs_dax1": {"open_time": 3.071708917617798, "copy_time": 29.49470853805542, "close_persist_time": 10.615716695785522}, "pymm_dram_dev_dax0": {"open_time": 0.8800318241119385, "copy_time": 11.692156076431274, "close_persist_time": 6.996285915374756}, "pymm_dram_dev_dax1": {"open_time": 2.0885236263275146, "copy_time": 29.408544778823853, "close_persist_time": 10.585543394088745}, "pymm_dram_nvme": {"open_time": 1.2543346881866455, "copy_time": 11.045342206954956, "close_persist_time": 6.167097568511963}}