{"numpymmap_nvme": {"open_time": 2.5725693702697754, "copy_time": 7.3993003368377686, "close_persist_time": 15.58973479270935}, "pymm_dram_fs_dax0": {"open_time": 1.287517786026001, "copy_time": 4.667739391326904, "close_persist_time": 2.226363182067871}, "pymm_dram_fs_dax1": {"open_time": 3.158667802810669, "copy_time": 4.776902198791504, "close_persist_time": 2.3802413940429688}, "pymm_dram_dev_dax0": {"open_time": 0.8662252426147461, "copy_time": 4.732754707336426, "close_persist_time": 2.296531915664673}, "pymm_dram_dev_dax1": {"open_time": 2.0976996421813965, "copy_time": 4.748910903930664, "close_persist_time": 2.3902058601379395}, "pymm_dram_nvme": {"open_time": 2.2520525455474854, "copy_time": 4.450000524520874, "close_persist_time": 2.277508497238159}}