{"numpymmap_nvme": {"open_time": 1.4250943660736084, "copy_time": 14.26045298576355, "close_persist_time": 13.157770156860352}, "pymm_dram_fs_dax0": {"open_time": 1.2364673614501953, "copy_time": 5.697189569473267, "close_persist_time": 3.6070187091827393}, "pymm_dram_fs_dax1": {"open_time": 3.0772690773010254, "copy_time": 20.089395761489868, "close_persist_time": 6.84116005897522}, "pymm_dram_dev_dax0": {"open_time": 0.871851921081543, "copy_time": 5.676840543746948, "close_persist_time": 3.6070029735565186}, "pymm_dram_dev_dax1": {"open_time": 2.0962953567504883, "copy_time": 20.080117225646973, "close_persist_time": 6.881184816360474}, "pymm_dram_nvme": {"open_time": 1.2502639293670654, "copy_time": 5.526338577270508, "close_persist_time": 3.260733127593994}}