{"numpymmap_nvme": {"open_time": 1.4223954677581787, "copy_time": 11.927290678024292, "close_persist_time": 9.584919929504395}, "pymm_dram_fs_dax0": {"open_time": 1.2221460342407227, "copy_time": 7.741873502731323, "close_persist_time": 9.299989223480225}, "pymm_dram_fs_dax1": {"open_time": 3.0759737491607666, "copy_time": 25.370110750198364, "close_persist_time": 11.395036935806274}, "pymm_dram_dev_dax0": {"open_time": 0.8774049282073975, "copy_time": 7.739848375320435, "close_persist_time": 9.315714836120605}, "pymm_dram_dev_dax1": {"open_time": 2.090958833694458, "copy_time": 25.3909649848938, "close_persist_time": 11.365450382232666}, "pymm_dram_nvme": {"open_time": 1.2422142028808594, "copy_time": 6.132039546966553, "close_persist_time": 2.6903436183929443}}