{"numpymmap_nvme": {"open_time": 1.440737009048462, "copy_time": 24.691747903823853, "close_persist_time": 31.36923599243164}, "pymm_dram_fs_dax0": {"open_time": 1.222944974899292, "copy_time": 11.3516845703125, "close_persist_time": 6.907849550247192}, "pymm_dram_fs_dax1": {"open_time": 3.077058792114258, "copy_time": 29.292924165725708, "close_persist_time": 10.603447914123535}, "pymm_dram_dev_dax0": {"open_time": 0.878748893737793, "copy_time": 11.428926706314087, "close_persist_time": 6.895733118057251}, "pymm_dram_dev_dax1": {"open_time": 2.091355800628662, "copy_time": 29.209026098251343, "close_persist_time": 10.51050329208374}, "pymm_dram_nvme": {"open_time": 1.2400460243225098, "copy_time": 10.798917293548584, "close_persist_time": 5.983131408691406}}