{"numpymmap_nvme": {"open_time": 1.4170174598693848, "copy_time": 9.226943731307983, "close_persist_time": 16.57177734375}, "pymm_dram_fs_dax0": {"open_time": 1.2325589656829834, "copy_time": 6.008267641067505, "close_persist_time": 2.847919225692749}, "pymm_dram_fs_dax1": {"open_time": 3.085581064224243, "copy_time": 6.427871942520142, "close_persist_time": 3.408827066421509}, "pymm_dram_dev_dax0": {"open_time": 0.872483491897583, "copy_time": 6.011258363723755, "close_persist_time": 2.836853265762329}, "pymm_dram_dev_dax1": {"open_time": 2.0946097373962402, "copy_time": 6.376128673553467, "close_persist_time": 3.3655433654785156}, "pymm_dram_nvme": {"open_time": 1.2467315196990967, "copy_time": 4.919961452484131, "close_persist_time": 2.7174782752990723}}