{"numpymmap_nvme": {"open_time": 1.4286174774169922, "copy_time": 7.746655225753784, "close_persist_time": 15.739368677139282}, "pymm_dram_fs_dax0": {"open_time": 1.239903450012207, "copy_time": 4.82761812210083, "close_persist_time": 2.3073949813842773}, "pymm_dram_fs_dax1": {"open_time": 3.0840680599212646, "copy_time": 4.877737522125244, "close_persist_time": 2.3865251541137695}, "pymm_dram_dev_dax0": {"open_time": 0.8730778694152832, "copy_time": 4.830937623977661, "close_persist_time": 2.282691478729248}, "pymm_dram_dev_dax1": {"open_time": 2.093637466430664, "copy_time": 4.8207409381866455, "close_persist_time": 2.3663511276245117}, "pymm_dram_nvme": {"open_time": 1.2412047386169434, "copy_time": 4.460146427154541, "close_persist_time": 2.2534213066101074}}