{"numpymmap_nvme": {"open_time": 1.4189445972442627, "copy_time": 7.643297910690308, "close_persist_time": 15.917236089706421}, "pymm_dram_fs_dax0": {"open_time": 1.230574607849121, "copy_time": 4.878389120101929, "close_persist_time": 2.3302979469299316}, "pymm_dram_fs_dax1": {"open_time": 3.0777032375335693, "copy_time": 4.859870195388794, "close_persist_time": 2.4311232566833496}, "pymm_dram_dev_dax0": {"open_time": 0.8792910575866699, "copy_time": 4.802591562271118, "close_persist_time": 2.3329532146453857}, "pymm_dram_dev_dax1": {"open_time": 2.0968332290649414, "copy_time": 4.841845273971558, "close_persist_time": 2.409550428390503}, "pymm_dram_nvme": {"open_time": 1.2441446781158447, "copy_time": 4.487475633621216, "close_persist_time": 2.34087872505188}}