{"numpymmap_nvme": {"open_time": 1.446892499923706, "copy_time": 11.983922481536865, "close_persist_time": 9.610220670700073}, "pymm_dram_fs_dax0": {"open_time": 1.2290823459625244, "copy_time": 7.647400856018066, "close_persist_time": 9.286695003509521}, "pymm_dram_fs_dax1": {"open_time": 3.078029155731201, "copy_time": 25.424915075302124, "close_persist_time": 11.39876389503479}, "pymm_dram_dev_dax0": {"open_time": 0.8812148571014404, "copy_time": 7.794846057891846, "close_persist_time": 9.318970441818237}, "pymm_dram_dev_dax1": {"open_time": 2.0905604362487793, "copy_time": 25.39875626564026, "close_persist_time": 11.380850553512573}, "pymm_dram_nvme": {"open_time": 1.2569448947906494, "copy_time": 6.6621222496032715, "close_persist_time": 2.7670834064483643}}