{"numpymmap_nvme": {"open_time": 1.432908535003662, "copy_time": 14.409712791442871, "close_persist_time": 13.254305601119995}, "pymm_dram_fs_dax0": {"open_time": 1.2453787326812744, "copy_time": 5.735607862472534, "close_persist_time": 3.7136764526367188}, "pymm_dram_fs_dax1": {"open_time": 3.073533773422241, "copy_time": 20.17855668067932, "close_persist_time": 6.9334540367126465}, "pymm_dram_dev_dax0": {"open_time": 0.8735435009002686, "copy_time": 5.711886167526245, "close_persist_time": 3.6444826126098633}, "pymm_dram_dev_dax1": {"open_time": 2.0943148136138916, "copy_time": 20.119035005569458, "close_persist_time": 6.916231632232666}, "pymm_dram_nvme": {"open_time": 1.2598066329956055, "copy_time": 5.607172966003418, "close_persist_time": 3.3455915451049805}}