{"numpymmap_nvme": {"open_time": 1.3993077278137207, "copy_time": 9.283226490020752, "close_persist_time": 15.900557041168213}, "pymm_dram_fs_dax0": {"open_time": 1.2244913578033447, "copy_time": 6.165430784225464, "close_persist_time": 2.863750696182251}, "pymm_dram_fs_dax1": {"open_time": 3.087573289871216, "copy_time": 6.4644787311553955, "close_persist_time": 3.3936169147491455}, "pymm_dram_dev_dax0": {"open_time": 0.8795411586761475, "copy_time": 6.137373447418213, "close_persist_time": 2.881503105163574}, "pymm_dram_dev_dax1": {"open_time": 2.0933949947357178, "copy_time": 6.475930213928223, "close_persist_time": 3.3772053718566895}, "pymm_dram_nvme": {"open_time": 1.2547276020050049, "copy_time": 5.119463920593262, "close_persist_time": 2.7814481258392334}}