{"numpymmap_nvme": {"open_time": 1.4366862773895264, "copy_time": 25.20223045349121, "close_persist_time": 30.587435722351074}, "pymm_dram_fs_dax0": {"open_time": 1.2338860034942627, "copy_time": 11.51128077507019, "close_persist_time": 7.011682510375977}, "pymm_dram_fs_dax1": {"open_time": 3.0730488300323486, "copy_time": 29.335525035858154, "close_persist_time": 10.642043590545654}, "pymm_dram_dev_dax0": {"open_time": 0.8806366920471191, "copy_time": 11.5709068775177, "close_persist_time": 7.002913951873779}, "pymm_dram_dev_dax1": {"open_time": 2.0914502143859863, "copy_time": 29.2267587184906, "close_persist_time": 10.54135274887085}, "pymm_dram_nvme": {"open_time": 1.2565319538116455, "copy_time": 10.932276010513306, "close_persist_time": 6.1363396644592285}}