{"numpymmap_nvme": {"open_time": 1.413405179977417, "copy_time": 7.418775320053101, "close_persist_time": 15.276764869689941}, "pymm_dram_fs_dax0": {"open_time": 1.2246177196502686, "copy_time": 4.742408990859985, "close_persist_time": 2.257314920425415}, "pymm_dram_fs_dax1": {"open_time": 3.0812911987304688, "copy_time": 4.834667921066284, "close_persist_time": 2.43639874458313}, "pymm_dram_dev_dax0": {"open_time": 0.8702726364135742, "copy_time": 4.75338077545166, "close_persist_time": 2.3233346939086914}, "pymm_dram_dev_dax1": {"open_time": 2.0940134525299072, "copy_time": 4.728811740875244, "close_persist_time": 2.395569086074829}, "pymm_dram_nvme": {"open_time": 1.2643992900848389, "copy_time": 4.377315044403076, "close_persist_time": 2.305760145187378}}