{"numpymmap_nvme": {"open_time": 1.432795763015747, "copy_time": 8.009126663208008, "close_persist_time": 15.005525588989258}, "pymm_dram_fs_dax0": {"open_time": 1.2235822677612305, "copy_time": 5.064944505691528, "close_persist_time": 2.287592649459839}, "pymm_dram_fs_dax1": {"open_time": 3.071892023086548, "copy_time": 5.059139251708984, "close_persist_time": 2.40263295173645}, "pymm_dram_dev_dax0": {"open_time": 0.8691227436065674, "copy_time": 5.04859185218811, "close_persist_time": 2.299016237258911}, "pymm_dram_dev_dax1": {"open_time": 2.0973503589630127, "copy_time": 5.082247734069824, "close_persist_time": 2.394973039627075}, "pymm_dram_nvme": {"open_time": 1.2583324909210205, "copy_time": 5.093950510025024, "close_persist_time": 2.339463710784912}}