{"numpymmap_nvme": {"open_time": 1.4479315280914307, "copy_time": 7.732503652572632, "close_persist_time": 15.340251922607422}, "pymm_dram_fs_dax0": {"open_time": 1.2339725494384766, "copy_time": 4.81703782081604, "close_persist_time": 2.2982311248779297}, "pymm_dram_fs_dax1": {"open_time": 3.0709035396575928, "copy_time": 4.874496936798096, "close_persist_time": 2.4073050022125244}, "pymm_dram_dev_dax0": {"open_time": 0.870048999786377, "copy_time": 4.854218006134033, "close_persist_time": 2.310037851333618}, "pymm_dram_dev_dax1": {"open_time": 2.095785140991211, "copy_time": 4.867061138153076, "close_persist_time": 2.4272241592407227}, "pymm_dram_nvme": {"open_time": 1.2534966468811035, "copy_time": 4.97575831413269, "close_persist_time": 2.382658004760742}}