{"numpymmap_nvme": {"open_time": 1.4642024040222168, "copy_time": 7.782819509506226, "close_persist_time": 15.84859299659729}, "pymm_dram_fs_dax0": {"open_time": 1.227658987045288, "copy_time": 4.809523820877075, "close_persist_time": 2.2966973781585693}, "pymm_dram_fs_dax1": {"open_time": 3.0750322341918945, "copy_time": 4.870150327682495, "close_persist_time": 2.4095938205718994}, "pymm_dram_dev_dax0": {"open_time": 0.8793842792510986, "copy_time": 4.81640887260437, "close_persist_time": 2.2739412784576416}, "pymm_dram_dev_dax1": {"open_time": 2.095590829849243, "copy_time": 4.837680339813232, "close_persist_time": 2.381619691848755}, "pymm_dram_nvme": {"open_time": 1.2542355060577393, "copy_time": 4.470857858657837, "close_persist_time": 2.278092622756958}}