{"numpymmap_nvme": {"open_time": 1.595322608947754, "copy_time": 7.5079405307769775, "close_persist_time": 16.05888843536377}, "pymm_dram_fs_dax0": {"open_time": 1.2307689189910889, "copy_time": 4.940791606903076, "close_persist_time": 2.2545299530029297}, "pymm_dram_fs_dax1": {"open_time": 3.080934524536133, "copy_time": 4.922088384628296, "close_persist_time": 2.357504367828369}, "pymm_dram_dev_dax0": {"open_time": 0.8694148063659668, "copy_time": 4.899419069290161, "close_persist_time": 2.2614364624023438}, "pymm_dram_dev_dax1": {"open_time": 2.0923807621002197, "copy_time": 4.878148317337036, "close_persist_time": 2.3572068214416504}, "pymm_dram_nvme": {"open_time": 1.2423644065856934, "copy_time": 4.571513891220093, "close_persist_time": 2.231786012649536}}