{"numpymmap_nvme": {"open_time": 1.4323146343231201, "copy_time": 24.687816858291626, "close_persist_time": 31.393313884735107}, "pymm_dram_fs_dax0": {"open_time": 1.2352533340454102, "copy_time": 11.525108814239502, "close_persist_time": 6.986623287200928}, "pymm_dram_fs_dax1": {"open_time": 3.077502965927124, "copy_time": 29.340500354766846, "close_persist_time": 10.619062423706055}, "pymm_dram_dev_dax0": {"open_time": 0.8706569671630859, "copy_time": 11.534650325775146, "close_persist_time": 6.947551965713501}, "pymm_dram_dev_dax1": {"open_time": 2.0964879989624023, "copy_time": 29.26164698600769, "close_persist_time": 10.575760841369629}, "pymm_dram_nvme": {"open_time": 1.2439703941345215, "copy_time": 10.956056356430054, "close_persist_time": 6.126044511795044}}