{"numpymmap_nvme": {"open_time": 1.4631361961364746, "copy_time": 14.337692260742188, "close_persist_time": 13.240737676620483}, "pymm_dram_fs_dax0": {"open_time": 1.221644639968872, "copy_time": 5.639050483703613, "close_persist_time": 3.5343308448791504}, "pymm_dram_fs_dax1": {"open_time": 3.0828733444213867, "copy_time": 20.10227131843567, "close_persist_time": 6.888952970504761}, "pymm_dram_dev_dax0": {"open_time": 0.8792247772216797, "copy_time": 5.699016094207764, "close_persist_time": 3.60640287399292}, "pymm_dram_dev_dax1": {"open_time": 2.092337131500244, "copy_time": 20.09545373916626, "close_persist_time": 6.885387420654297}, "pymm_dram_nvme": {"open_time": 1.2464277744293213, "copy_time": 5.591983079910278, "close_persist_time": 3.315992593765259}}