{"numpymmap_nvme": {"open_time": 1.4518332481384277, "copy_time": 12.006008386611938, "close_persist_time": 9.582832336425781}, "pymm_dram_fs_dax0": {"open_time": 1.244178295135498, "copy_time": 7.806577682495117, "close_persist_time": 9.309436321258545}, "pymm_dram_fs_dax1": {"open_time": 3.072474956512451, "copy_time": 25.47435688972473, "close_persist_time": 11.364792585372925}, "pymm_dram_dev_dax0": {"open_time": 0.8732433319091797, "copy_time": 7.7414710521698, "close_persist_time": 9.31222939491272}, "pymm_dram_dev_dax1": {"open_time": 2.0950284004211426, "copy_time": 25.462420225143433, "close_persist_time": 11.391783952713013}, "pymm_dram_nvme": {"open_time": 1.2468831539154053, "copy_time": 6.206537246704102, "close_persist_time": 2.722215414047241}}