{"numpymmap_nvme": {"open_time": 1.414914846420288, "copy_time": 9.261191129684448, "close_persist_time": 16.51066827774048}, "pymm_dram_fs_dax0": {"open_time": 1.230583906173706, "copy_time": 6.0172624588012695, "close_persist_time": 2.878352403640747}, "pymm_dram_fs_dax1": {"open_time": 3.082465887069702, "copy_time": 6.5436341762542725, "close_persist_time": 3.4006543159484863}, "pymm_dram_dev_dax0": {"open_time": 0.881061315536499, "copy_time": 6.001011848449707, "close_persist_time": 2.834716558456421}, "pymm_dram_dev_dax1": {"open_time": 2.089372158050537, "copy_time": 6.3990843296051025, "close_persist_time": 3.366973876953125}, "pymm_dram_nvme": {"open_time": 1.2527532577514648, "copy_time": 4.935020208358765, "close_persist_time": 2.705484628677368}}