{"numpymmap_nvme": {"open_time": 1.4394633769989014, "copy_time": 7.580976486206055, "close_persist_time": 16.113653421401978}, "pymm_dram_fs_dax0": {"open_time": 1.2418029308319092, "copy_time": 4.719609498977661, "close_persist_time": 2.2156851291656494}, "pymm_dram_fs_dax1": {"open_time": 3.0744216442108154, "copy_time": 4.805938243865967, "close_persist_time": 2.366189956665039}, "pymm_dram_dev_dax0": {"open_time": 0.8811943531036377, "copy_time": 4.718596935272217, "close_persist_time": 2.2390360832214355}, "pymm_dram_dev_dax1": {"open_time": 2.0946145057678223, "copy_time": 4.739777088165283, "close_persist_time": 2.3049099445343018}, "pymm_dram_nvme": {"open_time": 1.2531538009643555, "copy_time": 4.904639720916748, "close_persist_time": 2.3105130195617676}}