{"numpymmap_nvme": {"open_time": 1.4599852561950684, "copy_time": 9.365038394927979, "close_persist_time": 16.753467321395874}, "pymm_dram_fs_dax0": {"open_time": 1.2417292594909668, "copy_time": 5.958734512329102, "close_persist_time": 2.8404531478881836}, "pymm_dram_fs_dax1": {"open_time": 3.078948497772217, "copy_time": 6.377394437789917, "close_persist_time": 3.364269971847534}, "pymm_dram_dev_dax0": {"open_time": 0.8704707622528076, "copy_time": 6.018450736999512, "close_persist_time": 2.8596031665802}, "pymm_dram_dev_dax1": {"open_time": 2.0914719104766846, "copy_time": 6.337547779083252, "close_persist_time": 3.3507578372955322}, "pymm_dram_nvme": {"open_time": 1.2445766925811768, "copy_time": 5.422649621963501, "close_persist_time": 2.7999181747436523}}