{"numpymmap_nvme": {"open_time": 1.4502885341644287, "copy_time": 7.654608488082886, "close_persist_time": 15.994890928268433}, "pymm_dram_fs_dax0": {"open_time": 1.2342581748962402, "copy_time": 4.774826288223267, "close_persist_time": 2.2759506702423096}, "pymm_dram_fs_dax1": {"open_time": 3.079705238342285, "copy_time": 4.789015293121338, "close_persist_time": 2.4377152919769287}, "pymm_dram_dev_dax0": {"open_time": 0.878889799118042, "copy_time": 4.732964754104614, "close_persist_time": 2.288275718688965}, "pymm_dram_dev_dax1": {"open_time": 2.0926623344421387, "copy_time": 4.720673084259033, "close_persist_time": 2.368994951248169}, "pymm_dram_nvme": {"open_time": 1.2437412738800049, "copy_time": 4.391907691955566, "close_persist_time": 2.2582881450653076}}