{"numpymmap_nvme": {"open_time": 1.4713044166564941, "copy_time": 14.37641954421997, "close_persist_time": 13.226035356521606}, "pymm_dram_fs_dax0": {"open_time": 1.2326838970184326, "copy_time": 5.743704795837402, "close_persist_time": 3.572831869125366}, "pymm_dram_fs_dax1": {"open_time": 3.078185796737671, "copy_time": 20.090625286102295, "close_persist_time": 6.8334410190582275}, "pymm_dram_dev_dax0": {"open_time": 0.8807275295257568, "copy_time": 5.706963539123535, "close_persist_time": 3.6062252521514893}, "pymm_dram_dev_dax1": {"open_time": 2.0976812839508057, "copy_time": 20.107879400253296, "close_persist_time": 6.911996841430664}, "pymm_dram_nvme": {"open_time": 1.2462854385375977, "copy_time": 5.596353769302368, "close_persist_time": 3.3413336277008057}}