{"numpymmap_nvme": {"open_time": 1.6444153785705566, "copy_time": 7.64496374130249, "close_persist_time": 15.379544258117676}, "pymm_dram_fs_dax0": {"open_time": 1.228813886642456, "copy_time": 4.891748666763306, "close_persist_time": 2.319857120513916}, "pymm_dram_fs_dax1": {"open_time": 3.072657823562622, "copy_time": 4.953211307525635, "close_persist_time": 2.407947301864624}, "pymm_dram_dev_dax0": {"open_time": 0.8712599277496338, "copy_time": 4.862425327301025, "close_persist_time": 2.3082218170166016}, "pymm_dram_dev_dax1": {"open_time": 2.0902228355407715, "copy_time": 4.892489910125732, "close_persist_time": 2.370429754257202}, "pymm_dram_nvme": {"open_time": 1.2522635459899902, "copy_time": 4.98610520362854, "close_persist_time": 2.3269824981689453}}