{"numpymmap_nvme": {"open_time": 1.4786593914031982, "copy_time": 24.91230297088623, "close_persist_time": 31.649274110794067}, "pymm_dram_fs_dax0": {"open_time": 1.2321913242340088, "copy_time": 11.638174772262573, "close_persist_time": 7.107799530029297}, "pymm_dram_fs_dax1": {"open_time": 3.0883915424346924, "copy_time": 29.448546171188354, "close_persist_time": 10.718459367752075}, "pymm_dram_dev_dax0": {"open_time": 0.8804733753204346, "copy_time": 11.584105253219604, "close_persist_time": 7.054428339004517}, "pymm_dram_dev_dax1": {"open_time": 2.093946933746338, "copy_time": 29.363329887390137, "close_persist_time": 10.614756345748901}, "pymm_dram_nvme": {"open_time": 1.2463972568511963, "copy_time": 10.94877028465271, "close_persist_time": 6.152410984039307}}