{"numpymmap_nvme": {"open_time": 1.433685541152954, "copy_time": 11.923216581344604, "close_persist_time": 9.57704496383667}, "pymm_dram_fs_dax0": {"open_time": 1.2312073707580566, "copy_time": 7.6148011684417725, "close_persist_time": 9.277472257614136}, "pymm_dram_fs_dax1": {"open_time": 3.074180841445923, "copy_time": 25.386138200759888, "close_persist_time": 11.3571035861969}, "pymm_dram_dev_dax0": {"open_time": 0.8659648895263672, "copy_time": 7.564389705657959, "close_persist_time": 9.279562950134277}, "pymm_dram_dev_dax1": {"open_time": 2.0956153869628906, "copy_time": 25.451067209243774, "close_persist_time": 11.417361736297607}, "pymm_dram_nvme": {"open_time": 1.2438170909881592, "copy_time": 6.124842405319214, "close_persist_time": 2.688074827194214}}