{"numpymmap_nvme": {"open_time": 1.4310379028320312, "copy_time": 7.583060264587402, "close_persist_time": 15.943607091903687}, "pymm_dram_fs_dax0": {"open_time": 1.240631341934204, "copy_time": 4.741148233413696, "close_persist_time": 2.2579989433288574}, "pymm_dram_fs_dax1": {"open_time": 3.0900073051452637, "copy_time": 4.824096441268921, "close_persist_time": 2.3758153915405273}, "pymm_dram_dev_dax0": {"open_time": 0.8775975704193115, "copy_time": 4.788362264633179, "close_persist_time": 2.261197566986084}, "pymm_dram_dev_dax1": {"open_time": 2.0966458320617676, "copy_time": 4.74535346031189, "close_persist_time": 2.3572604656219482}, "pymm_dram_nvme": {"open_time": 1.2455360889434814, "copy_time": 4.443614959716797, "close_persist_time": 2.2375221252441406}}