{"numpymmap_nvme": {"open_time": 1.4398198127746582, "copy_time": 7.52617621421814, "close_persist_time": 15.09824824333191}, "pymm_dram_fs_dax0": {"open_time": 1.2334301471710205, "copy_time": 4.925699710845947, "close_persist_time": 2.318276882171631}, "pymm_dram_fs_dax1": {"open_time": 3.075869560241699, "copy_time": 4.90400505065918, "close_persist_time": 2.3956995010375977}, "pymm_dram_dev_dax0": {"open_time": 0.8698163032531738, "copy_time": 4.865333795547485, "close_persist_time": 2.302172899246216}, "pymm_dram_dev_dax1": {"open_time": 2.0987634658813477, "copy_time": 4.888993978500366, "close_persist_time": 2.3764634132385254}, "pymm_dram_nvme": {"open_time": 1.2413346767425537, "copy_time": 4.537974119186401, "close_persist_time": 2.2696585655212402}}