{"numpymmap_nvme": {"open_time": 1.449308156967163, "copy_time": 24.989553451538086, "close_persist_time": 30.901795625686646}, "pymm_dram_fs_dax0": {"open_time": 1.2253239154815674, "copy_time": 11.629798889160156, "close_persist_time": 7.002797365188599}, "pymm_dram_fs_dax1": {"open_time": 3.073507785797119, "copy_time": 29.37913727760315, "close_persist_time": 10.612951755523682}, "pymm_dram_dev_dax0": {"open_time": 0.8805022239685059, "copy_time": 11.59216856956482, "close_persist_time": 6.965744256973267}, "pymm_dram_dev_dax1": {"open_time": 2.095571756362915, "copy_time": 29.32313632965088, "close_persist_time": 10.594670534133911}, "pymm_dram_nvme": {"open_time": 1.2462050914764404, "copy_time": 11.56408977508545, "close_persist_time": 6.1594367027282715}}