{"numpymmap_nvme": {"open_time": 1.4278242588043213, "copy_time": 7.626215696334839, "close_persist_time": 14.996712923049927}, "pymm_dram_fs_dax0": {"open_time": 1.2298212051391602, "copy_time": 4.800045728683472, "close_persist_time": 2.354635238647461}, "pymm_dram_fs_dax1": {"open_time": 3.084404468536377, "copy_time": 4.885863304138184, "close_persist_time": 2.436366081237793}, "pymm_dram_dev_dax0": {"open_time": 0.8701591491699219, "copy_time": 4.773176908493042, "close_persist_time": 2.368128538131714}, "pymm_dram_dev_dax1": {"open_time": 2.0904505252838135, "copy_time": 4.807688236236572, "close_persist_time": 2.4514360427856445}, "pymm_dram_nvme": {"open_time": 1.2425973415374756, "copy_time": 4.458371162414551, "close_persist_time": 2.3205554485321045}}