{"numpymmap_nvme": {"open_time": 1.48722505569458, "copy_time": 8.02303409576416, "close_persist_time": 15.399593591690063}, "pymm_dram_fs_dax0": {"open_time": 1.2382919788360596, "copy_time": 4.982156991958618, "close_persist_time": 2.329230785369873}, "pymm_dram_fs_dax1": {"open_time": 3.074309825897217, "copy_time": 5.046752452850342, "close_persist_time": 2.419252872467041}, "pymm_dram_dev_dax0": {"open_time": 0.8803455829620361, "copy_time": 4.982999086380005, "close_persist_time": 2.3217365741729736}, "pymm_dram_dev_dax1": {"open_time": 2.0940680503845215, "copy_time": 5.021174907684326, "close_persist_time": 2.422039747238159}, "pymm_dram_nvme": {"open_time": 1.246535062789917, "copy_time": 4.589739799499512, "close_persist_time": 2.3207521438598633}}