{"numpymmap_nvme": {"open_time": 1.503798246383667, "copy_time": 14.423307657241821, "close_persist_time": 13.219443798065186}, "pymm_dram_fs_dax0": {"open_time": 1.246302843093872, "copy_time": 5.700392961502075, "close_persist_time": 3.6160004138946533}, "pymm_dram_fs_dax1": {"open_time": 3.074187755584717, "copy_time": 20.10049533843994, "close_persist_time": 6.880395412445068}, "pymm_dram_dev_dax0": {"open_time": 0.8801829814910889, "copy_time": 5.690799236297607, "close_persist_time": 3.604905843734741}, "pymm_dram_dev_dax1": {"open_time": 2.09031343460083, "copy_time": 20.095377922058105, "close_persist_time": 6.828976154327393}, "pymm_dram_nvme": {"open_time": 1.249342918395996, "copy_time": 5.5952582359313965, "close_persist_time": 3.333540201187134}}