{"numpymmap_nvme": {"open_time": 1.4664771556854248, "copy_time": 9.1238272190094, "close_persist_time": 17.42880892753601}, "pymm_dram_fs_dax0": {"open_time": 1.234591007232666, "copy_time": 5.955387592315674, "close_persist_time": 2.858556032180786}, "pymm_dram_fs_dax1": {"open_time": 3.0815329551696777, "copy_time": 6.44537091255188, "close_persist_time": 3.4644596576690674}, "pymm_dram_dev_dax0": {"open_time": 0.8697385787963867, "copy_time": 6.024017095565796, "close_persist_time": 2.886335611343384}, "pymm_dram_dev_dax1": {"open_time": 2.0883636474609375, "copy_time": 6.376287221908569, "close_persist_time": 3.464576005935669}, "pymm_dram_nvme": {"open_time": 1.238478183746338, "copy_time": 4.9903504848480225, "close_persist_time": 2.849123954772949}}