{"numpymmap_nvme": {"open_time": 1.4241421222686768, "copy_time": 12.02460527420044, "close_persist_time": 9.622891426086426}, "pymm_dram_fs_dax0": {"open_time": 1.2406418323516846, "copy_time": 7.739673852920532, "close_persist_time": 9.30502724647522}, "pymm_dram_fs_dax1": {"open_time": 3.073371648788452, "copy_time": 25.384289026260376, "close_persist_time": 11.377153873443604}, "pymm_dram_dev_dax0": {"open_time": 0.872654914855957, "copy_time": 7.738903045654297, "close_persist_time": 9.30879521369934}, "pymm_dram_dev_dax1": {"open_time": 2.0960538387298584, "copy_time": 25.391660690307617, "close_persist_time": 11.407395839691162}, "pymm_dram_nvme": {"open_time": 1.2459526062011719, "copy_time": 6.165764093399048, "close_persist_time": 2.7077770233154297}}