{"numpymmap_nvme": {"open_time": 1.4600284099578857, "copy_time": 7.488903522491455, "close_persist_time": 15.912582874298096}, "pymm_dram_fs_dax0": {"open_time": 1.2426762580871582, "copy_time": 4.600543737411499, "close_persist_time": 2.218095064163208}, "pymm_dram_fs_dax1": {"open_time": 3.076113224029541, "copy_time": 4.734882831573486, "close_persist_time": 2.3190877437591553}, "pymm_dram_dev_dax0": {"open_time": 0.8772003650665283, "copy_time": 4.695111989974976, "close_persist_time": 2.2209742069244385}, "pymm_dram_dev_dax1": {"open_time": 2.0933492183685303, "copy_time": 4.717924356460571, "close_persist_time": 2.3175933361053467}, "pymm_dram_nvme": {"open_time": 1.2543976306915283, "copy_time": 4.879306316375732, "close_persist_time": 2.310359239578247}}