{"numpymmap_nvme": {"open_time": 1.4324781894683838, "copy_time": 25.173797845840454, "close_persist_time": 30.772335529327393}, "pymm_dram_fs_dax0": {"open_time": 1.2436437606811523, "copy_time": 11.716160774230957, "close_persist_time": 7.10178279876709}, "pymm_dram_fs_dax1": {"open_time": 3.0668790340423584, "copy_time": 29.391995668411255, "close_persist_time": 10.605246782302856}, "pymm_dram_dev_dax0": {"open_time": 0.8727521896362305, "copy_time": 11.559991359710693, "close_persist_time": 7.008731365203857}, "pymm_dram_dev_dax1": {"open_time": 2.091884136199951, "copy_time": 29.354419231414795, "close_persist_time": 10.592530250549316}, "pymm_dram_nvme": {"open_time": 1.2554173469543457, "copy_time": 11.620724439620972, "close_persist_time": 6.265523672103882}}