{"numpymmap_nvme": {"open_time": 1.443155288696289, "copy_time": 11.946386098861694, "close_persist_time": 9.631537914276123}, "pymm_dram_fs_dax0": {"open_time": 1.2439191341400146, "copy_time": 7.761761426925659, "close_persist_time": 9.304711103439331}, "pymm_dram_fs_dax1": {"open_time": 3.0756890773773193, "copy_time": 25.376144409179688, "close_persist_time": 11.395458698272705}, "pymm_dram_dev_dax0": {"open_time": 0.8804404735565186, "copy_time": 7.7728166580200195, "close_persist_time": 9.317169189453125}, "pymm_dram_dev_dax1": {"open_time": 2.094939947128296, "copy_time": 25.45540428161621, "close_persist_time": 11.408214569091797}, "pymm_dram_nvme": {"open_time": 1.241452932357788, "copy_time": 6.17150092124939, "close_persist_time": 2.710005283355713}}