{"numpymmap_nvme": {"open_time": 1.4386277198791504, "copy_time": 7.78747296333313, "close_persist_time": 16.14900827407837}, "pymm_dram_fs_dax0": {"open_time": 1.233827829360962, "copy_time": 5.076254367828369, "close_persist_time": 2.2995424270629883}, "pymm_dram_fs_dax1": {"open_time": 3.0731403827667236, "copy_time": 5.153897047042847, "close_persist_time": 2.3845977783203125}, "pymm_dram_dev_dax0": {"open_time": 0.8732595443725586, "copy_time": 5.087350130081177, "close_persist_time": 2.293086528778076}, "pymm_dram_dev_dax1": {"open_time": 2.095736026763916, "copy_time": 5.088175058364868, "close_persist_time": 2.3651928901672363}, "pymm_dram_nvme": {"open_time": 1.2490017414093018, "copy_time": 5.170792579650879, "close_persist_time": 2.363950252532959}}