{"numpymmap_nvme": {"open_time": 1.4588253498077393, "copy_time": 14.322080612182617, "close_persist_time": 13.203938722610474}, "pymm_dram_fs_dax0": {"open_time": 1.231693983078003, "copy_time": 5.706480264663696, "close_persist_time": 3.5772852897644043}, "pymm_dram_fs_dax1": {"open_time": 3.075528383255005, "copy_time": 20.093345642089844, "close_persist_time": 6.876346111297607}, "pymm_dram_dev_dax0": {"open_time": 0.8808815479278564, "copy_time": 5.697255373001099, "close_persist_time": 3.6024744510650635}, "pymm_dram_dev_dax1": {"open_time": 2.096346139907837, "copy_time": 20.0980327129364, "close_persist_time": 6.876182794570923}, "pymm_dram_nvme": {"open_time": 1.253436803817749, "copy_time": 5.577198505401611, "close_persist_time": 3.3279473781585693}}