{"numpymmap_nvme": {"open_time": 1.4441311359405518, "copy_time": 7.683215379714966, "close_persist_time": 15.592899799346924}, "pymm_dram_fs_dax0": {"open_time": 1.2336397171020508, "copy_time": 4.90160870552063, "close_persist_time": 2.3267951011657715}, "pymm_dram_fs_dax1": {"open_time": 3.0830976963043213, "copy_time": 4.974151372909546, "close_persist_time": 2.3936853408813477}, "pymm_dram_dev_dax0": {"open_time": 0.8792872428894043, "copy_time": 4.920855522155762, "close_persist_time": 2.285726308822632}, "pymm_dram_dev_dax1": {"open_time": 2.096754312515259, "copy_time": 4.928239822387695, "close_persist_time": 2.4017248153686523}, "pymm_dram_nvme": {"open_time": 1.2513108253479004, "copy_time": 4.6081225872039795, "close_persist_time": 2.2855441570281982}}