{"numpymmap_nvme": {"open_time": 1.4436891078948975, "copy_time": 9.379009246826172, "close_persist_time": 17.322293043136597}, "pymm_dram_fs_dax0": {"open_time": 1.2290163040161133, "copy_time": 6.050213575363159, "close_persist_time": 2.9407835006713867}, "pymm_dram_fs_dax1": {"open_time": 3.0920329093933105, "copy_time": 6.508387088775635, "close_persist_time": 3.425585985183716}, "pymm_dram_dev_dax0": {"open_time": 0.8754501342773438, "copy_time": 6.018107652664185, "close_persist_time": 2.928281307220459}, "pymm_dram_dev_dax1": {"open_time": 2.0945210456848145, "copy_time": 6.416846513748169, "close_persist_time": 3.421797513961792}, "pymm_dram_nvme": {"open_time": 1.2577674388885498, "copy_time": 5.557862281799316, "close_persist_time": 2.895678758621216}}