{"numpymmap_nvme": {"open_time": 1.4289615154266357, "copy_time": 7.631324291229248, "close_persist_time": 15.030165672302246}, "pymm_dram_fs_dax0": {"open_time": 1.235168218612671, "copy_time": 4.722798824310303, "close_persist_time": 2.3393142223358154}, "pymm_dram_fs_dax1": {"open_time": 3.073702096939087, "copy_time": 4.792232990264893, "close_persist_time": 2.4031357765197754}, "pymm_dram_dev_dax0": {"open_time": 0.8779373168945312, "copy_time": 4.752964973449707, "close_persist_time": 2.3183767795562744}, "pymm_dram_dev_dax1": {"open_time": 2.090670347213745, "copy_time": 4.753480434417725, "close_persist_time": 2.353872776031494}, "pymm_dram_nvme": {"open_time": 1.255502700805664, "copy_time": 4.466665744781494, "close_persist_time": 2.2772586345672607}}