{"numpymmap_nvme": {"open_time": 1.4693281650543213, "copy_time": 9.412944793701172, "close_persist_time": 16.948981046676636}, "pymm_dram_fs_dax0": {"open_time": 1.2483186721801758, "copy_time": 6.093000411987305, "close_persist_time": 2.8927745819091797}, "pymm_dram_fs_dax1": {"open_time": 3.075593948364258, "copy_time": 6.516746997833252, "close_persist_time": 3.3830885887145996}, "pymm_dram_dev_dax0": {"open_time": 0.8735299110412598, "copy_time": 6.103994369506836, "close_persist_time": 2.8819031715393066}, "pymm_dram_dev_dax1": {"open_time": 2.0942037105560303, "copy_time": 6.50480318069458, "close_persist_time": 3.379934072494507}, "pymm_dram_nvme": {"open_time": 1.2534644603729248, "copy_time": 5.077435731887817, "close_persist_time": 2.7680704593658447}}