{"numpymmap_nvme": {"open_time": 1.4300479888916016, "copy_time": 7.382707357406616, "close_persist_time": 14.993526220321655}, "pymm_dram_fs_dax0": {"open_time": 1.2461607456207275, "copy_time": 4.6722731590271, "close_persist_time": 2.30631947517395}, "pymm_dram_fs_dax1": {"open_time": 3.076737642288208, "copy_time": 4.798497200012207, "close_persist_time": 2.423203468322754}, "pymm_dram_dev_dax0": {"open_time": 0.8780877590179443, "copy_time": 4.732167482376099, "close_persist_time": 2.318739652633667}, "pymm_dram_dev_dax1": {"open_time": 2.0926692485809326, "copy_time": 4.7471113204956055, "close_persist_time": 2.4278907775878906}, "pymm_dram_nvme": {"open_time": 1.2451419830322266, "copy_time": 4.409023284912109, "close_persist_time": 2.3217287063598633}}