{"numpymmap_nvme": {"open_time": 1.4368832111358643, "copy_time": 14.428118467330933, "close_persist_time": 13.262580394744873}, "pymm_dram_fs_dax0": {"open_time": 1.245830774307251, "copy_time": 5.7075300216674805, "close_persist_time": 3.618922233581543}, "pymm_dram_fs_dax1": {"open_time": 3.0753960609436035, "copy_time": 20.090160131454468, "close_persist_time": 6.841424226760864}, "pymm_dram_dev_dax0": {"open_time": 0.8799014091491699, "copy_time": 5.684990882873535, "close_persist_time": 3.6119604110717773}, "pymm_dram_dev_dax1": {"open_time": 2.090644359588623, "copy_time": 20.088252544403076, "close_persist_time": 6.8872387409210205}, "pymm_dram_nvme": {"open_time": 1.251389980316162, "copy_time": 6.135913848876953, "close_persist_time": 3.373467206954956}}