{"numpymmap_nvme": {"open_time": 1.3958380222320557, "copy_time": 24.883739471435547, "close_persist_time": 29.660593509674072}, "pymm_dram_fs_dax0": {"open_time": 1.230597734451294, "copy_time": 11.465183019638062, "close_persist_time": 6.984910249710083}, "pymm_dram_fs_dax1": {"open_time": 3.076739549636841, "copy_time": 29.293442726135254, "close_persist_time": 10.633687496185303}, "pymm_dram_dev_dax0": {"open_time": 0.8808188438415527, "copy_time": 11.499518156051636, "close_persist_time": 6.9818150997161865}, "pymm_dram_dev_dax1": {"open_time": 2.0903916358947754, "copy_time": 29.265287160873413, "close_persist_time": 10.617007732391357}, "pymm_dram_nvme": {"open_time": 1.2546923160552979, "copy_time": 10.881641149520874, "close_persist_time": 6.119678258895874}}