{"numpymmap_nvme": {"open_time": 1.464045524597168, "copy_time": 11.913662433624268, "close_persist_time": 9.98753571510315}, "pymm_dram_fs_dax0": {"open_time": 1.2213854789733887, "copy_time": 7.563063621520996, "close_persist_time": 9.268516540527344}, "pymm_dram_fs_dax1": {"open_time": 3.071927547454834, "copy_time": 25.389299631118774, "close_persist_time": 11.3567636013031}, "pymm_dram_dev_dax0": {"open_time": 0.8747928142547607, "copy_time": 7.7442357540130615, "close_persist_time": 9.317621231079102}, "pymm_dram_dev_dax1": {"open_time": 2.091520309448242, "copy_time": 25.406379222869873, "close_persist_time": 11.3853759765625}, "pymm_dram_nvme": {"open_time": 1.2446222305297852, "copy_time": 6.63525390625, "close_persist_time": 2.754976749420166}}