{"numpymmap_nvme": {"open_time": 1.7379069328308105, "copy_time": 7.928512096405029, "close_persist_time": 15.693993330001831}, "pymm_dram_fs_dax0": {"open_time": 1.240746259689331, "copy_time": 4.811171293258667, "close_persist_time": 2.259614944458008}, "pymm_dram_fs_dax1": {"open_time": 3.077993154525757, "copy_time": 4.835814952850342, "close_persist_time": 2.357903003692627}, "pymm_dram_dev_dax0": {"open_time": 0.8811521530151367, "copy_time": 4.842270135879517, "close_persist_time": 2.241361141204834}, "pymm_dram_dev_dax1": {"open_time": 2.097820281982422, "copy_time": 4.851343154907227, "close_persist_time": 2.3452227115631104}, "pymm_dram_nvme": {"open_time": 1.2537569999694824, "copy_time": 4.432010650634766, "close_persist_time": 2.260183572769165}}