{"numpymmap_nvme": {"open_time": 1.3962202072143555, "copy_time": 7.397704839706421, "close_persist_time": 13.571874856948853}, "pymm_dram_fs_dax0": {"open_time": 1.223156452178955, "copy_time": 4.745053768157959, "close_persist_time": 2.292821168899536}, "pymm_dram_fs_dax1": {"open_time": 3.0851054191589355, "copy_time": 4.89545750617981, "close_persist_time": 2.363185405731201}, "pymm_dram_dev_dax0": {"open_time": 0.8704421520233154, "copy_time": 4.804585218429565, "close_persist_time": 2.287713050842285}, "pymm_dram_dev_dax1": {"open_time": 2.097046375274658, "copy_time": 4.822609186172485, "close_persist_time": 2.4103593826293945}, "pymm_dram_nvme": {"open_time": 1.2497742176055908, "copy_time": 4.471495628356934, "close_persist_time": 2.2632579803466797}}