{"numpymmap_nvme": {"open_time": 1.4699091911315918, "copy_time": 24.99585771560669, "close_persist_time": 30.323463201522827}, "pymm_dram_fs_dax0": {"open_time": 1.2223525047302246, "copy_time": 11.487553119659424, "close_persist_time": 7.019168138504028}, "pymm_dram_fs_dax1": {"open_time": 3.071776866912842, "copy_time": 29.299484729766846, "close_persist_time": 10.722524642944336}, "pymm_dram_dev_dax0": {"open_time": 0.8710246086120605, "copy_time": 11.463375329971313, "close_persist_time": 7.03191876411438}, "pymm_dram_dev_dax1": {"open_time": 2.0867724418640137, "copy_time": 29.251730918884277, "close_persist_time": 10.603554964065552}, "pymm_dram_nvme": {"open_time": 1.254563808441162, "copy_time": 11.393892526626587, "close_persist_time": 6.163956165313721}}