{"numpymmap_nvme": {"open_time": 1.443990707397461, "copy_time": 14.379988193511963, "close_persist_time": 13.24546504020691}, "pymm_dram_fs_dax0": {"open_time": 1.2229516506195068, "copy_time": 5.689146518707275, "close_persist_time": 3.6025118827819824}, "pymm_dram_fs_dax1": {"open_time": 3.070586681365967, "copy_time": 20.076273202896118, "close_persist_time": 6.831517457962036}, "pymm_dram_dev_dax0": {"open_time": 0.8745555877685547, "copy_time": 5.685159921646118, "close_persist_time": 3.603147268295288}, "pymm_dram_dev_dax1": {"open_time": 2.096204996109009, "copy_time": 20.0843608379364, "close_persist_time": 6.878281116485596}, "pymm_dram_nvme": {"open_time": 1.2459604740142822, "copy_time": 5.562352418899536, "close_persist_time": 3.3202688694000244}}