{"numpymmap_nvme": {"open_time": 1.515861988067627, "copy_time": 11.861698627471924, "close_persist_time": 9.585862159729004}, "pymm_dram_fs_dax0": {"open_time": 1.229543924331665, "copy_time": 7.754331588745117, "close_persist_time": 9.2916100025177}, "pymm_dram_fs_dax1": {"open_time": 3.076950788497925, "copy_time": 25.39608907699585, "close_persist_time": 11.356297492980957}, "pymm_dram_dev_dax0": {"open_time": 0.8643877506256104, "copy_time": 7.742736101150513, "close_persist_time": 9.30887484550476}, "pymm_dram_dev_dax1": {"open_time": 2.0932199954986572, "copy_time": 25.395934581756592, "close_persist_time": 11.384940385818481}, "pymm_dram_nvme": {"open_time": 1.2478301525115967, "copy_time": 6.650475978851318, "close_persist_time": 2.759854316711426}}