{"numpymmap_nvme": {"open_time": 1.4360432624816895, "copy_time": 9.280848979949951, "close_persist_time": 17.15438985824585}, "pymm_dram_fs_dax0": {"open_time": 1.2448935508728027, "copy_time": 6.331082582473755, "close_persist_time": 2.9714138507843018}, "pymm_dram_fs_dax1": {"open_time": 3.0831668376922607, "copy_time": 6.71834659576416, "close_persist_time": 3.4743807315826416}, "pymm_dram_dev_dax0": {"open_time": 0.8852696418762207, "copy_time": 6.360990285873413, "close_persist_time": 2.957871437072754}, "pymm_dram_dev_dax1": {"open_time": 2.091585874557495, "copy_time": 6.751590251922607, "close_persist_time": 3.4544272422790527}, "pymm_dram_nvme": {"open_time": 1.242896318435669, "copy_time": 5.858877897262573, "close_persist_time": 2.892103433609009}}