{"numpymmap_nvme": {"open_time": 1.4601173400878906, "copy_time": 7.941474199295044, "close_persist_time": 15.037887334823608}, "pymm_dram_fs_dax0": {"open_time": 1.2258331775665283, "copy_time": 4.9827821254730225, "close_persist_time": 2.3585689067840576}, "pymm_dram_fs_dax1": {"open_time": 3.0760605335235596, "copy_time": 4.99579644203186, "close_persist_time": 2.4095306396484375}, "pymm_dram_dev_dax0": {"open_time": 0.8784220218658447, "copy_time": 4.917468309402466, "close_persist_time": 2.3017680644989014}, "pymm_dram_dev_dax1": {"open_time": 2.097534656524658, "copy_time": 4.940035820007324, "close_persist_time": 2.398764133453369}, "pymm_dram_nvme": {"open_time": 1.2532880306243896, "copy_time": 4.529428005218506, "close_persist_time": 2.284677028656006}}