{"numpymmap_nvme": {"open_time": 1.4952785968780518, "copy_time": 7.664984941482544, "close_persist_time": 14.722524166107178}, "pymm_dram_fs_dax0": {"open_time": 1.2474241256713867, "copy_time": 4.787018299102783, "close_persist_time": 2.2952911853790283}, "pymm_dram_fs_dax1": {"open_time": 3.074462413787842, "copy_time": 4.8677427768707275, "close_persist_time": 2.43654203414917}, "pymm_dram_dev_dax0": {"open_time": 0.8794460296630859, "copy_time": 4.81190824508667, "close_persist_time": 2.3232576847076416}, "pymm_dram_dev_dax1": {"open_time": 2.0931427478790283, "copy_time": 4.79207706451416, "close_persist_time": 2.3826465606689453}, "pymm_dram_nvme": {"open_time": 1.2553062438964844, "copy_time": 4.954317808151245, "close_persist_time": 2.367551326751709}}