{"numpymmap_nvme": {"open_time": 1.4325947761535645, "copy_time": 7.316655874252319, "close_persist_time": 14.087522506713867}, "pymm_dram_fs_dax0": {"open_time": 1.2429358959197998, "copy_time": 4.6833815574646, "close_persist_time": 2.241238832473755}, "pymm_dram_fs_dax1": {"open_time": 3.0800023078918457, "copy_time": 4.7711169719696045, "close_persist_time": 2.3754119873046875}, "pymm_dram_dev_dax0": {"open_time": 0.8695285320281982, "copy_time": 4.767218112945557, "close_persist_time": 2.245349884033203}, "pymm_dram_dev_dax1": {"open_time": 2.091695547103882, "copy_time": 4.667390823364258, "close_persist_time": 2.3097336292266846}, "pymm_dram_nvme": {"open_time": 1.2472171783447266, "copy_time": 4.4424519538879395, "close_persist_time": 2.2222025394439697}}