{"numpymmap_nvme": {"open_time": 1.524285078048706, "copy_time": 7.787021160125732, "close_persist_time": 16.06338095664978}, "pymm_dram_fs_dax0": {"open_time": 1.231196641921997, "copy_time": 4.99308443069458, "close_persist_time": 2.2668118476867676}, "pymm_dram_fs_dax1": {"open_time": 3.0794763565063477, "copy_time": 5.119129657745361, "close_persist_time": 2.3800175189971924}, "pymm_dram_dev_dax0": {"open_time": 0.8794569969177246, "copy_time": 5.071122884750366, "close_persist_time": 2.246596097946167}, "pymm_dram_dev_dax1": {"open_time": 2.090965747833252, "copy_time": 5.076671361923218, "close_persist_time": 2.361429214477539}, "pymm_dram_nvme": {"open_time": 1.2539896965026855, "copy_time": 4.66046404838562, "close_persist_time": 2.2275888919830322}}