{"numpymmap_nvme": {"open_time": 1.495331048965454, "copy_time": 14.307793140411377, "close_persist_time": 13.191514015197754}, "pymm_dram_fs_dax0": {"open_time": 1.2371482849121094, "copy_time": 5.712873458862305, "close_persist_time": 3.6072752475738525}, "pymm_dram_fs_dax1": {"open_time": 3.0814383029937744, "copy_time": 20.10162329673767, "close_persist_time": 6.886030912399292}, "pymm_dram_dev_dax0": {"open_time": 0.879483699798584, "copy_time": 5.69272780418396, "close_persist_time": 3.6128907203674316}, "pymm_dram_dev_dax1": {"open_time": 2.091614246368408, "copy_time": 20.106818914413452, "close_persist_time": 6.881908178329468}, "pymm_dram_nvme": {"open_time": 1.2545783519744873, "copy_time": 5.593934774398804, "close_persist_time": 3.3274927139282227}}