{"numpymmap_nvme": {"open_time": 1.4453554153442383, "copy_time": 7.471170425415039, "close_persist_time": 15.162707567214966}, "pymm_dram_fs_dax0": {"open_time": 1.2309556007385254, "copy_time": 4.818913698196411, "close_persist_time": 2.3108718395233154}, "pymm_dram_fs_dax1": {"open_time": 3.0713090896606445, "copy_time": 4.839928388595581, "close_persist_time": 2.3657174110412598}, "pymm_dram_dev_dax0": {"open_time": 0.8711597919464111, "copy_time": 4.806467294692993, "close_persist_time": 2.2540693283081055}, "pymm_dram_dev_dax1": {"open_time": 2.0931007862091064, "copy_time": 4.807609558105469, "close_persist_time": 2.3463714122772217}, "pymm_dram_nvme": {"open_time": 1.2411880493164062, "copy_time": 4.447627067565918, "close_persist_time": 2.243884325027466}}