{"numpymmap_nvme": {"open_time": 1.4540810585021973, "copy_time": 11.929346323013306, "close_persist_time": 9.574625253677368}, "pymm_dram_fs_dax0": {"open_time": 1.2218832969665527, "copy_time": 7.573545932769775, "close_persist_time": 9.26969027519226}, "pymm_dram_fs_dax1": {"open_time": 3.087237596511841, "copy_time": 25.36590313911438, "close_persist_time": 11.393816709518433}, "pymm_dram_dev_dax0": {"open_time": 0.8771102428436279, "copy_time": 7.632297992706299, "close_persist_time": 9.290873527526855}, "pymm_dram_dev_dax1": {"open_time": 2.08895206451416, "copy_time": 25.366718292236328, "close_persist_time": 11.40726113319397}, "pymm_dram_nvme": {"open_time": 1.2513151168823242, "copy_time": 6.214709281921387, "close_persist_time": 2.723914623260498}}