{"numpymmap_nvme": {"open_time": 1.4447376728057861, "copy_time": 9.309953451156616, "close_persist_time": 16.43530774116516}, "pymm_dram_fs_dax0": {"open_time": 1.24222993850708, "copy_time": 5.960840702056885, "close_persist_time": 2.8688929080963135}, "pymm_dram_fs_dax1": {"open_time": 3.0758798122406006, "copy_time": 6.35723352432251, "close_persist_time": 3.3301477432250977}, "pymm_dram_dev_dax0": {"open_time": 0.8802013397216797, "copy_time": 5.974472522735596, "close_persist_time": 2.8314049243927}, "pymm_dram_dev_dax1": {"open_time": 2.0950236320495605, "copy_time": 6.320176362991333, "close_persist_time": 3.338980197906494}, "pymm_dram_nvme": {"open_time": 1.2533361911773682, "copy_time": 4.918835639953613, "close_persist_time": 2.7148756980895996}}