{"numpymmap_nvme": {"open_time": 1.3896455764770508, "copy_time": 24.94650912284851, "close_persist_time": 30.533740758895874}, "pymm_dram_fs_dax0": {"open_time": 1.2305471897125244, "copy_time": 11.465331554412842, "close_persist_time": 6.967528820037842}, "pymm_dram_fs_dax1": {"open_time": 3.0779850482940674, "copy_time": 29.339321613311768, "close_persist_time": 10.684406995773315}, "pymm_dram_dev_dax0": {"open_time": 0.8785915374755859, "copy_time": 11.481642246246338, "close_persist_time": 6.986673355102539}, "pymm_dram_dev_dax1": {"open_time": 2.0972630977630615, "copy_time": 29.284920930862427, "close_persist_time": 10.639073610305786}, "pymm_dram_nvme": {"open_time": 1.2596192359924316, "copy_time": 10.914655447006226, "close_persist_time": 6.143277168273926}}