{"numpymmap_nvme": {"open_time": 1.4364972114562988, "copy_time": 7.495118856430054, "close_persist_time": 14.642608165740967}, "pymm_dram_fs_dax0": {"open_time": 1.2277331352233887, "copy_time": 4.75327730178833, "close_persist_time": 2.303081750869751}, "pymm_dram_fs_dax1": {"open_time": 3.0796964168548584, "copy_time": 4.880624532699585, "close_persist_time": 2.4048943519592285}, "pymm_dram_dev_dax0": {"open_time": 0.8721728324890137, "copy_time": 4.83786153793335, "close_persist_time": 2.2972590923309326}, "pymm_dram_dev_dax1": {"open_time": 2.0919888019561768, "copy_time": 4.830445289611816, "close_persist_time": 2.4107160568237305}, "pymm_dram_nvme": {"open_time": 1.252849817276001, "copy_time": 4.494341135025024, "close_persist_time": 2.3119890689849854}}