{"numpymmap_nvme": {"open_time": 1.5316998958587646, "copy_time": 14.3873770236969, "close_persist_time": 13.204757690429688}, "pymm_dram_fs_dax0": {"open_time": 1.2278070449829102, "copy_time": 5.6563215255737305, "close_persist_time": 3.5349416732788086}, "pymm_dram_fs_dax1": {"open_time": 3.06783127784729, "copy_time": 20.072386264801025, "close_persist_time": 6.811880350112915}, "pymm_dram_dev_dax0": {"open_time": 0.8725681304931641, "copy_time": 5.640805959701538, "close_persist_time": 3.5392658710479736}, "pymm_dram_dev_dax1": {"open_time": 2.0902652740478516, "copy_time": 20.103206157684326, "close_persist_time": 6.808555603027344}, "pymm_dram_nvme": {"open_time": 1.2455058097839355, "copy_time": 5.570482969284058, "close_persist_time": 3.317244291305542}}