{"numpymmap_nvme": {"open_time": 1.472163438796997, "copy_time": 9.318668603897095, "close_persist_time": 17.59843349456787}, "pymm_dram_fs_dax0": {"open_time": 1.223517656326294, "copy_time": 6.044900894165039, "close_persist_time": 2.9041483402252197}, "pymm_dram_fs_dax1": {"open_time": 3.0794918537139893, "copy_time": 6.462785482406616, "close_persist_time": 3.369985818862915}, "pymm_dram_dev_dax0": {"open_time": 0.8734405040740967, "copy_time": 5.996500730514526, "close_persist_time": 2.8694119453430176}, "pymm_dram_dev_dax1": {"open_time": 2.0915966033935547, "copy_time": 6.395870923995972, "close_persist_time": 3.35153865814209}, "pymm_dram_nvme": {"open_time": 1.2591984272003174, "copy_time": 4.954923868179321, "close_persist_time": 2.7466728687286377}}