{"numpymmap_nvme": {"open_time": 1.42885160446167, "copy_time": 24.69251847267151, "close_persist_time": 30.262910842895508}, "pymm_dram_fs_dax0": {"open_time": 1.2262389659881592, "copy_time": 11.508798837661743, "close_persist_time": 6.972949743270874}, "pymm_dram_fs_dax1": {"open_time": 3.0758163928985596, "copy_time": 29.271589040756226, "close_persist_time": 10.728307723999023}, "pymm_dram_dev_dax0": {"open_time": 0.8810796737670898, "copy_time": 11.500179529190063, "close_persist_time": 7.0973358154296875}, "pymm_dram_dev_dax1": {"open_time": 2.0898425579071045, "copy_time": 29.30417251586914, "close_persist_time": 10.684069871902466}, "pymm_dram_nvme": {"open_time": 1.254443883895874, "copy_time": 11.471110105514526, "close_persist_time": 6.273015975952148}}