{"numpymmap_nvme": {"open_time": 1.430124282836914, "copy_time": 7.485677480697632, "close_persist_time": 14.634145021438599}, "pymm_dram_fs_dax0": {"open_time": 1.2427055835723877, "copy_time": 4.6188905239105225, "close_persist_time": 2.2655322551727295}, "pymm_dram_fs_dax1": {"open_time": 3.0724315643310547, "copy_time": 4.774265766143799, "close_persist_time": 2.406644821166992}, "pymm_dram_dev_dax0": {"open_time": 0.8791332244873047, "copy_time": 4.679748773574829, "close_persist_time": 2.2916183471679688}, "pymm_dram_dev_dax1": {"open_time": 2.0927889347076416, "copy_time": 4.701394081115723, "close_persist_time": 2.3648650646209717}, "pymm_dram_nvme": {"open_time": 1.24294114112854, "copy_time": 4.818782567977905, "close_persist_time": 2.3423800468444824}}