{"numpymmap_nvme": {"open_time": 1.433988332748413, "copy_time": 7.814770698547363, "close_persist_time": 16.19862389564514}, "pymm_dram_fs_dax0": {"open_time": 1.2382252216339111, "copy_time": 4.840702772140503, "close_persist_time": 2.2224621772766113}, "pymm_dram_fs_dax1": {"open_time": 3.0854876041412354, "copy_time": 4.905311346054077, "close_persist_time": 2.347446918487549}, "pymm_dram_dev_dax0": {"open_time": 0.8689327239990234, "copy_time": 4.833515644073486, "close_persist_time": 2.244921922683716}, "pymm_dram_dev_dax1": {"open_time": 2.0943994522094727, "copy_time": 4.839168548583984, "close_persist_time": 2.32818603515625}, "pymm_dram_nvme": {"open_time": 1.2538745403289795, "copy_time": 4.932598829269409, "close_persist_time": 2.3202736377716064}}