{"numpymmap_nvme": {"open_time": 1.5278334617614746, "copy_time": 11.900653839111328, "close_persist_time": 9.585216522216797}, "pymm_dram_fs_dax0": {"open_time": 1.2304871082305908, "copy_time": 7.631577253341675, "close_persist_time": 9.284624576568604}, "pymm_dram_fs_dax1": {"open_time": 3.072915554046631, "copy_time": 25.4272301197052, "close_persist_time": 11.398854494094849}, "pymm_dram_dev_dax0": {"open_time": 0.8777544498443604, "copy_time": 7.637626886367798, "close_persist_time": 9.291773557662964}, "pymm_dram_dev_dax1": {"open_time": 2.094374418258667, "copy_time": 25.382086753845215, "close_persist_time": 11.41069507598877}, "pymm_dram_nvme": {"open_time": 1.2443499565124512, "copy_time": 6.154343366622925, "close_persist_time": 2.7010397911071777}}