{"dram": {"open_time": 0, "copy_time": 92.67509293556213, "close_persist_time": 0}, "pickle_dram_nvme": {"open_time": 5.91278076171875e-05, "copy_time": 366.90316104888916, "close_persist_time": 3.218650817871094e-05}, "pickle_dram_fs_dax0": {"open_time": 5.507469177246094e-05, "copy_time": 302.14873933792114, "close_persist_time": 2.574920654296875e-05}, "pymm_dram_fs_dax0": {"open_time": 0.30194711685180664, "copy_time": 113.28961730003357, "close_persist_time": 0.3125028610229492}, "pymm_dram_dev_dax0": {"open_time": 0.005540609359741211, "copy_time": 39.93893122673035, "close_persist_time": 0.289947509765625}, "pymm_dram_nvme": {"open_time": 0.1962449550628662, "copy_time": 127.28337717056274, "close_persist_time": 0.3292407989501953}, "ndarray_save_dram_nvme": {"open_time": 0, "copy_time": 78.84223365783691, "close_persist_time": 0}}