{"dram": {"open_time": 0, "copy_time": 92.38596224784851, "close_persist_time": 0}, "pickle_dram_nvme": {"open_time": 5.91278076171875e-05, "copy_time": 365.77585649490356, "close_persist_time": 2.9802322387695312e-05}, "pickle_dram_fs_dax0": {"open_time": 5.984306335449219e-05, "copy_time": 305.1521215438843, "close_persist_time": 2.5510787963867188e-05}, "pymm_dram_fs_dax0": {"open_time": 0.19220852851867676, "copy_time": 67.22052001953125, "close_persist_time": 0.08670210838317871}, "pymm_dram_dev_dax0": {"open_time": 0.004739284515380859, "copy_time": 39.95583629608154, "close_persist_time": 0.0862588882446289}, "pymm_dram_nvme": {"open_time": 0.1643533706665039, "copy_time": 125.71373224258423, "close_persist_time": 0.12719321250915527}, "ndarray_save_dram_nvme": {"open_time": 0, "copy_time": 78.15912771224976, "close_persist_time": 0}}