{"dram": {"open_time": 0, "copy_time": 92.38948798179626, "close_persist_time": 0}, "pickle_dram_nvme": {"open_time": 5.9604644775390625e-05, "copy_time": 368.81748247146606, "close_persist_time": 2.8848648071289062e-05}, "pickle_dram_fs_dax0": {"open_time": 6.723403930664062e-05, "copy_time": 309.12835574150085, "close_persist_time": 0.00040793418884277344}, "pymm_dram_fs_dax0": {"open_time": 0.23223590850830078, "copy_time": 72.52077054977417, "close_persist_time": 0.10347485542297363}, "pymm_dram_dev_dax0": {"open_time": 0.004853248596191406, "copy_time": 39.965100049972534, "close_persist_time": 0.09947776794433594}, "pymm_dram_nvme": {"open_time": 0.11848998069763184, "copy_time": 126.01903057098389, "close_persist_time": 0.1417245864868164}, "ndarray_save_dram_nvme": {"open_time": 0, "copy_time": 77.73849105834961, "close_persist_time": 0}}