{"dram": {"open_time": 0, "copy_time": 92.3994824886322, "close_persist_time": 0}, "pickle_dram_nvme": {"open_time": 6.437301635742188e-05, "copy_time": 353.992977142334, "close_persist_time": 3.0040740966796875e-05}, "pickle_dram_fs_dax0": {"open_time": 5.555152893066406e-05, "copy_time": 305.7629017829895, "close_persist_time": 2.5272369384765625e-05}, "pymm_dram_fs_dax0": {"open_time": 0.352644681930542, "copy_time": 108.04964184761047, "close_persist_time": 0.1496720314025879}, "pymm_dram_dev_dax0": {"open_time": 0.004831075668334961, "copy_time": 39.95492076873779, "close_persist_time": 0.14345049858093262}, "pymm_dram_nvme": {"open_time": 0.1819899082183838, "copy_time": 125.94541621208191, "close_persist_time": 0.18277692794799805}, "ndarray_save_dram_nvme": {"open_time": 0, "copy_time": 78.3756012916565, "close_persist_time": 0}}