{"dram": {"open_time": 0, "copy_time": 92.30097079277039, "close_persist_time": 0}, "pickle_dram_nvme": {"open_time": 5.6743621826171875e-05, "copy_time": 367.39150285720825, "close_persist_time": 2.9087066650390625e-05}, "pickle_dram_fs_dax0": {"open_time": 5.435943603515625e-05, "copy_time": 305.81760239601135, "close_persist_time": 0.0003981590270996094}, "pymm_dram_fs_dax0": {"open_time": 0.22774124145507812, "copy_time": 71.0424530506134, "close_persist_time": 0.0991365909576416}, "pymm_dram_dev_dax0": {"open_time": 0.0051953792572021484, "copy_time": 40.02777051925659, "close_persist_time": 0.09417128562927246}, "pymm_dram_nvme": {"open_time": 0.1646287441253662, "copy_time": 125.2848641872406, "close_persist_time": 0.13314461708068848}, "ndarray_save_dram_nvme": {"open_time": 0, "copy_time": 77.41197633743286, "close_persist_time": 0}}