{"dram": {"open_time": 0, "copy_time": 92.40525579452515, "close_persist_time": 0}, "pickle_dram_nvme": {"open_time": 6.103515625e-05, "copy_time": 354.9038555622101, "close_persist_time": 3.147125244140625e-05}, "pickle_dram_fs_dax0": {"open_time": 5.507469177246094e-05, "copy_time": 305.9413969516754, "close_persist_time": 2.5987625122070312e-05}, "pymm_dram_fs_dax0": {"open_time": 0.361102819442749, "copy_time": 107.43083834648132, "close_persist_time": 0.1500108242034912}, "pymm_dram_dev_dax0": {"open_time": 0.004831552505493164, "copy_time": 40.100513219833374, "close_persist_time": 0.14319825172424316}, "pymm_dram_nvme": {"open_time": 0.21029996871948242, "copy_time": 126.21582913398743, "close_persist_time": 0.1828320026397705}, "ndarray_save_dram_nvme": {"open_time": 0, "copy_time": 78.89814305305481, "close_persist_time": 0}}