{"dram": {"open_time": 0, "copy_time": 92.27746725082397, "close_persist_time": 0}, "pickle_dram_nvme": {"open_time": 6.246566772460938e-05, "copy_time": 365.74294996261597, "close_persist_time": 2.9087066650390625e-05}, "pickle_dram_fs_dax0": {"open_time": 5.459785461425781e-05, "copy_time": 305.87455320358276, "close_persist_time": 0.00044918060302734375}, "pymm_dram_fs_dax0": {"open_time": 0.21644330024719238, "copy_time": 69.1868908405304, "close_persist_time": 0.09469079971313477}, "pymm_dram_dev_dax0": {"open_time": 0.004729270935058594, "copy_time": 39.319435596466064, "close_persist_time": 0.09135890007019043}, "pymm_dram_nvme": {"open_time": 0.16013145446777344, "copy_time": 126.41620302200317, "close_persist_time": 0.13068795204162598}, "ndarray_save_dram_nvme": {"open_time": 0, "copy_time": 79.00425577163696, "close_persist_time": 0}}