{"dram": {"open_time": 0, "copy_time": 92.40155029296875, "close_persist_time": 0}, "pickle_dram_nvme": {"open_time": 6.556510925292969e-05, "copy_time": 353.68708419799805, "close_persist_time": 2.8133392333984375e-05}, "pickle_dram_fs_dax0": {"open_time": 5.435943603515625e-05, "copy_time": 305.9650502204895, "close_persist_time": 2.3365020751953125e-05}, "pymm_dram_fs_dax0": {"open_time": 0.37261199951171875, "copy_time": 107.57231068611145, "close_persist_time": 0.14396929740905762}, "pymm_dram_dev_dax0": {"open_time": 0.004822731018066406, "copy_time": 39.8045928478241, "close_persist_time": 0.1434638500213623}, "pymm_dram_nvme": {"open_time": 0.1677095890045166, "copy_time": 125.46634864807129, "close_persist_time": 0.18280792236328125}, "ndarray_save_dram_nvme": {"open_time": 0, "copy_time": 78.79656386375427, "close_persist_time": 0}}