{"dram": {"open_time": 0, "copy_time": 92.34354138374329, "close_persist_time": 0}, "pickle_dram_nvme": {"open_time": 5.984306335449219e-05, "copy_time": 366.8009147644043, "close_persist_time": 2.7179718017578125e-05}, "pickle_dram_fs_dax0": {"open_time": 5.555152893066406e-05, "copy_time": 306.3818688392639, "close_persist_time": 0.0004897117614746094}, "pymm_dram_fs_dax0": {"open_time": 0.18318510055541992, "copy_time": 67.30965280532837, "close_persist_time": 0.09147977828979492}, "pymm_dram_dev_dax0": {"open_time": 0.004679679870605469, "copy_time": 40.06271934509277, "close_persist_time": 0.08788037300109863}, "pymm_dram_nvme": {"open_time": 0.1665816307067871, "copy_time": 126.21318793296814, "close_persist_time": 0.12827134132385254}, "ndarray_save_dram_nvme": {"open_time": 0, "copy_time": 79.06991147994995, "close_persist_time": 0}}