{"dram": {"open_time": 0, "copy_time": 92.38967156410217, "close_persist_time": 0}, "pickle_dram_nvme": {"open_time": 5.7697296142578125e-05, "copy_time": 354.96967339515686, "close_persist_time": 3.147125244140625e-05}, "pickle_dram_fs_dax0": {"open_time": 5.5789947509765625e-05, "copy_time": 306.28642082214355, "close_persist_time": 2.5033950805664062e-05}, "pymm_dram_fs_dax0": {"open_time": 0.36040663719177246, "copy_time": 108.65585803985596, "close_persist_time": 0.14463496208190918}, "pymm_dram_dev_dax0": {"open_time": 0.004800319671630859, "copy_time": 39.95315623283386, "close_persist_time": 0.1432945728302002}, "pymm_dram_nvme": {"open_time": 0.17231082916259766, "copy_time": 125.8552041053772, "close_persist_time": 0.18301963806152344}, "ndarray_save_dram_nvme": {"open_time": 0, "copy_time": 78.69070148468018, "close_persist_time": 0}}