{"dram": {"open_time": 0, "copy_time": 79.6701033115387, "close_persist_time": 0}, "pickle_dram_nvme": {"open_time": 6.270408630371094e-05, "copy_time": 372.5120463371277, "close_persist_time": 2.6702880859375e-05}, "pickle_dram_fs_dax0": {"open_time": 6.151199340820312e-05, "copy_time": 365.89502024650574, "close_persist_time": 2.193450927734375e-05}, "pymm_dram_fs_dax0": {"open_time": 0.18559026718139648, "copy_time": 67.52530908584595, "close_persist_time": 0.08623886108398438}, "pymm_dram_dev_dax0": {"open_time": 0.004779815673828125, "copy_time": 40.05665326118469, "close_persist_time": 0.08558535575866699}, "pymm_dram_nvme": {"open_time": 0.11708903312683105, "copy_time": 161.9458827972412, "close_persist_time": 0.1276381015777588}, "ndarray_save_dram_nvme": {"open_time": 0, "copy_time": 78.52886247634888, "close_persist_time": 0}}