{"dram": {"open_time": 0, "copy_time": 92.67245054244995, "close_persist_time": 0}, "pickle_dram_nvme": {"open_time": 5.316734313964844e-05, "copy_time": 366.71808338165283, "close_persist_time": 2.9325485229492188e-05}, "pickle_dram_fs_dax0": {"open_time": 5.9604644775390625e-05, "copy_time": 305.3486177921295, "close_persist_time": 2.5510787963867188e-05}, "pymm_dram_fs_dax0": {"open_time": 0.3128485679626465, "copy_time": 68.49919557571411, "close_persist_time": 0.08799457550048828}, "pymm_dram_dev_dax0": {"open_time": 0.004748106002807617, "copy_time": 40.32232189178467, "close_persist_time": 0.08668661117553711}, "pymm_dram_nvme": {"open_time": 0.18933534622192383, "copy_time": 126.9501280784607, "close_persist_time": 0.1576836109161377}, "ndarray_save_dram_nvme": {"open_time": 0, "copy_time": 78.75845432281494, "close_persist_time": 0}}