{"dram": {"open_time": 0, "copy_time": 92.72965264320374, "close_persist_time": 0}, "pickle_dram_nvme": {"open_time": 6.127357482910156e-05, "copy_time": 355.15617990493774, "close_persist_time": 3.24249267578125e-05}, "pickle_dram_fs_dax0": {"open_time": 6.842613220214844e-05, "copy_time": 305.1186828613281, "close_persist_time": 3.0040740966796875e-05}, "pymm_dram_fs_dax0": {"open_time": 0.39404726028442383, "copy_time": 109.37700629234314, "close_persist_time": 0.18666768074035645}, "pymm_dram_dev_dax0": {"open_time": 0.0048046112060546875, "copy_time": 40.141539573669434, "close_persist_time": 0.17350435256958008}, "pymm_dram_nvme": {"open_time": 0.18443536758422852, "copy_time": 126.00307250022888, "close_persist_time": 0.21443581581115723}, "ndarray_save_dram_nvme": {"open_time": 0, "copy_time": 78.69634509086609, "close_persist_time": 0}}