{"dram": {"open_time": 0, "copy_time": 92.69743323326111, "close_persist_time": 0}, "pickle_dram_nvme": {"open_time": 5.888938903808594e-05, "copy_time": 365.46617102622986, "close_persist_time": 2.8133392333984375e-05}, "pickle_dram_fs_dax0": {"open_time": 5.53131103515625e-05, "copy_time": 305.5782325267792, "close_persist_time": 2.288818359375e-05}, "pymm_dram_fs_dax0": {"open_time": 0.14226031303405762, "copy_time": 67.8948826789856, "close_persist_time": 0.08701753616333008}, "pymm_dram_dev_dax0": {"open_time": 0.004715681076049805, "copy_time": 39.82408285140991, "close_persist_time": 0.08609843254089355}, "pymm_dram_nvme": {"open_time": 0.15247535705566406, "copy_time": 126.50502467155457, "close_persist_time": 0.126753568649292}, "ndarray_save_dram_nvme": {"open_time": 0, "copy_time": 78.78298449516296, "close_persist_time": 0}}