{"dram": {"open_time": 0, "copy_time": 92.77486109733582, "close_persist_time": 0}, "pickle_dram_nvme": {"open_time": 6.270408630371094e-05, "copy_time": 368.3854489326477, "close_persist_time": 2.86102294921875e-05}, "pickle_dram_fs_dax0": {"open_time": 5.435943603515625e-05, "copy_time": 310.4818732738495, "close_persist_time": 2.2172927856445312e-05}, "pymm_dram_fs_dax0": {"open_time": 0.18552732467651367, "copy_time": 66.46574544906616, "close_persist_time": 0.08642578125}, "pymm_dram_dev_dax0": {"open_time": 0.004756450653076172, "copy_time": 39.81307125091553, "close_persist_time": 0.08585643768310547}, "pymm_dram_nvme": {"open_time": 0.1216585636138916, "copy_time": 124.81243467330933, "close_persist_time": 0.12666058540344238}, "ndarray_save_dram_nvme": {"open_time": 0, "copy_time": 78.70549535751343, "close_persist_time": 0}}