{"dram": {"open_time": 0, "copy_time": 92.7712070941925, "close_persist_time": 0}, "pickle_dram_nvme": {"open_time": 6.079673767089844e-05, "copy_time": 366.97701263427734, "close_persist_time": 2.9325485229492188e-05}, "pickle_dram_fs_dax0": {"open_time": 5.888938903808594e-05, "copy_time": 311.059157371521, "close_persist_time": 0.00028777122497558594}, "pymm_dram_fs_dax0": {"open_time": 0.2113640308380127, "copy_time": 70.38599348068237, "close_persist_time": 0.10026955604553223}, "pymm_dram_dev_dax0": {"open_time": 0.004748821258544922, "copy_time": 39.64168643951416, "close_persist_time": 0.0956120491027832}, "pymm_dram_nvme": {"open_time": 0.1327047348022461, "copy_time": 125.41318440437317, "close_persist_time": 0.13536357879638672}, "ndarray_save_dram_nvme": {"open_time": 0, "copy_time": 78.40812563896179, "close_persist_time": 0}}