{"dram": {"open_time": 0, "copy_time": 92.39847993850708, "close_persist_time": 0}, "pickle_dram_nvme": {"open_time": 5.9604644775390625e-05, "copy_time": 353.889151096344, "close_persist_time": 3.0279159545898438e-05}, "pickle_dram_fs_dax0": {"open_time": 5.91278076171875e-05, "copy_time": 332.391170501709, "close_persist_time": 2.4080276489257812e-05}, "pymm_dram_fs_dax0": {"open_time": 0.371121883392334, "copy_time": 136.11067509651184, "close_persist_time": 1.2695999145507812}, "pymm_dram_dev_dax0": {"open_time": 0.004817962646484375, "copy_time": 40.164936542510986, "close_persist_time": 1.1559157371520996}, "pymm_dram_nvme": {"open_time": 0.17537212371826172, "copy_time": 125.95260334014893, "close_persist_time": 1.1916003227233887}, "ndarray_save_dram_nvme": {"open_time": 0, "copy_time": 79.01340627670288, "close_persist_time": 0}}