{"dram": {"open_time": 0, "copy_time": 92.32052183151245, "close_persist_time": 0}, "pickle_dram_nvme": {"open_time": 5.745887756347656e-05, "copy_time": 363.3059902191162, "close_persist_time": 3.0994415283203125e-05}, "pickle_dram_fs_dax0": {"open_time": 6.818771362304688e-05, "copy_time": 309.47099018096924, "close_persist_time": 2.2649765014648438e-05}, "pymm_dram_fs_dax0": {"open_time": 0.19041967391967773, "copy_time": 68.45683073997498, "close_persist_time": 0.08701968193054199}, "pymm_dram_dev_dax0": {"open_time": 0.004716634750366211, "copy_time": 40.03717613220215, "close_persist_time": 0.08645439147949219}, "pymm_dram_nvme": {"open_time": 0.16460466384887695, "copy_time": 125.41520118713379, "close_persist_time": 0.12685394287109375}, "ndarray_save_dram_nvme": {"open_time": 0, "copy_time": 78.43707251548767, "close_persist_time": 0}}