{"dram": {"open_time": 0, "copy_time": 92.42425084114075, "close_persist_time": 0}, "pickle_dram_nvme": {"open_time": 6.318092346191406e-05, "copy_time": 366.41925287246704, "close_persist_time": 3.0040740966796875e-05}, "pickle_dram_fs_dax0": {"open_time": 5.555152893066406e-05, "copy_time": 307.9323296546936, "close_persist_time": 0.0003657341003417969}, "pymm_dram_fs_dax0": {"open_time": 0.22493982315063477, "copy_time": 67.58209347724915, "close_persist_time": 0.09526896476745605}, "pymm_dram_dev_dax0": {"open_time": 0.004733085632324219, "copy_time": 39.821858167648315, "close_persist_time": 0.0890803337097168}, "pymm_dram_nvme": {"open_time": 0.1280369758605957, "copy_time": 124.76095366477966, "close_persist_time": 0.12896108627319336}, "ndarray_save_dram_nvme": {"open_time": 0, "copy_time": 78.65778851509094, "close_persist_time": 0}}