{"dram": {"open_time": 0, "copy_time": 92.40562963485718, "close_persist_time": 0}, "pickle_dram_nvme": {"open_time": 6.341934204101562e-05, "copy_time": 353.9563903808594, "close_persist_time": 3.0994415283203125e-05}, "pickle_dram_fs_dax0": {"open_time": 5.650520324707031e-05, "copy_time": 305.8561692237854, "close_persist_time": 2.4080276489257812e-05}, "pymm_dram_fs_dax0": {"open_time": 0.3662128448486328, "copy_time": 107.47856616973877, "close_persist_time": 0.1447904109954834}, "pymm_dram_dev_dax0": {"open_time": 0.004815578460693359, "copy_time": 40.06562423706055, "close_persist_time": 0.14345979690551758}, "pymm_dram_nvme": {"open_time": 0.17455554008483887, "copy_time": 125.35571193695068, "close_persist_time": 0.18288898468017578}, "ndarray_save_dram_nvme": {"open_time": 0, "copy_time": 78.15891194343567, "close_persist_time": 0}}