{"numpymmap_nvme": {"open_time": 0.03373432159423828, "copy_time": 129.47423839569092, "close_persist_time": 0.3647937774658203}, "numpymmap_fs_dax0": {"open_time": 0.6491451263427734, "copy_time": 66.1553475856781, "close_persist_time": 48.808122873306274}}