{"numpymmap_nvme": {"open_time": 0.04163193702697754, "copy_time": 126.72567629814148, "close_persist_time": 0.8682999610900879}, "numpymmap_fs_dax0": {"open_time": 0.007035493850708008, "copy_time": 66.32660102844238, "close_persist_time": 48.90207767486572}}