{"dram": {"open_time": 1.4543533325195312e-05, "copy_time": 7.710327625274658, "close_persist_time": 0}, "numpymmap_nvme": {"open_time": 14.032957792282104, "copy_time": 8.579297542572021, "close_persist_time": 2.8766069412231445}, "numpymmap_fs_dax0": {"open_time": 11.419429779052734, "copy_time": 7.672344923019409, "close_persist_time": 4.800794839859009}, "numpymmap_fs_dax1": {"open_time": 27.09618639945984, "copy_time": 25.813180923461914, "close_persist_time": 5.827086687088013}, "pymm_dram_fs_dax0": {"open_time": 6.591111421585083, "copy_time": 7.5045764446258545, "close_persist_time": 0.02670121192932129}, "pymm_dram_fs_dax1": {"open_time": 24.010146141052246, "copy_time": 25.784482955932617, "close_persist_time": 0.02673172950744629}, "pymm_dram_dev_dax0": {"open_time": 3.831202507019043, "copy_time": 7.618466377258301, "close_persist_time": 0.026838302612304688}, "pymm_dram_dev_dax1": {"open_time": 14.931637287139893, "copy_time": 25.675667762756348, "close_persist_time": 0.026720523834228516}, "pymm_dram_nvme": {"open_time": 10.413941860198975, "copy_time": 6.256199598312378, "close_persist_time": 0.02680182456970215}, "ndarray_save_dram_nvme": {"open_time": 9.890084743499756, "copy_time": 11.13882327079773, "close_persist_time": 11.071401596069336}, "ndarray_save_dram_fs_dax0": {"open_time": 6.4671406745910645, "copy_time": 9.861947536468506, "close_persist_time": 6.399497032165527}, "ndarray_save_dram_fs_dax1": {"open_time": 23.30145025253296, "copy_time": 9.86031985282898, "close_persist_time": 22.61353349685669}}