{"dram": {"open_time": 2.09808349609375e-05, "copy_time": 3.6692087650299072, "close_persist_time": 0}, "numpymmap_nvme": {"open_time": 13.74695110321045, "copy_time": 6.455336809158325, "close_persist_time": 1.8984756469726562}, "numpymmap_fs_dax0": {"open_time": 11.308517694473267, "copy_time": 5.749120235443115, "close_persist_time": 4.8740668296813965}, "numpymmap_fs_dax1": {"open_time": 27.121833562850952, "copy_time": 6.508755922317505, "close_persist_time": 6.177354097366333}, "pymm_dram_fs_dax0": {"open_time": 6.623075246810913, "copy_time": 6.427148818969727, "close_persist_time": 0.01796269416809082}, "pymm_dram_fs_dax1": {"open_time": 24.054397344589233, "copy_time": 7.000388145446777, "close_persist_time": 0.017917633056640625}, "pymm_dram_dev_dax0": {"open_time": 3.7894744873046875, "copy_time": 6.334449768066406, "close_persist_time": 0.018732070922851562}, "pymm_dram_dev_dax1": {"open_time": 14.95823884010315, "copy_time": 6.991369009017944, "close_persist_time": 0.01803135871887207}, "pymm_dram_nvme": {"open_time": 10.597012281417847, "copy_time": 8.568973302841187, "close_persist_time": 0.014310836791992188}, "ndarray_save_dram_nvme": {"open_time": 10.690807580947876, "copy_time": 4.0262839794158936, "close_persist_time": 10.063723802566528}, "ndarray_save_dram_fs_dax0": {"open_time": 6.62154746055603, "copy_time": 4.020955562591553, "close_persist_time": 6.130653142929077}, "ndarray_save_dram_fs_dax1": {"open_time": 23.31644892692566, "copy_time": 3.99284291267395, "close_persist_time": 21.19983720779419}}