{"dram": {"open_time": 1.811981201171875e-05, "copy_time": 3.058157205581665, "close_persist_time": 0}, "numpymmap_nvme": {"open_time": 13.924741506576538, "copy_time": 5.092980861663818, "close_persist_time": 1.5108261108398438}, "numpymmap_fs_dax0": {"open_time": 11.356083393096924, "copy_time": 3.6582913398742676, "close_persist_time": 4.8892388343811035}, "numpymmap_fs_dax1": {"open_time": 27.17601490020752, "copy_time": 3.7094106674194336, "close_persist_time": 5.956605911254883}, "pymm_dram_fs_dax0": {"open_time": 6.7167744636535645, "copy_time": 4.434602737426758, "close_persist_time": 0.016626358032226562}, "pymm_dram_fs_dax1": {"open_time": 24.048412084579468, "copy_time": 4.469069719314575, "close_persist_time": 0.016417264938354492}, "pymm_dram_dev_dax0": {"open_time": 3.8726091384887695, "copy_time": 4.359708786010742, "close_persist_time": 0.016949892044067383}, "pymm_dram_dev_dax1": {"open_time": 14.950608491897583, "copy_time": 4.4556639194488525, "close_persist_time": 0.016344070434570312}, "pymm_dram_nvme": {"open_time": 10.622214078903198, "copy_time": 7.0247108936309814, "close_persist_time": 0.011406898498535156}, "ndarray_save_dram_nvme": {"open_time": 10.335798501968384, "copy_time": 2.711550712585449, "close_persist_time": 9.961145877838135}, "ndarray_save_dram_fs_dax0": {"open_time": 6.59889030456543, "copy_time": 2.6913294792175293, "close_persist_time": 5.859012126922607}, "ndarray_save_dram_fs_dax1": {"open_time": 23.343270778656006, "copy_time": 2.668928384780884, "close_persist_time": 20.084184885025024}}