{"dram": {"open_time": 2.1457672119140625e-05, "copy_time": 3.0893330574035645, "close_persist_time": 0}, "numpymmap_nvme": {"open_time": 13.858185052871704, "copy_time": 5.251553535461426, "close_persist_time": 1.5511236190795898}, "numpymmap_fs_dax0": {"open_time": 11.41827917098999, "copy_time": 4.00175142288208, "close_persist_time": 4.887781381607056}, "numpymmap_fs_dax1": {"open_time": 27.211950540542603, "copy_time": 4.095192909240723, "close_persist_time": 6.019176959991455}, "pymm_dram_fs_dax0": {"open_time": 6.623029708862305, "copy_time": 4.618476867675781, "close_persist_time": 0.013447046279907227}, "pymm_dram_fs_dax1": {"open_time": 24.09063959121704, "copy_time": 4.685452461242676, "close_persist_time": 0.013634204864501953}, "pymm_dram_dev_dax0": {"open_time": 3.7849268913269043, "copy_time": 4.55494499206543, "close_persist_time": 0.014048337936401367}, "pymm_dram_dev_dax1": {"open_time": 14.927391529083252, "copy_time": 4.7031238079071045, "close_persist_time": 0.013895034790039062}, "pymm_dram_nvme": {"open_time": 10.32309341430664, "copy_time": 4.214277744293213, "close_persist_time": 0.01180577278137207}, "ndarray_save_dram_nvme": {"open_time": 9.860608339309692, "copy_time": 2.844738245010376, "close_persist_time": 11.089005708694458}, "ndarray_save_dram_fs_dax0": {"open_time": 8.323685646057129, "copy_time": 2.8529000282287598, "close_persist_time": 5.868177652359009}, "ndarray_save_dram_fs_dax1": {"open_time": 23.280126333236694, "copy_time": 2.816044569015503, "close_persist_time": 20.220092296600342}}