{"dram": {"open_time": 1.2159347534179688e-05, "copy_time": 7.118447303771973, "close_persist_time": 0}, "numpymmap_nvme": {"open_time": 13.831099033355713, "copy_time": 8.62036943435669, "close_persist_time": 2.985623598098755}, "numpymmap_fs_dax0": {"open_time": 11.353475332260132, "copy_time": 5.8759472370147705, "close_persist_time": 4.889239072799683}, "numpymmap_fs_dax1": {"open_time": 27.108330249786377, "copy_time": 26.256649017333984, "close_persist_time": 5.952248811721802}, "pymm_dram_fs_dax0": {"open_time": 6.749673128128052, "copy_time": 5.950777769088745, "close_persist_time": 0.03065037727355957}, "pymm_dram_fs_dax1": {"open_time": 24.09113121032715, "copy_time": 26.368536710739136, "close_persist_time": 0.030805110931396484}, "pymm_dram_dev_dax0": {"open_time": 3.914546489715576, "copy_time": 6.424957990646362, "close_persist_time": 0.030931472778320312}, "pymm_dram_dev_dax1": {"open_time": 14.961292505264282, "copy_time": 26.283562183380127, "close_persist_time": 0.030519962310791016}, "pymm_dram_nvme": {"open_time": 10.674390316009521, "copy_time": 10.940612554550171, "close_persist_time": 0.03974008560180664}, "ndarray_save_dram_nvme": {"open_time": 10.590337038040161, "copy_time": 8.655847787857056, "close_persist_time": 10.233171939849854}, "ndarray_save_dram_fs_dax0": {"open_time": 6.627620697021484, "copy_time": 8.63231372833252, "close_persist_time": 6.637254953384399}, "ndarray_save_dram_fs_dax1": {"open_time": 23.289716005325317, "copy_time": 8.599149227142334, "close_persist_time": 22.84323287010193}}