{"dram": {"open_time": 2.09808349609375e-05, "copy_time": 9.575131177902222, "close_persist_time": 0}, "numpymmap_nvme": {"open_time": 13.841960430145264, "copy_time": 13.833816051483154, "close_persist_time": 3.3049824237823486}, "numpymmap_fs_dax0": {"open_time": 11.375635147094727, "copy_time": 11.32794737815857, "close_persist_time": 4.883056640625}, "numpymmap_fs_dax1": {"open_time": 27.158336877822876, "copy_time": 34.80431079864502, "close_persist_time": 5.960784912109375}, "pymm_dram_fs_dax0": {"open_time": 6.815464973449707, "copy_time": 11.891315698623657, "close_persist_time": 0.035047054290771484}, "pymm_dram_fs_dax1": {"open_time": 24.04513645172119, "copy_time": 35.19832444190979, "close_persist_time": 0.03495621681213379}, "pymm_dram_dev_dax0": {"open_time": 3.891632556915283, "copy_time": 11.918731689453125, "close_persist_time": 0.03540158271789551}, "pymm_dram_dev_dax1": {"open_time": 14.932163715362549, "copy_time": 35.18242144584656, "close_persist_time": 0.035127878189086914}, "pymm_dram_nvme": {"open_time": 10.609404802322388, "copy_time": 20.866194486618042, "close_persist_time": 0.045154571533203125}, "ndarray_save_dram_nvme": {"open_time": 10.282525777816772, "copy_time": 11.421276092529297, "close_persist_time": 10.333460807800293}, "ndarray_save_dram_fs_dax0": {"open_time": 6.624985456466675, "copy_time": 11.367389917373657, "close_persist_time": 6.657657623291016}, "ndarray_save_dram_fs_dax1": {"open_time": 23.28270697593689, "copy_time": 11.405927658081055, "close_persist_time": 23.197041511535645}}