{"dram": {"open_time": 1.4066696166992188e-05, "copy_time": 3.140106439590454, "close_persist_time": 0}, "numpymmap_nvme": {"open_time": 13.744060039520264, "copy_time": 5.11558198928833, "close_persist_time": 1.5118842124938965}, "numpymmap_fs_dax0": {"open_time": 11.40818738937378, "copy_time": 3.80460786819458, "close_persist_time": 4.888369798660278}, "numpymmap_fs_dax1": {"open_time": 27.104491472244263, "copy_time": 3.8564374446868896, "close_persist_time": 5.9572508335113525}, "pymm_dram_fs_dax0": {"open_time": 6.716467618942261, "copy_time": 4.50218653678894, "close_persist_time": 0.01787734031677246}, "pymm_dram_fs_dax1": {"open_time": 24.14887523651123, "copy_time": 4.543008327484131, "close_persist_time": 0.021261930465698242}, "pymm_dram_dev_dax0": {"open_time": 3.8167803287506104, "copy_time": 4.46473240852356, "close_persist_time": 0.021611928939819336}, "pymm_dram_dev_dax1": {"open_time": 14.92006778717041, "copy_time": 4.555804014205933, "close_persist_time": 0.021168947219848633}, "pymm_dram_nvme": {"open_time": 10.554277896881104, "copy_time": 7.256292343139648, "close_persist_time": 0.011103630065917969}, "ndarray_save_dram_nvme": {"open_time": 10.39273190498352, "copy_time": 2.8329215049743652, "close_persist_time": 9.911249876022339}, "ndarray_save_dram_fs_dax0": {"open_time": 6.496131658554077, "copy_time": 2.81240177154541, "close_persist_time": 5.709574937820435}, "ndarray_save_dram_fs_dax1": {"open_time": 23.31196165084839, "copy_time": 2.814253568649292, "close_persist_time": 20.065845489501953}}