{"dram": {"open_time": 1.5974044799804688e-05, "copy_time": 2.6583492755889893, "close_persist_time": 0}, "numpymmap_nvme": {"open_time": 23.750487804412842, "copy_time": 4.8722381591796875, "close_persist_time": 1.541893720626831}, "numpymmap_fs_dax0": {"open_time": 11.914288520812988, "copy_time": 3.6743686199188232, "close_persist_time": 4.886162996292114}, "numpymmap_fs_dax1": {"open_time": 27.00259304046631, "copy_time": 3.7494215965270996, "close_persist_time": 5.947466135025024}, "pymm_dram_fs_dax0": {"open_time": 7.316541910171509, "copy_time": 4.526007413864136, "close_persist_time": 0.021142244338989258}, "pymm_dram_fs_dax1": {"open_time": 24.47515630722046, "copy_time": 4.629170179367065, "close_persist_time": 0.02112412452697754}, "pymm_dram_dev_dax0": {"open_time": 3.8530774116516113, "copy_time": 4.452549695968628, "close_persist_time": 0.02126789093017578}, "pymm_dram_dev_dax1": {"open_time": 14.946097135543823, "copy_time": 4.582057476043701, "close_persist_time": 0.021276473999023438}, "pymm_dram_nvme": {"open_time": 9.26558256149292, "copy_time": 4.48279070854187, "close_persist_time": 0.01099705696105957}, "ndarray_save_dram_nvme": {"open_time": 21.264180183410645, "copy_time": 2.722827672958374, "close_persist_time": 9.686188220977783}, "ndarray_save_dram_fs_dax0": {"open_time": 6.534390687942505, "copy_time": 2.7145135402679443, "close_persist_time": 5.8316566944122314}, "ndarray_save_dram_fs_dax1": {"open_time": 23.306789875030518, "copy_time": 2.677365779876709, "close_persist_time": 20.078417539596558}}