{"dram": {"open_time": 2.1219253540039062e-05, "copy_time": 9.557193994522095, "close_persist_time": 0}, "numpymmap_nvme": {"open_time": 13.59036111831665, "copy_time": 13.854862689971924, "close_persist_time": 3.0111935138702393}, "numpymmap_fs_dax0": {"open_time": 11.355004787445068, "copy_time": 11.420040607452393, "close_persist_time": 4.881534814834595}, "numpymmap_fs_dax1": {"open_time": 27.107704639434814, "copy_time": 34.86941719055176, "close_persist_time": 5.944704294204712}, "pymm_dram_fs_dax0": {"open_time": 6.660718679428101, "copy_time": 11.89453935623169, "close_persist_time": 0.035089969635009766}, "pymm_dram_fs_dax1": {"open_time": 24.040420055389404, "copy_time": 35.22317862510681, "close_persist_time": 0.03505682945251465}, "pymm_dram_dev_dax0": {"open_time": 3.8036048412323, "copy_time": 11.861222505569458, "close_persist_time": 0.03503751754760742}, "pymm_dram_dev_dax1": {"open_time": 14.93220829963684, "copy_time": 35.198466300964355, "close_persist_time": 0.03476428985595703}, "pymm_dram_nvme": {"open_time": 10.342567443847656, "copy_time": 10.613366603851318, "close_persist_time": 0.03509831428527832}, "ndarray_save_dram_nvme": {"open_time": 9.832258939743042, "copy_time": 13.556117296218872, "close_persist_time": 10.319221019744873}, "ndarray_save_dram_fs_dax0": {"open_time": 6.620908737182617, "copy_time": 11.446117162704468, "close_persist_time": 6.754901647567749}, "ndarray_save_dram_fs_dax1": {"open_time": 23.308810472488403, "copy_time": 11.354564666748047, "close_persist_time": 23.271724700927734}}