{"dram": {"open_time": 2.0265579223632812e-05, "copy_time": 2.991257667541504, "close_persist_time": 0}, "numpymmap_nvme": {"open_time": 13.75832486152649, "copy_time": 5.308969497680664, "close_persist_time": 1.522402286529541}, "numpymmap_fs_dax0": {"open_time": 11.401996850967407, "copy_time": 3.776839017868042, "close_persist_time": 4.89387845993042}, "numpymmap_fs_dax1": {"open_time": 27.112945795059204, "copy_time": 3.815074920654297, "close_persist_time": 5.958056211471558}, "pymm_dram_fs_dax0": {"open_time": 6.749202728271484, "copy_time": 4.430353403091431, "close_persist_time": 0.014953136444091797}, "pymm_dram_fs_dax1": {"open_time": 23.99210810661316, "copy_time": 4.488508462905884, "close_persist_time": 0.01673579216003418}, "pymm_dram_dev_dax0": {"open_time": 3.8142333030700684, "copy_time": 4.378750801086426, "close_persist_time": 0.01642894744873047}, "pymm_dram_dev_dax1": {"open_time": 14.957845449447632, "copy_time": 4.466415882110596, "close_persist_time": 0.016178131103515625}, "pymm_dram_nvme": {"open_time": 10.338827848434448, "copy_time": 4.104857683181763, "close_persist_time": 0.010981321334838867}, "ndarray_save_dram_nvme": {"open_time": 9.814977169036865, "copy_time": 2.726611614227295, "close_persist_time": 10.900749921798706}, "ndarray_save_dram_fs_dax0": {"open_time": 8.65031099319458, "copy_time": 2.7070274353027344, "close_persist_time": 5.841356992721558}, "ndarray_save_dram_fs_dax1": {"open_time": 23.29641890525818, "copy_time": 2.690174102783203, "close_persist_time": 20.09601402282715}}