{"dram": {"open_time": 1.8358230590820312e-05, "copy_time": 3.6731297969818115, "close_persist_time": 0}, "numpymmap_nvme": {"open_time": 13.81034779548645, "copy_time": 6.565133094787598, "close_persist_time": 1.870926856994629}, "numpymmap_fs_dax0": {"open_time": 11.387376546859741, "copy_time": 5.820248126983643, "close_persist_time": 4.882396697998047}, "numpymmap_fs_dax1": {"open_time": 27.122307062149048, "copy_time": 6.554052829742432, "close_persist_time": 6.174283504486084}, "pymm_dram_fs_dax0": {"open_time": 6.736871719360352, "copy_time": 6.3399741649627686, "close_persist_time": 0.018242835998535156}, "pymm_dram_fs_dax1": {"open_time": 24.029640436172485, "copy_time": 6.9421186447143555, "close_persist_time": 0.017868995666503906}, "pymm_dram_dev_dax0": {"open_time": 3.876110315322876, "copy_time": 6.31866192817688, "close_persist_time": 0.017384767532348633}, "pymm_dram_dev_dax1": {"open_time": 14.978827238082886, "copy_time": 6.949631452560425, "close_persist_time": 0.01786947250366211}, "pymm_dram_nvme": {"open_time": 10.521793842315674, "copy_time": 8.443775177001953, "close_persist_time": 0.014164924621582031}, "ndarray_save_dram_nvme": {"open_time": 10.648010015487671, "copy_time": 3.9840166568756104, "close_persist_time": 10.03712773323059}, "ndarray_save_dram_fs_dax0": {"open_time": 6.6053876876831055, "copy_time": 3.979654550552368, "close_persist_time": 6.046456336975098}, "ndarray_save_dram_fs_dax1": {"open_time": 23.289594650268555, "copy_time": 3.9577550888061523, "close_persist_time": 21.19916796684265}}