{"dram": {"open_time": 1.6689300537109375e-05, "copy_time": 7.66821026802063, "close_persist_time": 0}, "numpymmap_nvme": {"open_time": 13.809009075164795, "copy_time": 8.600121021270752, "close_persist_time": 2.7661685943603516}, "numpymmap_fs_dax0": {"open_time": 11.428941488265991, "copy_time": 7.699883222579956, "close_persist_time": 4.800830841064453}, "numpymmap_fs_dax1": {"open_time": 27.101333379745483, "copy_time": 25.701056718826294, "close_persist_time": 5.826577186584473}, "pymm_dram_fs_dax0": {"open_time": 6.581640958786011, "copy_time": 7.497041940689087, "close_persist_time": 0.02670145034790039}, "pymm_dram_fs_dax1": {"open_time": 24.064015865325928, "copy_time": 25.68657612800598, "close_persist_time": 0.026715755462646484}, "pymm_dram_dev_dax0": {"open_time": 3.879988193511963, "copy_time": 7.6971235275268555, "close_persist_time": 0.026594161987304688}, "pymm_dram_dev_dax1": {"open_time": 14.945369482040405, "copy_time": 25.6945378780365, "close_persist_time": 0.026731014251708984}, "pymm_dram_nvme": {"open_time": 10.37389063835144, "copy_time": 6.2109057903289795, "close_persist_time": 0.026729583740234375}, "ndarray_save_dram_nvme": {"open_time": 9.834904432296753, "copy_time": 11.017167568206787, "close_persist_time": 11.046773672103882}, "ndarray_save_dram_fs_dax0": {"open_time": 6.598550319671631, "copy_time": 9.93268871307373, "close_persist_time": 6.542152166366577}, "ndarray_save_dram_fs_dax1": {"open_time": 23.297569274902344, "copy_time": 9.896738767623901, "close_persist_time": 22.620609045028687}}