{"dram": {"open_time": 1.8596649169921875e-05, "copy_time": 3.054948091506958, "close_persist_time": 0}, "numpymmap_nvme": {"open_time": 13.700008392333984, "copy_time": 5.067821979522705, "close_persist_time": 1.5567712783813477}, "numpymmap_fs_dax0": {"open_time": 11.31693410873413, "copy_time": 3.9197940826416016, "close_persist_time": 4.882120132446289}, "numpymmap_fs_dax1": {"open_time": 27.108789443969727, "copy_time": 4.004409313201904, "close_persist_time": 6.031150817871094}, "pymm_dram_fs_dax0": {"open_time": 6.721296548843384, "copy_time": 4.76354455947876, "close_persist_time": 0.013118982315063477}, "pymm_dram_fs_dax1": {"open_time": 24.041030645370483, "copy_time": 4.80206036567688, "close_persist_time": 0.01314687728881836}, "pymm_dram_dev_dax0": {"open_time": 3.870967149734497, "copy_time": 4.661728143692017, "close_persist_time": 0.013356685638427734}, "pymm_dram_dev_dax1": {"open_time": 14.941662073135376, "copy_time": 4.792654037475586, "close_persist_time": 0.013193130493164062}, "pymm_dram_nvme": {"open_time": 10.31206226348877, "copy_time": 4.342604160308838, "close_persist_time": 0.011330127716064453}, "ndarray_save_dram_nvme": {"open_time": 9.85642123222351, "copy_time": 2.9102566242218018, "close_persist_time": 11.23221230506897}, "ndarray_save_dram_fs_dax0": {"open_time": 8.196049451828003, "copy_time": 2.8929173946380615, "close_persist_time": 5.870805501937866}, "ndarray_save_dram_fs_dax1": {"open_time": 23.298941135406494, "copy_time": 2.876936435699463, "close_persist_time": 20.23055410385132}}