{"dram": {"open_time": 1.239776611328125e-05, "copy_time": 7.030446290969849, "close_persist_time": 0}, "numpymmap_nvme": {"open_time": 13.716068983078003, "copy_time": 8.599710941314697, "close_persist_time": 3.0418894290924072}, "numpymmap_fs_dax0": {"open_time": 11.425001621246338, "copy_time": 5.918367624282837, "close_persist_time": 4.889381170272827}, "numpymmap_fs_dax1": {"open_time": 27.127986192703247, "copy_time": 26.261814832687378, "close_persist_time": 5.9524595737457275}, "pymm_dram_fs_dax0": {"open_time": 6.753570556640625, "copy_time": 5.916886329650879, "close_persist_time": 0.03041386604309082}, "pymm_dram_fs_dax1": {"open_time": 24.053852558135986, "copy_time": 26.29546594619751, "close_persist_time": 0.03048110008239746}, "pymm_dram_dev_dax0": {"open_time": 3.8323659896850586, "copy_time": 5.9010303020477295, "close_persist_time": 0.030463457107543945}, "pymm_dram_dev_dax1": {"open_time": 14.94952130317688, "copy_time": 26.242990732192993, "close_persist_time": 0.030367136001586914}, "pymm_dram_nvme": {"open_time": 10.373863697052002, "copy_time": 5.605134963989258, "close_persist_time": 0.03153657913208008}, "ndarray_save_dram_nvme": {"open_time": 10.416580200195312, "copy_time": 10.088000059127808, "close_persist_time": 10.27232313156128}, "ndarray_save_dram_fs_dax0": {"open_time": 6.483736753463745, "copy_time": 8.60840654373169, "close_persist_time": 6.521214723587036}, "ndarray_save_dram_fs_dax1": {"open_time": 23.327062368392944, "copy_time": 8.530940771102905, "close_persist_time": 22.868091106414795}}