{"dram": {"open_time": 1.5735626220703125e-05, "copy_time": 7.6708831787109375, "close_persist_time": 0}, "numpymmap_nvme": {"open_time": 13.656476974487305, "copy_time": 8.6021146774292, "close_persist_time": 2.6815850734710693}, "numpymmap_fs_dax0": {"open_time": 11.415850400924683, "copy_time": 7.70916485786438, "close_persist_time": 4.800922155380249}, "numpymmap_fs_dax1": {"open_time": 27.154316186904907, "copy_time": 25.704329252243042, "close_persist_time": 5.835752725601196}, "pymm_dram_fs_dax0": {"open_time": 6.640905380249023, "copy_time": 7.563673257827759, "close_persist_time": 0.026639223098754883}, "pymm_dram_fs_dax1": {"open_time": 24.034231424331665, "copy_time": 25.69476556777954, "close_persist_time": 0.026448726654052734}, "pymm_dram_dev_dax0": {"open_time": 3.867759943008423, "copy_time": 7.597437381744385, "close_persist_time": 0.02661418914794922}, "pymm_dram_dev_dax1": {"open_time": 14.983696222305298, "copy_time": 25.807207822799683, "close_persist_time": 0.02666163444519043}, "pymm_dram_nvme": {"open_time": 10.337857961654663, "copy_time": 6.210664987564087, "close_persist_time": 0.026689767837524414}, "ndarray_save_dram_nvme": {"open_time": 9.894750595092773, "copy_time": 10.907217979431152, "close_persist_time": 11.211109161376953}, "ndarray_save_dram_fs_dax0": {"open_time": 6.579140901565552, "copy_time": 9.919172048568726, "close_persist_time": 6.5504536628723145}, "ndarray_save_dram_fs_dax1": {"open_time": 23.315589666366577, "copy_time": 9.940515041351318, "close_persist_time": 22.61419415473938}}