{"dram": {"open_time": 1.3828277587890625e-05, "copy_time": 2.96628999710083, "close_persist_time": 0}, "numpymmap_nvme": {"open_time": 13.676886320114136, "copy_time": 5.27700662612915, "close_persist_time": 1.5085136890411377}, "numpymmap_fs_dax0": {"open_time": 11.414283514022827, "copy_time": 3.741868495941162, "close_persist_time": 4.88209342956543}, "numpymmap_fs_dax1": {"open_time": 27.11009383201599, "copy_time": 3.7783524990081787, "close_persist_time": 5.941198825836182}, "pymm_dram_fs_dax0": {"open_time": 6.5693359375, "copy_time": 4.43785548210144, "close_persist_time": 0.01784372329711914}, "pymm_dram_fs_dax1": {"open_time": 23.997771978378296, "copy_time": 4.501953840255737, "close_persist_time": 0.02119731903076172}, "pymm_dram_dev_dax0": {"open_time": 3.8065381050109863, "copy_time": 4.313193321228027, "close_persist_time": 0.021039485931396484}, "pymm_dram_dev_dax1": {"open_time": 14.92147970199585, "copy_time": 4.461199998855591, "close_persist_time": 0.020936250686645508}, "pymm_dram_nvme": {"open_time": 10.571693181991577, "copy_time": 7.2137463092803955, "close_persist_time": 0.011203289031982422}, "ndarray_save_dram_nvme": {"open_time": 10.2950279712677, "copy_time": 2.7170677185058594, "close_persist_time": 9.847346067428589}, "ndarray_save_dram_fs_dax0": {"open_time": 6.6258392333984375, "copy_time": 2.7030184268951416, "close_persist_time": 5.830919504165649}, "ndarray_save_dram_fs_dax1": {"open_time": 23.295472145080566, "copy_time": 2.67789363861084, "close_persist_time": 20.079997062683105}}