{"dram": {"open_time": 1.1920928955078125e-05, "copy_time": 7.049466848373413, "close_persist_time": 0}, "numpymmap_nvme": {"open_time": 13.66639757156372, "copy_time": 8.620315790176392, "close_persist_time": 2.813502550125122}, "numpymmap_fs_dax0": {"open_time": 11.308927536010742, "copy_time": 5.797789812088013, "close_persist_time": 4.877903699874878}, "numpymmap_fs_dax1": {"open_time": 27.108377933502197, "copy_time": 26.241209268569946, "close_persist_time": 5.937183380126953}, "pymm_dram_fs_dax0": {"open_time": 6.608211040496826, "copy_time": 5.868203163146973, "close_persist_time": 0.030409812927246094}, "pymm_dram_fs_dax1": {"open_time": 24.016780853271484, "copy_time": 26.252718448638916, "close_persist_time": 0.030176877975463867}, "pymm_dram_dev_dax0": {"open_time": 3.78753924369812, "copy_time": 5.866255521774292, "close_persist_time": 0.030407428741455078}, "pymm_dram_dev_dax1": {"open_time": 14.98048996925354, "copy_time": 26.22296142578125, "close_persist_time": 0.030181884765625}, "pymm_dram_nvme": {"open_time": 10.35204267501831, "copy_time": 5.573675632476807, "close_persist_time": 0.030194759368896484}, "ndarray_save_dram_nvme": {"open_time": 9.899281740188599, "copy_time": 8.617248058319092, "close_persist_time": 12.148170471191406}, "ndarray_save_dram_fs_dax0": {"open_time": 6.539765119552612, "copy_time": 8.591200351715088, "close_persist_time": 6.552035331726074}, "ndarray_save_dram_fs_dax1": {"open_time": 23.31555676460266, "copy_time": 8.639286756515503, "close_persist_time": 22.869719982147217}}