{"dram": {"open_time": 1.811981201171875e-05, "copy_time": 3.0209779739379883, "close_persist_time": 0}, "numpymmap_nvme": {"open_time": 14.124178409576416, "copy_time": 5.0416419506073, "close_persist_time": 1.5416312217712402}, "numpymmap_fs_dax0": {"open_time": 11.473623514175415, "copy_time": 3.699343204498291, "close_persist_time": 4.895191669464111}, "numpymmap_fs_dax1": {"open_time": 27.105188131332397, "copy_time": 3.7504794597625732, "close_persist_time": 5.956075191497803}, "pymm_dram_fs_dax0": {"open_time": 6.7490150928497314, "copy_time": 4.489133358001709, "close_persist_time": 0.014557600021362305}, "pymm_dram_fs_dax1": {"open_time": 24.05121612548828, "copy_time": 4.502535581588745, "close_persist_time": 0.016512155532836914}, "pymm_dram_dev_dax0": {"open_time": 3.8690531253814697, "copy_time": 4.381385087966919, "close_persist_time": 0.016605854034423828}, "pymm_dram_dev_dax1": {"open_time": 14.916328191757202, "copy_time": 4.496865510940552, "close_persist_time": 0.016481876373291016}, "pymm_dram_nvme": {"open_time": 10.57909369468689, "copy_time": 7.121466875076294, "close_persist_time": 0.01106572151184082}, "ndarray_save_dram_nvme": {"open_time": 10.442142248153687, "copy_time": 2.686382293701172, "close_persist_time": 9.94048547744751}, "ndarray_save_dram_fs_dax0": {"open_time": 6.731084108352661, "copy_time": 2.689176559448242, "close_persist_time": 5.906362295150757}, "ndarray_save_dram_fs_dax1": {"open_time": 23.29251742362976, "copy_time": 2.650519609451294, "close_persist_time": 20.085134744644165}}