{"dram": {"open_time": 2.0503997802734375e-05, "copy_time": 3.6511287689208984, "close_persist_time": 0}, "numpymmap_nvme": {"open_time": 13.807286024093628, "copy_time": 6.441273212432861, "close_persist_time": 1.9009454250335693}, "numpymmap_fs_dax0": {"open_time": 11.34108567237854, "copy_time": 5.7353355884552, "close_persist_time": 4.889542102813721}, "numpymmap_fs_dax1": {"open_time": 27.105326175689697, "copy_time": 6.526648998260498, "close_persist_time": 6.171160936355591}, "pymm_dram_fs_dax0": {"open_time": 6.645970344543457, "copy_time": 6.300010442733765, "close_persist_time": 0.018111467361450195}, "pymm_dram_fs_dax1": {"open_time": 24.020249605178833, "copy_time": 6.909441947937012, "close_persist_time": 0.017940998077392578}, "pymm_dram_dev_dax0": {"open_time": 3.841198444366455, "copy_time": 6.267043828964233, "close_persist_time": 0.01866912841796875}, "pymm_dram_dev_dax1": {"open_time": 14.927242040634155, "copy_time": 6.901633262634277, "close_persist_time": 0.01769733428955078}, "pymm_dram_nvme": {"open_time": 10.381710767745972, "copy_time": 4.805611848831177, "close_persist_time": 0.014531612396240234}, "ndarray_save_dram_nvme": {"open_time": 9.652631759643555, "copy_time": 4.050610303878784, "close_persist_time": 11.61067008972168}, "ndarray_save_dram_fs_dax0": {"open_time": 6.544495582580566, "copy_time": 4.0530006885528564, "close_persist_time": 6.157329320907593}, "ndarray_save_dram_fs_dax1": {"open_time": 23.290443181991577, "copy_time": 4.0228869915008545, "close_persist_time": 21.200658321380615}}