{"dram": {"open_time": 1.811981201171875e-05, "copy_time": 3.1048691272735596, "close_persist_time": 0}, "numpymmap_nvme": {"open_time": 13.821972608566284, "copy_time": 5.212926387786865, "close_persist_time": 1.549703598022461}, "numpymmap_fs_dax0": {"open_time": 11.42801833152771, "copy_time": 3.8616344928741455, "close_persist_time": 4.893506050109863}, "numpymmap_fs_dax1": {"open_time": 27.12623429298401, "copy_time": 3.9232349395751953, "close_persist_time": 6.03357720375061}, "pymm_dram_fs_dax0": {"open_time": 6.72344183921814, "copy_time": 4.628890752792358, "close_persist_time": 0.013431787490844727}, "pymm_dram_fs_dax1": {"open_time": 24.02203941345215, "copy_time": 4.733063697814941, "close_persist_time": 0.013574838638305664}, "pymm_dram_dev_dax0": {"open_time": 3.855314254760742, "copy_time": 4.584091663360596, "close_persist_time": 0.013820648193359375}, "pymm_dram_dev_dax1": {"open_time": 14.935611724853516, "copy_time": 4.732203483581543, "close_persist_time": 0.013512372970581055}, "pymm_dram_nvme": {"open_time": 10.56233549118042, "copy_time": 7.258284091949463, "close_persist_time": 0.011502981185913086}, "ndarray_save_dram_nvme": {"open_time": 10.281861543655396, "copy_time": 2.8682682514190674, "close_persist_time": 9.68668007850647}, "ndarray_save_dram_fs_dax0": {"open_time": 6.616192817687988, "copy_time": 2.8620619773864746, "close_persist_time": 5.8690314292907715}, "ndarray_save_dram_fs_dax1": {"open_time": 23.29458475112915, "copy_time": 2.8349993228912354, "close_persist_time": 20.23211145401001}}