{"dram": {"open_time": 2.0265579223632812e-05, "copy_time": 9.537241697311401, "close_persist_time": 0}, "numpymmap_nvme": {"open_time": 13.882332563400269, "copy_time": 13.813153266906738, "close_persist_time": 3.234107255935669}, "numpymmap_fs_dax0": {"open_time": 11.356352090835571, "copy_time": 11.394920587539673, "close_persist_time": 4.889888763427734}, "numpymmap_fs_dax1": {"open_time": 27.198411226272583, "copy_time": 34.81690430641174, "close_persist_time": 5.964918375015259}, "pymm_dram_fs_dax0": {"open_time": 6.695931911468506, "copy_time": 11.894458770751953, "close_persist_time": 0.03500795364379883}, "pymm_dram_fs_dax1": {"open_time": 23.993488073349, "copy_time": 35.204317808151245, "close_persist_time": 0.0348362922668457}, "pymm_dram_dev_dax0": {"open_time": 3.8941149711608887, "copy_time": 11.896281480789185, "close_persist_time": 0.03507733345031738}, "pymm_dram_dev_dax1": {"open_time": 14.956355333328247, "copy_time": 35.20130681991577, "close_persist_time": 0.034935712814331055}, "pymm_dram_nvme": {"open_time": 10.625107526779175, "copy_time": 21.511855602264404, "close_persist_time": 0.045044898986816406}, "ndarray_save_dram_nvme": {"open_time": 10.058042526245117, "copy_time": 11.46120572090149, "close_persist_time": 10.25435471534729}, "ndarray_save_dram_fs_dax0": {"open_time": 6.545403242111206, "copy_time": 11.399417161941528, "close_persist_time": 6.754383563995361}, "ndarray_save_dram_fs_dax1": {"open_time": 23.29763698577881, "copy_time": 11.452527523040771, "close_persist_time": 23.20487642288208}}