{"dram": {"open_time": 1.2636184692382812e-05, "copy_time": 7.115553379058838, "close_persist_time": 0}, "numpymmap_nvme": {"open_time": 13.866517543792725, "copy_time": 8.613889217376709, "close_persist_time": 3.0839288234710693}, "numpymmap_fs_dax0": {"open_time": 11.396482467651367, "copy_time": 5.842391729354858, "close_persist_time": 4.89044189453125}, "numpymmap_fs_dax1": {"open_time": 27.132840156555176, "copy_time": 26.248929023742676, "close_persist_time": 5.945622205734253}, "pymm_dram_fs_dax0": {"open_time": 6.614596605300903, "copy_time": 5.867779016494751, "close_persist_time": 0.03067302703857422}, "pymm_dram_fs_dax1": {"open_time": 24.01837134361267, "copy_time": 26.254602909088135, "close_persist_time": 0.030527591705322266}, "pymm_dram_dev_dax0": {"open_time": 3.8501358032226562, "copy_time": 5.897780418395996, "close_persist_time": 0.030550479888916016}, "pymm_dram_dev_dax1": {"open_time": 14.941301345825195, "copy_time": 26.22307562828064, "close_persist_time": 0.030569076538085938}, "pymm_dram_nvme": {"open_time": 10.300257682800293, "copy_time": 5.536918640136719, "close_persist_time": 0.030214548110961914}, "ndarray_save_dram_nvme": {"open_time": 9.919348239898682, "copy_time": 8.649085521697998, "close_persist_time": 12.148006677627563}, "ndarray_save_dram_fs_dax0": {"open_time": 6.596207857131958, "copy_time": 8.718415021896362, "close_persist_time": 6.6395416259765625}, "ndarray_save_dram_fs_dax1": {"open_time": 23.292526245117188, "copy_time": 8.647209882736206, "close_persist_time": 22.850369453430176}}