{"dram": {"open_time": 1.9073486328125e-05, "copy_time": 9.554657459259033, "close_persist_time": 0}, "numpymmap_nvme": {"open_time": 13.613094091415405, "copy_time": 13.889092206954956, "close_persist_time": 3.1324474811553955}, "numpymmap_fs_dax0": {"open_time": 11.430495023727417, "copy_time": 11.318238735198975, "close_persist_time": 4.890413761138916}, "numpymmap_fs_dax1": {"open_time": 27.12286376953125, "copy_time": 34.745604515075684, "close_persist_time": 5.954383611679077}, "pymm_dram_fs_dax0": {"open_time": 6.76227068901062, "copy_time": 11.876774787902832, "close_persist_time": 0.03487062454223633}, "pymm_dram_fs_dax1": {"open_time": 24.04826593399048, "copy_time": 35.191380977630615, "close_persist_time": 0.03486800193786621}, "pymm_dram_dev_dax0": {"open_time": 3.8496828079223633, "copy_time": 11.797042846679688, "close_persist_time": 0.034567832946777344}, "pymm_dram_dev_dax1": {"open_time": 14.944334983825684, "copy_time": 35.20940184593201, "close_persist_time": 0.03486371040344238}, "pymm_dram_nvme": {"open_time": 10.364304304122925, "copy_time": 10.667316913604736, "close_persist_time": 0.03481411933898926}, "ndarray_save_dram_nvme": {"open_time": 9.891599178314209, "copy_time": 13.458728313446045, "close_persist_time": 10.294866561889648}, "ndarray_save_dram_fs_dax0": {"open_time": 6.627250909805298, "copy_time": 11.370807409286499, "close_persist_time": 6.644484758377075}, "ndarray_save_dram_fs_dax1": {"open_time": 23.298455476760864, "copy_time": 11.369493246078491, "close_persist_time": 23.25409197807312}}