{"dram": {"open_time": 1.3828277587890625e-05, "copy_time": 3.017537832260132, "close_persist_time": 0}, "numpymmap_nvme": {"open_time": 13.95660924911499, "copy_time": 5.2723708152771, "close_persist_time": 1.5111720561981201}, "numpymmap_fs_dax0": {"open_time": 11.369592189788818, "copy_time": 3.7057290077209473, "close_persist_time": 4.894195079803467}, "numpymmap_fs_dax1": {"open_time": 27.13919472694397, "copy_time": 3.7688920497894287, "close_persist_time": 5.957687616348267}, "pymm_dram_fs_dax0": {"open_time": 6.707706451416016, "copy_time": 4.449089765548706, "close_persist_time": 0.016472816467285156}, "pymm_dram_fs_dax1": {"open_time": 23.99842143058777, "copy_time": 4.47348165512085, "close_persist_time": 0.020178556442260742}, "pymm_dram_dev_dax0": {"open_time": 3.8524985313415527, "copy_time": 4.3174285888671875, "close_persist_time": 0.020382404327392578}, "pymm_dram_dev_dax1": {"open_time": 14.971539974212646, "copy_time": 4.412445545196533, "close_persist_time": 0.02050638198852539}, "pymm_dram_nvme": {"open_time": 10.332350969314575, "copy_time": 4.089914798736572, "close_persist_time": 0.010827064514160156}, "ndarray_save_dram_nvme": {"open_time": 9.905502557754517, "copy_time": 2.7385663986206055, "close_persist_time": 11.056594848632812}, "ndarray_save_dram_fs_dax0": {"open_time": 8.47483515739441, "copy_time": 2.720205068588257, "close_persist_time": 5.754801273345947}, "ndarray_save_dram_fs_dax1": {"open_time": 23.28799605369568, "copy_time": 2.704411029815674, "close_persist_time": 20.06805443763733}}