{"dram": {"open_time": 1.9788742065429688e-05, "copy_time": 3.035759210586548, "close_persist_time": 0}, "numpymmap_nvme": {"open_time": 13.924672842025757, "copy_time": 5.255082607269287, "close_persist_time": 1.5132708549499512}, "numpymmap_fs_dax0": {"open_time": 11.419992208480835, "copy_time": 3.71034836769104, "close_persist_time": 4.890758275985718}, "numpymmap_fs_dax1": {"open_time": 27.09507155418396, "copy_time": 3.7788619995117188, "close_persist_time": 5.952491760253906}, "pymm_dram_fs_dax0": {"open_time": 6.720407247543335, "copy_time": 4.467015981674194, "close_persist_time": 0.01432037353515625}, "pymm_dram_fs_dax1": {"open_time": 24.01138687133789, "copy_time": 4.548213958740234, "close_persist_time": 0.016613006591796875}, "pymm_dram_dev_dax0": {"open_time": 3.7844431400299072, "copy_time": 4.432524681091309, "close_persist_time": 0.016558170318603516}, "pymm_dram_dev_dax1": {"open_time": 14.932022094726562, "copy_time": 4.473299026489258, "close_persist_time": 0.016432523727416992}, "pymm_dram_nvme": {"open_time": 10.622522115707397, "copy_time": 7.141858339309692, "close_persist_time": 0.011037111282348633}, "ndarray_save_dram_nvme": {"open_time": 10.354397773742676, "copy_time": 2.674466848373413, "close_persist_time": 9.93325400352478}, "ndarray_save_dram_fs_dax0": {"open_time": 6.536547660827637, "copy_time": 2.670866012573242, "close_persist_time": 5.83536434173584}, "ndarray_save_dram_fs_dax1": {"open_time": 23.28696298599243, "copy_time": 2.6522300243377686, "close_persist_time": 20.0849027633667}}