{"dram": {"open_time": 1.7881393432617188e-05, "copy_time": 3.671567678451538, "close_persist_time": 0}, "numpymmap_nvme": {"open_time": 13.835333824157715, "copy_time": 6.364298343658447, "close_persist_time": 1.843151569366455}, "numpymmap_fs_dax0": {"open_time": 11.374569654464722, "copy_time": 5.903493881225586, "close_persist_time": 4.9005749225616455}, "numpymmap_fs_dax1": {"open_time": 27.11614418029785, "copy_time": 6.679471969604492, "close_persist_time": 6.174083232879639}, "pymm_dram_fs_dax0": {"open_time": 6.570482969284058, "copy_time": 6.380871534347534, "close_persist_time": 0.01772785186767578}, "pymm_dram_fs_dax1": {"open_time": 23.9780592918396, "copy_time": 7.015600919723511, "close_persist_time": 0.017743349075317383}, "pymm_dram_dev_dax0": {"open_time": 3.827178716659546, "copy_time": 6.31032395362854, "close_persist_time": 0.01877140998840332}, "pymm_dram_dev_dax1": {"open_time": 14.929033756256104, "copy_time": 7.0195794105529785, "close_persist_time": 0.0177767276763916}, "pymm_dram_nvme": {"open_time": 10.342494249343872, "copy_time": 4.742000102996826, "close_persist_time": 0.01442861557006836}, "ndarray_save_dram_nvme": {"open_time": 9.987812995910645, "copy_time": 4.024473667144775, "close_persist_time": 12.542213201522827}, "ndarray_save_dram_fs_dax0": {"open_time": 6.554409742355347, "copy_time": 4.014001131057739, "close_persist_time": 6.130996942520142}, "ndarray_save_dram_fs_dax1": {"open_time": 23.302297830581665, "copy_time": 3.9731531143188477, "close_persist_time": 21.20179271697998}}