{"dram": {"open_time": 1.7642974853515625e-05, "copy_time": 7.7659852504730225, "close_persist_time": 0}, "numpymmap_nvme": {"open_time": 13.571033239364624, "copy_time": 8.491235256195068, "close_persist_time": 2.6924242973327637}, "numpymmap_fs_dax0": {"open_time": 11.394540071487427, "copy_time": 7.670484781265259, "close_persist_time": 4.802814245223999}, "numpymmap_fs_dax1": {"open_time": 27.119710206985474, "copy_time": 25.795526027679443, "close_persist_time": 5.846452713012695}, "pymm_dram_fs_dax0": {"open_time": 6.6488354206085205, "copy_time": 7.504237413406372, "close_persist_time": 0.02665996551513672}, "pymm_dram_fs_dax1": {"open_time": 24.045735836029053, "copy_time": 25.721400499343872, "close_persist_time": 0.026660442352294922}, "pymm_dram_dev_dax0": {"open_time": 3.8601369857788086, "copy_time": 7.618596315383911, "close_persist_time": 0.02667689323425293}, "pymm_dram_dev_dax1": {"open_time": 14.977282762527466, "copy_time": 25.712409496307373, "close_persist_time": 0.026712656021118164}, "pymm_dram_nvme": {"open_time": 10.333672285079956, "copy_time": 6.2063353061676025, "close_persist_time": 0.026920557022094727}, "ndarray_save_dram_nvme": {"open_time": 9.860046863555908, "copy_time": 10.89179015159607, "close_persist_time": 11.176507711410522}, "ndarray_save_dram_fs_dax0": {"open_time": 6.538407802581787, "copy_time": 9.93716049194336, "close_persist_time": 6.393293380737305}, "ndarray_save_dram_fs_dax1": {"open_time": 23.29370403289795, "copy_time": 9.952821969985962, "close_persist_time": 22.623666286468506}}