{"dram": {"open_time": 1.7881393432617188e-05, "copy_time": 3.246248483657837, "close_persist_time": 0}, "numpymmap_nvme": {"open_time": 14.13030219078064, "copy_time": 5.389452934265137, "close_persist_time": 1.5535392761230469}, "numpymmap_fs_dax0": {"open_time": 11.35791540145874, "copy_time": 4.087583541870117, "close_persist_time": 4.894098281860352}, "numpymmap_fs_dax1": {"open_time": 27.10723614692688, "copy_time": 4.1465678215026855, "close_persist_time": 6.021506071090698}, "pymm_dram_fs_dax0": {"open_time": 6.619739770889282, "copy_time": 4.788845062255859, "close_persist_time": 0.01238560676574707}, "pymm_dram_fs_dax1": {"open_time": 24.091152667999268, "copy_time": 4.801877498626709, "close_persist_time": 0.013326406478881836}, "pymm_dram_dev_dax0": {"open_time": 3.8254261016845703, "copy_time": 4.670239448547363, "close_persist_time": 0.013458013534545898}, "pymm_dram_dev_dax1": {"open_time": 14.918759822845459, "copy_time": 4.8119776248931885, "close_persist_time": 0.013161420822143555}, "pymm_dram_nvme": {"open_time": 10.365904569625854, "copy_time": 4.3521435260772705, "close_persist_time": 0.011312007904052734}, "ndarray_save_dram_nvme": {"open_time": 9.783089637756348, "copy_time": 3.0405032634735107, "close_persist_time": 11.0241858959198}, "ndarray_save_dram_fs_dax0": {"open_time": 8.27022910118103, "copy_time": 3.020289897918701, "close_persist_time": 5.748343467712402}, "ndarray_save_dram_fs_dax1": {"open_time": 23.29241967201233, "copy_time": 3.0056121349334717, "close_persist_time": 20.235127687454224}}