{"dram": {"open_time": 1.9311904907226562e-05, "copy_time": 3.0597169399261475, "close_persist_time": 0}, "numpymmap_nvme": {"open_time": 13.980160474777222, "copy_time": 5.298093557357788, "close_persist_time": 1.5659809112548828}, "numpymmap_fs_dax0": {"open_time": 11.373389959335327, "copy_time": 3.935844659805298, "close_persist_time": 4.885880947113037}, "numpymmap_fs_dax1": {"open_time": 27.108919858932495, "copy_time": 3.9894766807556152, "close_persist_time": 6.025632858276367}, "pymm_dram_fs_dax0": {"open_time": 6.549633026123047, "copy_time": 4.575941801071167, "close_persist_time": 0.012606382369995117}, "pymm_dram_fs_dax1": {"open_time": 24.02445149421692, "copy_time": 4.62084698677063, "close_persist_time": 0.013263940811157227}, "pymm_dram_dev_dax0": {"open_time": 3.788177490234375, "copy_time": 4.525868892669678, "close_persist_time": 0.01333475112915039}, "pymm_dram_dev_dax1": {"open_time": 14.967301845550537, "copy_time": 4.638040542602539, "close_persist_time": 0.013096094131469727}, "pymm_dram_nvme": {"open_time": 10.58808422088623, "copy_time": 7.3238725662231445, "close_persist_time": 0.01143026351928711}, "ndarray_save_dram_nvme": {"open_time": 10.407578945159912, "copy_time": 2.904348373413086, "close_persist_time": 9.983154058456421}, "ndarray_save_dram_fs_dax0": {"open_time": 6.576385021209717, "copy_time": 2.8671514987945557, "close_persist_time": 5.756654977798462}, "ndarray_save_dram_fs_dax1": {"open_time": 23.29938793182373, "copy_time": 2.848562240600586, "close_persist_time": 20.229217052459717}}