{"dram": {"open_time": 1.1682510375976562e-05, "copy_time": 7.124306678771973, "close_persist_time": 0}, "numpymmap_nvme": {"open_time": 13.594660758972168, "copy_time": 8.63165807723999, "close_persist_time": 3.041128158569336}, "numpymmap_fs_dax0": {"open_time": 11.420782089233398, "copy_time": 5.92941951751709, "close_persist_time": 4.890348434448242}, "numpymmap_fs_dax1": {"open_time": 27.160067081451416, "copy_time": 26.27907633781433, "close_persist_time": 5.954786539077759}, "pymm_dram_fs_dax0": {"open_time": 6.755778551101685, "copy_time": 5.977519989013672, "close_persist_time": 0.0305020809173584}, "pymm_dram_fs_dax1": {"open_time": 24.060128450393677, "copy_time": 26.266100883483887, "close_persist_time": 0.030502796173095703}, "pymm_dram_dev_dax0": {"open_time": 3.7633721828460693, "copy_time": 5.96508526802063, "close_persist_time": 0.03056621551513672}, "pymm_dram_dev_dax1": {"open_time": 14.971365213394165, "copy_time": 26.25107717514038, "close_persist_time": 0.03058624267578125}, "pymm_dram_nvme": {"open_time": 10.585708856582642, "copy_time": 11.027099609375, "close_persist_time": 0.039548635482788086}, "ndarray_save_dram_nvme": {"open_time": 10.47047734260559, "copy_time": 8.654427528381348, "close_persist_time": 10.33550214767456}, "ndarray_save_dram_fs_dax0": {"open_time": 6.566373109817505, "copy_time": 8.645549774169922, "close_persist_time": 6.5261900424957275}, "ndarray_save_dram_fs_dax1": {"open_time": 23.296685934066772, "copy_time": 8.607848167419434, "close_persist_time": 22.8817880153656}}