{"dram": {"open_time": 1.5974044799804688e-05, "copy_time": 7.664798021316528, "close_persist_time": 0}, "numpymmap_nvme": {"open_time": 13.696773767471313, "copy_time": 8.584832429885864, "close_persist_time": 2.7753446102142334}, "numpymmap_fs_dax0": {"open_time": 11.365393161773682, "copy_time": 7.678799390792847, "close_persist_time": 4.802125930786133}, "numpymmap_fs_dax1": {"open_time": 27.12040090560913, "copy_time": 25.691954135894775, "close_persist_time": 5.843377351760864}, "pymm_dram_fs_dax0": {"open_time": 6.751827716827393, "copy_time": 7.6699113845825195, "close_persist_time": 0.026763439178466797}, "pymm_dram_fs_dax1": {"open_time": 24.076022624969482, "copy_time": 25.771719932556152, "close_persist_time": 0.02672553062438965}, "pymm_dram_dev_dax0": {"open_time": 3.884639024734497, "copy_time": 7.685494661331177, "close_persist_time": 0.026658296585083008}, "pymm_dram_dev_dax1": {"open_time": 14.983071565628052, "copy_time": 25.768028497695923, "close_persist_time": 0.02677750587463379}, "pymm_dram_nvme": {"open_time": 10.341511964797974, "copy_time": 6.206151247024536, "close_persist_time": 0.02682662010192871}, "ndarray_save_dram_nvme": {"open_time": 9.843498468399048, "copy_time": 11.016614437103271, "close_persist_time": 11.04069995880127}, "ndarray_save_dram_fs_dax0": {"open_time": 6.604696273803711, "copy_time": 9.961283445358276, "close_persist_time": 6.559741020202637}, "ndarray_save_dram_fs_dax1": {"open_time": 23.30810022354126, "copy_time": 9.925105333328247, "close_persist_time": 22.61785054206848}}