{"dram": {"open_time": 2.002716064453125e-05, "copy_time": 3.0449514389038086, "close_persist_time": 0}, "numpymmap_nvme": {"open_time": 13.983903408050537, "copy_time": 5.438720226287842, "close_persist_time": 1.5174520015716553}, "numpymmap_fs_dax0": {"open_time": 11.407566547393799, "copy_time": 3.8328847885131836, "close_persist_time": 4.893570184707642}, "numpymmap_fs_dax1": {"open_time": 27.11464786529541, "copy_time": 3.924805164337158, "close_persist_time": 5.961089849472046}, "pymm_dram_fs_dax0": {"open_time": 6.630787134170532, "copy_time": 4.503507375717163, "close_persist_time": 0.014647483825683594}, "pymm_dram_fs_dax1": {"open_time": 23.99967908859253, "copy_time": 4.542567491531372, "close_persist_time": 0.016642332077026367}, "pymm_dram_dev_dax0": {"open_time": 3.8004751205444336, "copy_time": 4.407718896865845, "close_persist_time": 0.01667308807373047}, "pymm_dram_dev_dax1": {"open_time": 14.96256947517395, "copy_time": 4.499147176742554, "close_persist_time": 0.016490459442138672}, "pymm_dram_nvme": {"open_time": 10.688015937805176, "copy_time": 7.258556842803955, "close_persist_time": 0.011428356170654297}, "ndarray_save_dram_nvme": {"open_time": 10.383093118667603, "copy_time": 2.762871503829956, "close_persist_time": 9.886005878448486}, "ndarray_save_dram_fs_dax0": {"open_time": 6.561575174331665, "copy_time": 2.7608420848846436, "close_persist_time": 5.834076166152954}, "ndarray_save_dram_fs_dax1": {"open_time": 23.288431644439697, "copy_time": 2.7306056022644043, "close_persist_time": 20.094972133636475}}