{"dram": {"open_time": 1.3589859008789062e-05, "copy_time": 2.9578464031219482, "close_persist_time": 0}, "numpymmap_nvme": {"open_time": 13.979547023773193, "copy_time": 5.061392068862915, "close_persist_time": 1.5197579860687256}, "numpymmap_fs_dax0": {"open_time": 11.297405242919922, "copy_time": 3.78501296043396, "close_persist_time": 4.89376163482666}, "numpymmap_fs_dax1": {"open_time": 27.13345980644226, "copy_time": 3.83957576751709, "close_persist_time": 5.9571356773376465}, "pymm_dram_fs_dax0": {"open_time": 6.5571372509002686, "copy_time": 4.656277179718018, "close_persist_time": 0.0184171199798584}, "pymm_dram_fs_dax1": {"open_time": 24.006534814834595, "copy_time": 4.684763193130493, "close_persist_time": 0.021242856979370117}, "pymm_dram_dev_dax0": {"open_time": 3.839737892150879, "copy_time": 4.577077627182007, "close_persist_time": 0.0210115909576416}, "pymm_dram_dev_dax1": {"open_time": 14.981413125991821, "copy_time": 4.722810506820679, "close_persist_time": 0.021086454391479492}, "pymm_dram_nvme": {"open_time": 10.358739376068115, "copy_time": 4.337104320526123, "close_persist_time": 0.010882377624511719}, "ndarray_save_dram_nvme": {"open_time": 9.856744527816772, "copy_time": 2.7322356700897217, "close_persist_time": 11.103965520858765}, "ndarray_save_dram_fs_dax0": {"open_time": 8.464968919754028, "copy_time": 2.7215681076049805, "close_persist_time": 5.828314781188965}, "ndarray_save_dram_fs_dax1": {"open_time": 23.297229766845703, "copy_time": 2.7009434700012207, "close_persist_time": 20.077757835388184}}