{"dram": {"open_time": 1.8596649169921875e-05, "copy_time": 3.640460252761841, "close_persist_time": 0}, "numpymmap_nvme": {"open_time": 13.743556499481201, "copy_time": 6.43772292137146, "close_persist_time": 1.8494980335235596}, "numpymmap_fs_dax0": {"open_time": 11.401428937911987, "copy_time": 5.841553449630737, "close_persist_time": 4.8912577629089355}, "numpymmap_fs_dax1": {"open_time": 27.14163875579834, "copy_time": 6.484724521636963, "close_persist_time": 6.1675169467926025}, "pymm_dram_fs_dax0": {"open_time": 6.7283806800842285, "copy_time": 6.699730396270752, "close_persist_time": 0.018621206283569336}, "pymm_dram_fs_dax1": {"open_time": 24.0008385181427, "copy_time": 7.312412261962891, "close_persist_time": 0.017905235290527344}, "pymm_dram_dev_dax0": {"open_time": 3.7807958126068115, "copy_time": 6.612589597702026, "close_persist_time": 0.01859140396118164}, "pymm_dram_dev_dax1": {"open_time": 14.960392713546753, "copy_time": 7.315594434738159, "close_persist_time": 0.018052339553833008}, "pymm_dram_nvme": {"open_time": 10.607948541641235, "copy_time": 8.730212450027466, "close_persist_time": 0.01447749137878418}, "ndarray_save_dram_nvme": {"open_time": 10.76014256477356, "copy_time": 4.0484302043914795, "close_persist_time": 10.082308530807495}, "ndarray_save_dram_fs_dax0": {"open_time": 6.6005859375, "copy_time": 4.041606664657593, "close_persist_time": 6.050880670547485}, "ndarray_save_dram_fs_dax1": {"open_time": 23.281627655029297, "copy_time": 4.013014793395996, "close_persist_time": 21.193442344665527}}