{"dram": {"open_time": 1.7881393432617188e-05, "copy_time": 9.556049108505249, "close_persist_time": 0}, "numpymmap_nvme": {"open_time": 13.61090350151062, "copy_time": 14.00133752822876, "close_persist_time": 2.980414390563965}, "numpymmap_fs_dax0": {"open_time": 11.404096126556396, "copy_time": 11.450037240982056, "close_persist_time": 4.889693975448608}, "numpymmap_fs_dax1": {"open_time": 27.1383638381958, "copy_time": 34.91481947898865, "close_persist_time": 5.944913864135742}, "pymm_dram_fs_dax0": {"open_time": 6.593302965164185, "copy_time": 11.929591417312622, "close_persist_time": 0.03511333465576172}, "pymm_dram_fs_dax1": {"open_time": 24.03345799446106, "copy_time": 35.34851598739624, "close_persist_time": 0.03501391410827637}, "pymm_dram_dev_dax0": {"open_time": 3.809451103210449, "copy_time": 11.905547142028809, "close_persist_time": 0.0347592830657959}, "pymm_dram_dev_dax1": {"open_time": 14.948541402816772, "copy_time": 35.26640963554382, "close_persist_time": 0.0350947380065918}, "pymm_dram_nvme": {"open_time": 10.378645420074463, "copy_time": 10.759090662002563, "close_persist_time": 0.0350649356842041}, "ndarray_save_dram_nvme": {"open_time": 10.388331651687622, "copy_time": 12.992110013961792, "close_persist_time": 10.426698446273804}, "ndarray_save_dram_fs_dax0": {"open_time": 6.522103548049927, "copy_time": 11.402194023132324, "close_persist_time": 6.6993303298950195}, "ndarray_save_dram_fs_dax1": {"open_time": 23.304523229599, "copy_time": 11.390082120895386, "close_persist_time": 23.26841950416565}}