{"dram": {"open_time": 1.6450881958007812e-05, "copy_time": 7.681366205215454, "close_persist_time": 0}, "numpymmap_nvme": {"open_time": 13.776591539382935, "copy_time": 8.566891431808472, "close_persist_time": 2.8103551864624023}, "numpymmap_fs_dax0": {"open_time": 11.352931499481201, "copy_time": 7.706325054168701, "close_persist_time": 4.8007752895355225}, "numpymmap_fs_dax1": {"open_time": 27.109352827072144, "copy_time": 25.711082458496094, "close_persist_time": 5.8367509841918945}, "pymm_dram_fs_dax0": {"open_time": 6.6334593296051025, "copy_time": 7.606151819229126, "close_persist_time": 0.026659250259399414}, "pymm_dram_fs_dax1": {"open_time": 24.016611337661743, "copy_time": 25.686349630355835, "close_persist_time": 0.026674270629882812}, "pymm_dram_dev_dax0": {"open_time": 3.8283982276916504, "copy_time": 7.655999183654785, "close_persist_time": 0.026723861694335938}, "pymm_dram_dev_dax1": {"open_time": 14.939584970474243, "copy_time": 25.679039001464844, "close_persist_time": 0.026700496673583984}, "pymm_dram_nvme": {"open_time": 10.592278718948364, "copy_time": 10.388879299163818, "close_persist_time": 0.02671957015991211}, "ndarray_save_dram_nvme": {"open_time": 10.78788161277771, "copy_time": 9.921728134155273, "close_persist_time": 10.341057538986206}, "ndarray_save_dram_fs_dax0": {"open_time": 6.527346611022949, "copy_time": 9.949030637741089, "close_persist_time": 6.556494474411011}, "ndarray_save_dram_fs_dax1": {"open_time": 23.30535888671875, "copy_time": 9.927184104919434, "close_persist_time": 22.611729383468628}}