{"dram": {"open_time": 1.811981201171875e-05, "copy_time": 3.014918565750122, "close_persist_time": 0}, "numpymmap_nvme": {"open_time": 13.936899423599243, "copy_time": 5.093562364578247, "close_persist_time": 1.521374225616455}, "numpymmap_fs_dax0": {"open_time": 11.44722843170166, "copy_time": 3.724440574645996, "close_persist_time": 4.8953423500061035}, "numpymmap_fs_dax1": {"open_time": 27.135122537612915, "copy_time": 3.774777889251709, "close_persist_time": 5.957716464996338}, "pymm_dram_fs_dax0": {"open_time": 6.725906133651733, "copy_time": 4.467417240142822, "close_persist_time": 0.016376733779907227}, "pymm_dram_fs_dax1": {"open_time": 24.02510166168213, "copy_time": 4.477715730667114, "close_persist_time": 0.01640796661376953}, "pymm_dram_dev_dax0": {"open_time": 3.853783369064331, "copy_time": 4.407478094100952, "close_persist_time": 0.016559123992919922}, "pymm_dram_dev_dax1": {"open_time": 14.922746658325195, "copy_time": 4.49538254737854, "close_persist_time": 0.016416072845458984}, "pymm_dram_nvme": {"open_time": 10.669568300247192, "copy_time": 7.073636054992676, "close_persist_time": 0.010910511016845703}, "ndarray_save_dram_nvme": {"open_time": 10.363487005233765, "copy_time": 2.6907997131347656, "close_persist_time": 10.019670248031616}, "ndarray_save_dram_fs_dax0": {"open_time": 6.625474214553833, "copy_time": 2.6860392093658447, "close_persist_time": 5.806233882904053}, "ndarray_save_dram_fs_dax1": {"open_time": 23.308725118637085, "copy_time": 2.648994207382202, "close_persist_time": 20.096173524856567}}