{"dram": {"open_time": 2.002716064453125e-05, "copy_time": 9.583664417266846, "close_persist_time": 0}, "numpymmap_nvme": {"open_time": 13.626651525497437, "copy_time": 13.863617897033691, "close_persist_time": 3.0046474933624268}, "numpymmap_fs_dax0": {"open_time": 11.390882015228271, "copy_time": 11.350947380065918, "close_persist_time": 4.889467477798462}, "numpymmap_fs_dax1": {"open_time": 27.151391983032227, "copy_time": 34.850269079208374, "close_persist_time": 5.954895257949829}, "pymm_dram_fs_dax0": {"open_time": 6.76091456413269, "copy_time": 11.931058883666992, "close_persist_time": 0.03501772880554199}, "pymm_dram_fs_dax1": {"open_time": 24.03761339187622, "copy_time": 35.300081968307495, "close_persist_time": 0.03476381301879883}, "pymm_dram_dev_dax0": {"open_time": 3.847120523452759, "copy_time": 11.895411252975464, "close_persist_time": 0.03509688377380371}, "pymm_dram_dev_dax1": {"open_time": 14.955818891525269, "copy_time": 35.216033935546875, "close_persist_time": 0.03486061096191406}, "pymm_dram_nvme": {"open_time": 10.645638465881348, "copy_time": 21.642381191253662, "close_persist_time": 0.045104265213012695}, "ndarray_save_dram_nvme": {"open_time": 10.105894088745117, "copy_time": 11.39949631690979, "close_persist_time": 10.31365442276001}, "ndarray_save_dram_fs_dax0": {"open_time": 6.5962724685668945, "copy_time": 11.362152338027954, "close_persist_time": 6.7566211223602295}, "ndarray_save_dram_fs_dax1": {"open_time": 23.30189800262451, "copy_time": 11.394494533538818, "close_persist_time": 23.242199182510376}}