{"dram": {"open_time": 1.9550323486328125e-05, "copy_time": 3.089421510696411, "close_persist_time": 0}, "numpymmap_nvme": {"open_time": 13.566065073013306, "copy_time": 5.22763991355896, "close_persist_time": 1.5489859580993652}, "numpymmap_fs_dax0": {"open_time": 11.321853637695312, "copy_time": 3.9802114963531494, "close_persist_time": 4.885112285614014}, "numpymmap_fs_dax1": {"open_time": 27.134510040283203, "copy_time": 4.0534093379974365, "close_persist_time": 6.029617547988892}, "pymm_dram_fs_dax0": {"open_time": 6.636531114578247, "copy_time": 4.599597215652466, "close_persist_time": 0.012605905532836914}, "pymm_dram_fs_dax1": {"open_time": 24.027064561843872, "copy_time": 4.614758014678955, "close_persist_time": 0.013428688049316406}, "pymm_dram_dev_dax0": {"open_time": 3.7878963947296143, "copy_time": 4.553238868713379, "close_persist_time": 0.013655900955200195}, "pymm_dram_dev_dax1": {"open_time": 14.921890020370483, "copy_time": 4.639230489730835, "close_persist_time": 0.01333761215209961}, "pymm_dram_nvme": {"open_time": 10.331269025802612, "copy_time": 4.175177812576294, "close_persist_time": 0.011718034744262695}, "ndarray_save_dram_nvme": {"open_time": 9.718809604644775, "copy_time": 2.9126060009002686, "close_persist_time": 10.937761783599854}, "ndarray_save_dram_fs_dax0": {"open_time": 8.420823812484741, "copy_time": 2.907745122909546, "close_persist_time": 5.815622568130493}, "ndarray_save_dram_fs_dax1": {"open_time": 23.294662714004517, "copy_time": 2.8833999633789062, "close_persist_time": 20.23270869255066}}