{"dram": {"open_time": 1.3828277587890625e-05, "copy_time": 2.9972524642944336, "close_persist_time": 0}, "numpymmap_nvme": {"open_time": 13.9696044921875, "copy_time": 5.218164682388306, "close_persist_time": 1.5095372200012207}, "numpymmap_fs_dax0": {"open_time": 11.417392253875732, "copy_time": 3.7207820415496826, "close_persist_time": 4.907300710678101}, "numpymmap_fs_dax1": {"open_time": 27.116498470306396, "copy_time": 3.7888824939727783, "close_persist_time": 5.949789762496948}, "pymm_dram_fs_dax0": {"open_time": 6.614614725112915, "copy_time": 4.4450671672821045, "close_persist_time": 0.018213272094726562}, "pymm_dram_fs_dax1": {"open_time": 24.014889001846313, "copy_time": 4.51877498626709, "close_persist_time": 0.020893335342407227}, "pymm_dram_dev_dax0": {"open_time": 3.8524703979492188, "copy_time": 4.388866662979126, "close_persist_time": 0.020640134811401367}, "pymm_dram_dev_dax1": {"open_time": 14.93098759651184, "copy_time": 4.490645885467529, "close_persist_time": 0.02045464515686035}, "pymm_dram_nvme": {"open_time": 10.307507991790771, "copy_time": 4.138523578643799, "close_persist_time": 0.010881662368774414}, "ndarray_save_dram_nvme": {"open_time": 12.352429628372192, "copy_time": 2.6678690910339355, "close_persist_time": 9.918723344802856}, "ndarray_save_dram_fs_dax0": {"open_time": 6.512435674667358, "copy_time": 2.6326160430908203, "close_persist_time": 5.717005491256714}, "ndarray_save_dram_fs_dax1": {"open_time": 23.301863431930542, "copy_time": 2.6245908737182617, "close_persist_time": 20.07102394104004}}