{"dram": {"open_time": 2.1457672119140625e-05, "copy_time": 3.6681439876556396, "close_persist_time": 0}, "numpymmap_nvme": {"open_time": 13.941714525222778, "copy_time": 6.559143304824829, "close_persist_time": 1.833549976348877}, "numpymmap_fs_dax0": {"open_time": 11.354042768478394, "copy_time": 5.886331796646118, "close_persist_time": 4.881269693374634}, "numpymmap_fs_dax1": {"open_time": 27.130589962005615, "copy_time": 6.597688913345337, "close_persist_time": 6.16503381729126}, "pymm_dram_fs_dax0": {"open_time": 6.648007154464722, "copy_time": 6.379666805267334, "close_persist_time": 0.017904281616210938}, "pymm_dram_fs_dax1": {"open_time": 24.0476553440094, "copy_time": 7.03429102897644, "close_persist_time": 0.017872095108032227}, "pymm_dram_dev_dax0": {"open_time": 3.891672134399414, "copy_time": 6.336003541946411, "close_persist_time": 0.01870274543762207}, "pymm_dram_dev_dax1": {"open_time": 14.96659255027771, "copy_time": 7.002245664596558, "close_persist_time": 0.018018722534179688}, "pymm_dram_nvme": {"open_time": 10.378864526748657, "copy_time": 4.803584814071655, "close_persist_time": 0.014375448226928711}, "ndarray_save_dram_nvme": {"open_time": 9.980682611465454, "copy_time": 4.056326866149902, "close_persist_time": 12.586041450500488}, "ndarray_save_dram_fs_dax0": {"open_time": 6.589786767959595, "copy_time": 4.02177357673645, "close_persist_time": 6.110327959060669}, "ndarray_save_dram_fs_dax1": {"open_time": 23.32966423034668, "copy_time": 4.003913640975952, "close_persist_time": 21.20022678375244}}