{"dram": {"open_time": 1.239776611328125e-05, "copy_time": 7.107724905014038, "close_persist_time": 0}, "numpymmap_nvme": {"open_time": 13.814821720123291, "copy_time": 8.575815916061401, "close_persist_time": 3.0133142471313477}, "numpymmap_fs_dax0": {"open_time": 11.42488956451416, "copy_time": 5.855275869369507, "close_persist_time": 4.890723705291748}, "numpymmap_fs_dax1": {"open_time": 27.143824815750122, "copy_time": 26.22362971305847, "close_persist_time": 5.953603744506836}, "pymm_dram_fs_dax0": {"open_time": 6.755848407745361, "copy_time": 5.9553399085998535, "close_persist_time": 0.030816316604614258}, "pymm_dram_fs_dax1": {"open_time": 24.036885023117065, "copy_time": 26.246394634246826, "close_persist_time": 0.03051304817199707}, "pymm_dram_dev_dax0": {"open_time": 3.8132452964782715, "copy_time": 5.9188549518585205, "close_persist_time": 0.030643224716186523}, "pymm_dram_dev_dax1": {"open_time": 14.956042766571045, "copy_time": 26.23296618461609, "close_persist_time": 0.03081035614013672}, "pymm_dram_nvme": {"open_time": 10.571112871170044, "copy_time": 10.794516801834106, "close_persist_time": 0.03945350646972656}, "ndarray_save_dram_nvme": {"open_time": 10.639573574066162, "copy_time": 8.579129695892334, "close_persist_time": 10.28680944442749}, "ndarray_save_dram_fs_dax0": {"open_time": 6.550620794296265, "copy_time": 8.585076332092285, "close_persist_time": 6.635729789733887}, "ndarray_save_dram_fs_dax1": {"open_time": 23.289249420166016, "copy_time": 8.595430612564087, "close_persist_time": 22.876375675201416}}