{"dram": {"open_time": 1.33514404296875e-05, "copy_time": 7.090464115142822, "close_persist_time": 0}, "numpymmap_nvme": {"open_time": 13.90186333656311, "copy_time": 8.620432138442993, "close_persist_time": 3.096679210662842}, "numpymmap_fs_dax0": {"open_time": 11.38546109199524, "copy_time": 5.930514574050903, "close_persist_time": 4.882568597793579}, "numpymmap_fs_dax1": {"open_time": 27.119067192077637, "copy_time": 26.26740002632141, "close_persist_time": 5.944205284118652}, "pymm_dram_fs_dax0": {"open_time": 6.673306941986084, "copy_time": 6.03307318687439, "close_persist_time": 0.03026294708251953}, "pymm_dram_fs_dax1": {"open_time": 24.02320885658264, "copy_time": 26.294339418411255, "close_persist_time": 0.030503511428833008}, "pymm_dram_dev_dax0": {"open_time": 3.8390345573425293, "copy_time": 6.057505130767822, "close_persist_time": 0.030345916748046875}, "pymm_dram_dev_dax1": {"open_time": 14.933782815933228, "copy_time": 26.26845669746399, "close_persist_time": 0.030523300170898438}, "pymm_dram_nvme": {"open_time": 10.581977605819702, "copy_time": 10.815279960632324, "close_persist_time": 0.04181718826293945}, "ndarray_save_dram_nvme": {"open_time": 10.608802318572998, "copy_time": 8.66851282119751, "close_persist_time": 10.255822658538818}, "ndarray_save_dram_fs_dax0": {"open_time": 6.475124359130859, "copy_time": 8.634761810302734, "close_persist_time": 6.6421918869018555}, "ndarray_save_dram_fs_dax1": {"open_time": 23.28931498527527, "copy_time": 8.650983572006226, "close_persist_time": 22.87157702445984}}