{"dram": {"open_time": 1.5497207641601562e-05, "copy_time": 7.677504062652588, "close_persist_time": 0}, "numpymmap_nvme": {"open_time": 13.712867975234985, "copy_time": 8.487597227096558, "close_persist_time": 2.859288454055786}, "numpymmap_fs_dax0": {"open_time": 11.412199974060059, "copy_time": 7.715159893035889, "close_persist_time": 4.8024516105651855}, "numpymmap_fs_dax1": {"open_time": 27.099175214767456, "copy_time": 25.83538579940796, "close_persist_time": 5.83307409286499}, "pymm_dram_fs_dax0": {"open_time": 6.653160333633423, "copy_time": 7.581854820251465, "close_persist_time": 0.026627063751220703}, "pymm_dram_fs_dax1": {"open_time": 24.015862703323364, "copy_time": 25.678736686706543, "close_persist_time": 0.026656389236450195}, "pymm_dram_dev_dax0": {"open_time": 3.7936525344848633, "copy_time": 7.666966199874878, "close_persist_time": 0.026546001434326172}, "pymm_dram_dev_dax1": {"open_time": 14.938068628311157, "copy_time": 25.684535264968872, "close_persist_time": 0.02659916877746582}, "pymm_dram_nvme": {"open_time": 10.58000659942627, "copy_time": 10.419068098068237, "close_persist_time": 0.026636362075805664}, "ndarray_save_dram_nvme": {"open_time": 10.707308053970337, "copy_time": 9.870121479034424, "close_persist_time": 10.417313814163208}, "ndarray_save_dram_fs_dax0": {"open_time": 6.62354850769043, "copy_time": 9.875854015350342, "close_persist_time": 6.54917573928833}, "ndarray_save_dram_fs_dax1": {"open_time": 23.303815364837646, "copy_time": 9.929913759231567, "close_persist_time": 22.622959852218628}}