{"dram": {"open_time": 1.33514404296875e-05, "copy_time": 2.9690706729888916, "close_persist_time": 0}, "numpymmap_nvme": {"open_time": 13.942743062973022, "copy_time": 5.262559652328491, "close_persist_time": 1.5094809532165527}, "numpymmap_fs_dax0": {"open_time": 11.434850215911865, "copy_time": 3.7048864364624023, "close_persist_time": 4.891098499298096}, "numpymmap_fs_dax1": {"open_time": 27.104780673980713, "copy_time": 3.7655458450317383, "close_persist_time": 5.947597503662109}, "pymm_dram_fs_dax0": {"open_time": 6.616507530212402, "copy_time": 4.3466315269470215, "close_persist_time": 0.01825428009033203}, "pymm_dram_fs_dax1": {"open_time": 23.997702598571777, "copy_time": 4.432868480682373, "close_persist_time": 0.020509004592895508}, "pymm_dram_dev_dax0": {"open_time": 3.8700079917907715, "copy_time": 4.305345058441162, "close_persist_time": 0.020890474319458008}, "pymm_dram_dev_dax1": {"open_time": 14.926868200302124, "copy_time": 4.353245973587036, "close_persist_time": 0.020781755447387695}, "pymm_dram_nvme": {"open_time": 10.322206735610962, "copy_time": 4.027071475982666, "close_persist_time": 0.011380195617675781}, "ndarray_save_dram_nvme": {"open_time": 12.15347695350647, "copy_time": 2.702287197113037, "close_persist_time": 9.889657974243164}, "ndarray_save_dram_fs_dax0": {"open_time": 6.577548503875732, "copy_time": 2.701944351196289, "close_persist_time": 5.854723930358887}, "ndarray_save_dram_fs_dax1": {"open_time": 23.33563756942749, "copy_time": 2.6755287647247314, "close_persist_time": 20.06640386581421}}