{"dram": {"open_time": 2.0742416381835938e-05, "copy_time": 9.576014757156372, "close_persist_time": 0}, "numpymmap_nvme": {"open_time": 13.985780954360962, "copy_time": 13.655799150466919, "close_persist_time": 3.2887139320373535}, "numpymmap_fs_dax0": {"open_time": 11.418206214904785, "copy_time": 11.293551921844482, "close_persist_time": 4.889345645904541}, "numpymmap_fs_dax1": {"open_time": 27.125158548355103, "copy_time": 34.759265184402466, "close_persist_time": 5.944929361343384}, "pymm_dram_fs_dax0": {"open_time": 6.655500173568726, "copy_time": 11.7973473072052, "close_persist_time": 0.034766197204589844}, "pymm_dram_fs_dax1": {"open_time": 24.043646812438965, "copy_time": 35.324191093444824, "close_persist_time": 0.03524136543273926}, "pymm_dram_dev_dax0": {"open_time": 3.858346939086914, "copy_time": 11.870461463928223, "close_persist_time": 0.03510427474975586}, "pymm_dram_dev_dax1": {"open_time": 14.93864917755127, "copy_time": 35.16510987281799, "close_persist_time": 0.034877777099609375}, "pymm_dram_nvme": {"open_time": 10.685970067977905, "copy_time": 21.312131881713867, "close_persist_time": 0.045263051986694336}, "ndarray_save_dram_nvme": {"open_time": 10.06766676902771, "copy_time": 11.443315505981445, "close_persist_time": 10.380598545074463}, "ndarray_save_dram_fs_dax0": {"open_time": 6.623806715011597, "copy_time": 11.402912616729736, "close_persist_time": 6.735153675079346}, "ndarray_save_dram_fs_dax1": {"open_time": 23.289517879486084, "copy_time": 11.409839868545532, "close_persist_time": 23.196468353271484}}