{"dram": {"open_time": 1.8358230590820312e-05, "copy_time": 3.065913677215576, "close_persist_time": 0}, "numpymmap_nvme": {"open_time": 13.9747896194458, "copy_time": 5.392202138900757, "close_persist_time": 1.5105397701263428}, "numpymmap_fs_dax0": {"open_time": 11.422003269195557, "copy_time": 3.9303083419799805, "close_persist_time": 4.894140005111694}, "numpymmap_fs_dax1": {"open_time": 27.117364645004272, "copy_time": 3.9882829189300537, "close_persist_time": 5.95024037361145}, "pymm_dram_fs_dax0": {"open_time": 6.611589193344116, "copy_time": 4.51572585105896, "close_persist_time": 0.014899730682373047}, "pymm_dram_fs_dax1": {"open_time": 24.031762838363647, "copy_time": 4.613516569137573, "close_persist_time": 0.01686692237854004}, "pymm_dram_dev_dax0": {"open_time": 3.8365232944488525, "copy_time": 4.5019755363464355, "close_persist_time": 0.01693415641784668}, "pymm_dram_dev_dax1": {"open_time": 14.911967754364014, "copy_time": 4.61701512336731, "close_persist_time": 0.01679682731628418}, "pymm_dram_nvme": {"open_time": 10.603747367858887, "copy_time": 7.198101282119751, "close_persist_time": 0.010940074920654297}, "ndarray_save_dram_nvme": {"open_time": 10.31069302558899, "copy_time": 2.7313942909240723, "close_persist_time": 9.974397659301758}, "ndarray_save_dram_fs_dax0": {"open_time": 6.489036560058594, "copy_time": 2.713454484939575, "close_persist_time": 5.711090087890625}, "ndarray_save_dram_fs_dax1": {"open_time": 23.29208755493164, "copy_time": 2.7070188522338867, "close_persist_time": 20.09390687942505}}