{"dram": {"open_time": 2.1457672119140625e-05, "copy_time": 3.6233971118927, "close_persist_time": 0}, "numpymmap_nvme": {"open_time": 13.878551483154297, "copy_time": 6.373934507369995, "close_persist_time": 1.9119126796722412}, "numpymmap_fs_dax0": {"open_time": 11.459076404571533, "copy_time": 5.826497554779053, "close_persist_time": 4.893845558166504}, "numpymmap_fs_dax1": {"open_time": 27.136681079864502, "copy_time": 6.5223634243011475, "close_persist_time": 6.167591094970703}, "pymm_dram_fs_dax0": {"open_time": 6.630360841751099, "copy_time": 6.344625473022461, "close_persist_time": 0.018571853637695312}, "pymm_dram_fs_dax1": {"open_time": 23.999051809310913, "copy_time": 6.939365386962891, "close_persist_time": 0.017726421356201172}, "pymm_dram_dev_dax0": {"open_time": 3.7566440105438232, "copy_time": 6.2491161823272705, "close_persist_time": 0.018674612045288086}, "pymm_dram_dev_dax1": {"open_time": 14.915571451187134, "copy_time": 6.946892738342285, "close_persist_time": 0.01781487464904785}, "pymm_dram_nvme": {"open_time": 10.586727857589722, "copy_time": 8.377798795700073, "close_persist_time": 0.014126062393188477}, "ndarray_save_dram_nvme": {"open_time": 10.751699209213257, "copy_time": 4.06287145614624, "close_persist_time": 10.031447887420654}, "ndarray_save_dram_fs_dax0": {"open_time": 6.622013330459595, "copy_time": 4.034584045410156, "close_persist_time": 6.134210586547852}, "ndarray_save_dram_fs_dax1": {"open_time": 23.319065809249878, "copy_time": 4.011955499649048, "close_persist_time": 21.19242548942566}}