{"dram": {"open_time": 1.9073486328125e-05, "copy_time": 3.0862579345703125, "close_persist_time": 0}, "numpymmap_nvme": {"open_time": 13.844413757324219, "copy_time": 5.261627197265625, "close_persist_time": 1.5664823055267334}, "numpymmap_fs_dax0": {"open_time": 11.440641164779663, "copy_time": 3.8989603519439697, "close_persist_time": 4.893701076507568}, "numpymmap_fs_dax1": {"open_time": 27.102966785430908, "copy_time": 3.967205047607422, "close_persist_time": 6.024062395095825}, "pymm_dram_fs_dax0": {"open_time": 6.631827354431152, "copy_time": 4.654685974121094, "close_persist_time": 0.012563943862915039}, "pymm_dram_fs_dax1": {"open_time": 24.030797958374023, "copy_time": 4.720705509185791, "close_persist_time": 0.013369560241699219}, "pymm_dram_dev_dax0": {"open_time": 3.868645668029785, "copy_time": 4.6061060428619385, "close_persist_time": 0.013540506362915039}, "pymm_dram_dev_dax1": {"open_time": 14.923330307006836, "copy_time": 4.7191996574401855, "close_persist_time": 0.013474464416503906}, "pymm_dram_nvme": {"open_time": 10.342901229858398, "copy_time": 4.285649061203003, "close_persist_time": 0.011316776275634766}, "ndarray_save_dram_nvme": {"open_time": 9.929165124893188, "copy_time": 2.856790542602539, "close_persist_time": 11.240168571472168}, "ndarray_save_dram_fs_dax0": {"open_time": 8.162177562713623, "copy_time": 2.843653917312622, "close_persist_time": 5.869715929031372}, "ndarray_save_dram_fs_dax1": {"open_time": 23.30053186416626, "copy_time": 2.821519613265991, "close_persist_time": 20.23008418083191}}