{"dram": {"open_time": 1.2159347534179688e-05, "copy_time": 7.123756647109985, "close_persist_time": 0}, "numpymmap_nvme": {"open_time": 13.780606746673584, "copy_time": 8.641020774841309, "close_persist_time": 3.0355515480041504}, "numpymmap_fs_dax0": {"open_time": 11.422900438308716, "copy_time": 5.933228015899658, "close_persist_time": 4.902348518371582}, "numpymmap_fs_dax1": {"open_time": 27.14279556274414, "copy_time": 26.226085662841797, "close_persist_time": 5.935263156890869}, "pymm_dram_fs_dax0": {"open_time": 6.604871511459351, "copy_time": 5.833697319030762, "close_persist_time": 0.030475854873657227}, "pymm_dram_fs_dax1": {"open_time": 24.04822850227356, "copy_time": 26.247556686401367, "close_persist_time": 0.030260324478149414}, "pymm_dram_dev_dax0": {"open_time": 3.8173623085021973, "copy_time": 6.020388603210449, "close_persist_time": 0.03039264678955078}, "pymm_dram_dev_dax1": {"open_time": 14.944403886795044, "copy_time": 26.265645503997803, "close_persist_time": 0.0304720401763916}, "pymm_dram_nvme": {"open_time": 10.430297374725342, "copy_time": 5.6143951416015625, "close_persist_time": 0.030512571334838867}, "ndarray_save_dram_nvme": {"open_time": 10.263221263885498, "copy_time": 10.227954387664795, "close_persist_time": 10.259159803390503}, "ndarray_save_dram_fs_dax0": {"open_time": 6.630923748016357, "copy_time": 8.605778932571411, "close_persist_time": 6.637850046157837}, "ndarray_save_dram_fs_dax1": {"open_time": 23.291213274002075, "copy_time": 8.595738410949707, "close_persist_time": 22.869569540023804}}