{"dram": {"open_time": 1.8596649169921875e-05, "copy_time": 9.548384189605713, "close_persist_time": 0}, "numpymmap_nvme": {"open_time": 13.79651689529419, "copy_time": 13.768068075180054, "close_persist_time": 3.24188232421875}, "numpymmap_fs_dax0": {"open_time": 11.318079233169556, "copy_time": 11.304167747497559, "close_persist_time": 4.88923978805542}, "numpymmap_fs_dax1": {"open_time": 27.163140773773193, "copy_time": 34.681077003479004, "close_persist_time": 5.9567177295684814}, "pymm_dram_fs_dax0": {"open_time": 6.779690504074097, "copy_time": 11.839672088623047, "close_persist_time": 0.03519916534423828}, "pymm_dram_fs_dax1": {"open_time": 24.097285270690918, "copy_time": 35.161056995391846, "close_persist_time": 0.03484153747558594}, "pymm_dram_dev_dax0": {"open_time": 3.7485315799713135, "copy_time": 11.828215599060059, "close_persist_time": 0.035169124603271484}, "pymm_dram_dev_dax1": {"open_time": 14.948186874389648, "copy_time": 35.09157943725586, "close_persist_time": 0.0349421501159668}, "pymm_dram_nvme": {"open_time": 10.594510316848755, "copy_time": 21.724907875061035, "close_persist_time": 0.045522451400756836}, "ndarray_save_dram_nvme": {"open_time": 10.07617449760437, "copy_time": 11.368914604187012, "close_persist_time": 10.328674554824829}, "ndarray_save_dram_fs_dax0": {"open_time": 6.596742153167725, "copy_time": 11.390427112579346, "close_persist_time": 6.748258829116821}, "ndarray_save_dram_fs_dax1": {"open_time": 23.30437994003296, "copy_time": 11.404366731643677, "close_persist_time": 23.21118688583374}}