{"dram": {"open_time": 1.9550323486328125e-05, "copy_time": 3.668728828430176, "close_persist_time": 0}, "numpymmap_nvme": {"open_time": 13.731932163238525, "copy_time": 6.4352052211761475, "close_persist_time": 1.8925440311431885}, "numpymmap_fs_dax0": {"open_time": 11.422933340072632, "copy_time": 5.750704288482666, "close_persist_time": 4.891399383544922}, "numpymmap_fs_dax1": {"open_time": 27.144028425216675, "copy_time": 6.393089056015015, "close_persist_time": 6.167208194732666}, "pymm_dram_fs_dax0": {"open_time": 6.743335962295532, "copy_time": 6.303311586380005, "close_persist_time": 0.018050670623779297}, "pymm_dram_fs_dax1": {"open_time": 24.028853178024292, "copy_time": 6.895649194717407, "close_persist_time": 0.01780986785888672}, "pymm_dram_dev_dax0": {"open_time": 3.805138349533081, "copy_time": 6.273045539855957, "close_persist_time": 0.01852703094482422}, "pymm_dram_dev_dax1": {"open_time": 14.927519798278809, "copy_time": 6.904800176620483, "close_persist_time": 0.016513824462890625}, "pymm_dram_nvme": {"open_time": 10.611344575881958, "copy_time": 8.368919610977173, "close_persist_time": 0.014258861541748047}, "ndarray_save_dram_nvme": {"open_time": 10.704021453857422, "copy_time": 4.030808925628662, "close_persist_time": 10.082800149917603}, "ndarray_save_dram_fs_dax0": {"open_time": 6.553649187088013, "copy_time": 3.9954919815063477, "close_persist_time": 6.076365232467651}, "ndarray_save_dram_fs_dax1": {"open_time": 23.28541088104248, "copy_time": 3.975125551223755, "close_persist_time": 21.196311950683594}}