{"dram": {"open_time": 2.002716064453125e-05, "copy_time": 3.0374064445495605, "close_persist_time": 0}, "numpymmap_nvme": {"open_time": 14.051792621612549, "copy_time": 5.167847633361816, "close_persist_time": 1.5260207653045654}, "numpymmap_fs_dax0": {"open_time": 11.389105081558228, "copy_time": 3.7229721546173096, "close_persist_time": 4.893155574798584}, "numpymmap_fs_dax1": {"open_time": 27.146895170211792, "copy_time": 3.8035929203033447, "close_persist_time": 5.957321882247925}, "pymm_dram_fs_dax0": {"open_time": 6.723821640014648, "copy_time": 4.57272481918335, "close_persist_time": 0.016229867935180664}, "pymm_dram_fs_dax1": {"open_time": 24.005346298217773, "copy_time": 4.629749298095703, "close_persist_time": 0.016520023345947266}, "pymm_dram_dev_dax0": {"open_time": 3.814513921737671, "copy_time": 4.554736614227295, "close_persist_time": 0.01380467414855957}, "pymm_dram_dev_dax1": {"open_time": 14.919125080108643, "copy_time": 4.6071178913116455, "close_persist_time": 0.01666879653930664}, "pymm_dram_nvme": {"open_time": 10.60502815246582, "copy_time": 7.2380969524383545, "close_persist_time": 0.011017799377441406}, "ndarray_save_dram_nvme": {"open_time": 10.316425561904907, "copy_time": 2.724560022354126, "close_persist_time": 9.925005197525024}, "ndarray_save_dram_fs_dax0": {"open_time": 6.506005048751831, "copy_time": 2.70709490776062, "close_persist_time": 5.815872669219971}, "ndarray_save_dram_fs_dax1": {"open_time": 23.284283876419067, "copy_time": 2.694122791290283, "close_persist_time": 20.083215951919556}}