{"dram": {"open_time": 1.621246337890625e-05, "copy_time": 3.172544240951538, "close_persist_time": 0}, "numpymmap_nvme": {"open_time": 13.816848754882812, "copy_time": 5.43830680847168, "close_persist_time": 1.5659751892089844}, "numpymmap_fs_dax0": {"open_time": 11.394560813903809, "copy_time": 4.217424631118774, "close_persist_time": 4.892405033111572}, "numpymmap_fs_dax1": {"open_time": 27.152230262756348, "copy_time": 4.27420711517334, "close_persist_time": 6.034817218780518}, "pymm_dram_fs_dax0": {"open_time": 6.779130935668945, "copy_time": 4.82117223739624, "close_persist_time": 0.013446331024169922}, "pymm_dram_fs_dax1": {"open_time": 24.06250524520874, "copy_time": 4.883065700531006, "close_persist_time": 0.013675689697265625}, "pymm_dram_dev_dax0": {"open_time": 3.811434030532837, "copy_time": 4.738938331604004, "close_persist_time": 0.013837099075317383}, "pymm_dram_dev_dax1": {"open_time": 14.925337553024292, "copy_time": 4.852961301803589, "close_persist_time": 0.013687849044799805}, "pymm_dram_nvme": {"open_time": 10.2983558177948, "copy_time": 4.415882110595703, "close_persist_time": 0.011688232421875}, "ndarray_save_dram_nvme": {"open_time": 10.128488302230835, "copy_time": 4.7224977016448975, "close_persist_time": 10.045860528945923}, "ndarray_save_dram_fs_dax0": {"open_time": 6.521898508071899, "copy_time": 2.9597458839416504, "close_persist_time": 5.872349262237549}, "ndarray_save_dram_fs_dax1": {"open_time": 23.289663076400757, "copy_time": 2.9590792655944824, "close_persist_time": 20.23334264755249}}