{"dram": {"open_time": 1.4543533325195312e-05, "copy_time": 3.035238027572632, "close_persist_time": 0}, "numpymmap_nvme": {"open_time": 13.807376861572266, "copy_time": 4.932352066040039, "close_persist_time": 1.5678951740264893}, "numpymmap_fs_dax0": {"open_time": 11.367786407470703, "copy_time": 3.720546007156372, "close_persist_time": 4.895664215087891}, "numpymmap_fs_dax1": {"open_time": 27.112499475479126, "copy_time": 3.787590503692627, "close_persist_time": 5.949820041656494}, "pymm_dram_fs_dax0": {"open_time": 6.622629880905151, "copy_time": 4.403976202011108, "close_persist_time": 0.02072453498840332}, "pymm_dram_fs_dax1": {"open_time": 24.034883975982666, "copy_time": 4.465194463729858, "close_persist_time": 0.021046161651611328}, "pymm_dram_dev_dax0": {"open_time": 3.8545310497283936, "copy_time": 4.332695245742798, "close_persist_time": 0.02129364013671875}, "pymm_dram_dev_dax1": {"open_time": 14.935527086257935, "copy_time": 4.482460260391235, "close_persist_time": 0.02120661735534668}, "pymm_dram_nvme": {"open_time": 10.52203917503357, "copy_time": 7.082535028457642, "close_persist_time": 0.01098012924194336}, "ndarray_save_dram_nvme": {"open_time": 10.351665019989014, "copy_time": 2.672830820083618, "close_persist_time": 9.970502376556396}, "ndarray_save_dram_fs_dax0": {"open_time": 6.558630466461182, "copy_time": 2.6836256980895996, "close_persist_time": 5.846592903137207}, "ndarray_save_dram_fs_dax1": {"open_time": 23.298890352249146, "copy_time": 2.6544296741485596, "close_persist_time": 20.090375661849976}}