{"dram": {"open_time": 1.6927719116210938e-05, "copy_time": 7.66260290145874, "close_persist_time": 0}, "numpymmap_nvme": {"open_time": 13.85668683052063, "copy_time": 8.570326089859009, "close_persist_time": 2.9461679458618164}, "numpymmap_fs_dax0": {"open_time": 11.339883089065552, "copy_time": 7.682145595550537, "close_persist_time": 4.801394701004028}, "numpymmap_fs_dax1": {"open_time": 27.116674661636353, "copy_time": 25.694796323776245, "close_persist_time": 5.8428356647491455}, "pymm_dram_fs_dax0": {"open_time": 6.6268274784088135, "copy_time": 7.529702186584473, "close_persist_time": 0.026350021362304688}, "pymm_dram_fs_dax1": {"open_time": 24.041622161865234, "copy_time": 25.80158305168152, "close_persist_time": 0.026671409606933594}, "pymm_dram_dev_dax0": {"open_time": 3.8756821155548096, "copy_time": 7.525608777999878, "close_persist_time": 0.026632070541381836}, "pymm_dram_dev_dax1": {"open_time": 14.954749345779419, "copy_time": 25.698774814605713, "close_persist_time": 0.026741743087768555}, "pymm_dram_nvme": {"open_time": 10.318304777145386, "copy_time": 6.16141676902771, "close_persist_time": 0.026494503021240234}, "ndarray_save_dram_nvme": {"open_time": 9.895479202270508, "copy_time": 11.054463624954224, "close_persist_time": 11.027704954147339}, "ndarray_save_dram_fs_dax0": {"open_time": 6.625132322311401, "copy_time": 9.923401594161987, "close_persist_time": 6.493619918823242}, "ndarray_save_dram_fs_dax1": {"open_time": 23.298691987991333, "copy_time": 9.960314273834229, "close_persist_time": 22.63125967979431}}