{"dram": {"open_time": 1.5497207641601562e-05, "copy_time": 7.623389482498169, "close_persist_time": 0}, "numpymmap_nvme": {"open_time": 13.758153915405273, "copy_time": 8.591319799423218, "close_persist_time": 2.949735641479492}, "numpymmap_fs_dax0": {"open_time": 11.372987747192383, "copy_time": 7.571909189224243, "close_persist_time": 4.795104742050171}, "numpymmap_fs_dax1": {"open_time": 27.104602575302124, "copy_time": 25.68587350845337, "close_persist_time": 5.841474533081055}, "pymm_dram_fs_dax0": {"open_time": 6.632049322128296, "copy_time": 7.532866716384888, "close_persist_time": 0.026355266571044922}, "pymm_dram_fs_dax1": {"open_time": 24.042009592056274, "copy_time": 25.690812587738037, "close_persist_time": 0.026493072509765625}, "pymm_dram_dev_dax0": {"open_time": 3.8159286975860596, "copy_time": 7.582130670547485, "close_persist_time": 0.026515960693359375}, "pymm_dram_dev_dax1": {"open_time": 14.958519458770752, "copy_time": 25.68427085876465, "close_persist_time": 0.026616811752319336}, "pymm_dram_nvme": {"open_time": 10.609230279922485, "copy_time": 10.432750701904297, "close_persist_time": 0.02666020393371582}, "ndarray_save_dram_nvme": {"open_time": 10.608101844787598, "copy_time": 9.911442995071411, "close_persist_time": 10.280768871307373}, "ndarray_save_dram_fs_dax0": {"open_time": 6.5609352588653564, "copy_time": 9.88605260848999, "close_persist_time": 6.455423831939697}, "ndarray_save_dram_fs_dax1": {"open_time": 23.284982442855835, "copy_time": 9.930026531219482, "close_persist_time": 22.63796067237854}}