{"dram": {"open_time": 1.239776611328125e-05, "copy_time": 7.121030807495117, "close_persist_time": 0}, "numpymmap_nvme": {"open_time": 13.783490657806396, "copy_time": 8.555485010147095, "close_persist_time": 3.0493593215942383}, "numpymmap_fs_dax0": {"open_time": 11.383276462554932, "copy_time": 5.890882253646851, "close_persist_time": 4.884186506271362}, "numpymmap_fs_dax1": {"open_time": 27.131183624267578, "copy_time": 26.24151372909546, "close_persist_time": 5.9351677894592285}, "pymm_dram_fs_dax0": {"open_time": 6.591399431228638, "copy_time": 5.93718409538269, "close_persist_time": 0.03040933609008789}, "pymm_dram_fs_dax1": {"open_time": 24.049478769302368, "copy_time": 26.264251470565796, "close_persist_time": 0.03052043914794922}, "pymm_dram_dev_dax0": {"open_time": 3.8845081329345703, "copy_time": 6.18107008934021, "close_persist_time": 0.03064441680908203}, "pymm_dram_dev_dax1": {"open_time": 14.972283124923706, "copy_time": 26.250734090805054, "close_persist_time": 0.03056645393371582}, "pymm_dram_nvme": {"open_time": 10.332026958465576, "copy_time": 5.603531837463379, "close_persist_time": 0.030421733856201172}, "ndarray_save_dram_nvme": {"open_time": 9.937483549118042, "copy_time": 8.656003475189209, "close_persist_time": 12.137661695480347}, "ndarray_save_dram_fs_dax0": {"open_time": 6.532195568084717, "copy_time": 8.625953435897827, "close_persist_time": 6.676531553268433}, "ndarray_save_dram_fs_dax1": {"open_time": 23.287408351898193, "copy_time": 8.726616621017456, "close_persist_time": 22.932397842407227}}