{"dram": {"open_time": 2.002716064453125e-05, "copy_time": 3.6862952709198, "close_persist_time": 0}, "numpymmap_nvme": {"open_time": 14.045838117599487, "copy_time": 6.3229241371154785, "close_persist_time": 1.8738987445831299}, "numpymmap_fs_dax0": {"open_time": 11.419321537017822, "copy_time": 5.707788467407227, "close_persist_time": 4.890045166015625}, "numpymmap_fs_dax1": {"open_time": 27.12476134300232, "copy_time": 6.474333047866821, "close_persist_time": 6.180394649505615}, "pymm_dram_fs_dax0": {"open_time": 6.746152639389038, "copy_time": 6.264347076416016, "close_persist_time": 0.017503976821899414}, "pymm_dram_fs_dax1": {"open_time": 24.031699895858765, "copy_time": 6.871370077133179, "close_persist_time": 0.017505407333374023}, "pymm_dram_dev_dax0": {"open_time": 3.850064277648926, "copy_time": 6.2141032218933105, "close_persist_time": 0.018708467483520508}, "pymm_dram_dev_dax1": {"open_time": 14.902961492538452, "copy_time": 6.885055780410767, "close_persist_time": 0.01775813102722168}, "pymm_dram_nvme": {"open_time": 10.595396757125854, "copy_time": 8.413153648376465, "close_persist_time": 0.014286279678344727}, "ndarray_save_dram_nvme": {"open_time": 10.734699010848999, "copy_time": 4.039360284805298, "close_persist_time": 10.14106297492981}, "ndarray_save_dram_fs_dax0": {"open_time": 6.507324457168579, "copy_time": 4.015398025512695, "close_persist_time": 6.145548582077026}, "ndarray_save_dram_fs_dax1": {"open_time": 23.316306352615356, "copy_time": 3.995607614517212, "close_persist_time": 21.19736623764038}}