{"dram": {"open_time": 1.8596649169921875e-05, "copy_time": 3.001819610595703, "close_persist_time": 0}, "numpymmap_nvme": {"open_time": 13.81569218635559, "copy_time": 4.980603218078613, "close_persist_time": 1.54166841506958}, "numpymmap_fs_dax0": {"open_time": 11.347524404525757, "copy_time": 3.7742879390716553, "close_persist_time": 4.89506983757019}, "numpymmap_fs_dax1": {"open_time": 27.128333568572998, "copy_time": 3.8281078338623047, "close_persist_time": 5.9570698738098145}, "pymm_dram_fs_dax0": {"open_time": 6.74579119682312, "copy_time": 4.460443735122681, "close_persist_time": 0.016291379928588867}, "pymm_dram_fs_dax1": {"open_time": 24.06114649772644, "copy_time": 4.504780292510986, "close_persist_time": 0.0163729190826416}, "pymm_dram_dev_dax0": {"open_time": 3.883263349533081, "copy_time": 4.404922962188721, "close_persist_time": 0.016422271728515625}, "pymm_dram_dev_dax1": {"open_time": 14.937342405319214, "copy_time": 4.515119314193726, "close_persist_time": 0.016351699829101562}, "pymm_dram_nvme": {"open_time": 10.557085514068604, "copy_time": 7.096773386001587, "close_persist_time": 0.011109352111816406}, "ndarray_save_dram_nvme": {"open_time": 10.37804627418518, "copy_time": 2.734468460083008, "close_persist_time": 10.06049108505249}, "ndarray_save_dram_fs_dax0": {"open_time": 6.567273378372192, "copy_time": 2.716020345687866, "close_persist_time": 5.789705038070679}, "ndarray_save_dram_fs_dax1": {"open_time": 23.289939403533936, "copy_time": 2.6950812339782715, "close_persist_time": 20.09526038169861}}