{"dram": {"open_time": 2.1457672119140625e-05, "copy_time": 3.059636354446411, "close_persist_time": 0}, "numpymmap_nvme": {"open_time": 13.818368434906006, "copy_time": 5.4924094676971436, "close_persist_time": 1.5528216361999512}, "numpymmap_fs_dax0": {"open_time": 11.389584302902222, "copy_time": 4.050766706466675, "close_persist_time": 4.886209011077881}, "numpymmap_fs_dax1": {"open_time": 27.12543225288391, "copy_time": 4.122768402099609, "close_persist_time": 6.0221428871154785}, "pymm_dram_fs_dax0": {"open_time": 6.615328311920166, "copy_time": 4.665879726409912, "close_persist_time": 0.01293492317199707}, "pymm_dram_fs_dax1": {"open_time": 24.003222227096558, "copy_time": 4.748143196105957, "close_persist_time": 0.012622594833374023}, "pymm_dram_dev_dax0": {"open_time": 3.8442814350128174, "copy_time": 4.645647764205933, "close_persist_time": 0.013941764831542969}, "pymm_dram_dev_dax1": {"open_time": 14.88592791557312, "copy_time": 4.779423236846924, "close_persist_time": 0.013463020324707031}, "pymm_dram_nvme": {"open_time": 10.61902141571045, "copy_time": 7.467185020446777, "close_persist_time": 0.011656999588012695}, "ndarray_save_dram_nvme": {"open_time": 10.487047672271729, "copy_time": 2.9374585151672363, "close_persist_time": 9.88399052619934}, "ndarray_save_dram_fs_dax0": {"open_time": 6.5344319343566895, "copy_time": 2.9206972122192383, "close_persist_time": 5.871141195297241}, "ndarray_save_dram_fs_dax1": {"open_time": 23.287543296813965, "copy_time": 2.9037094116210938, "close_persist_time": 20.23357057571411}}