{"dram": {"open_time": 1.4781951904296875e-05, "copy_time": 3.0952413082122803, "close_persist_time": 0}, "numpymmap_nvme": {"open_time": 14.20400595664978, "copy_time": 5.131836414337158, "close_persist_time": 1.51100754737854}, "numpymmap_fs_dax0": {"open_time": 11.417123794555664, "copy_time": 3.8507273197174072, "close_persist_time": 4.886398553848267}, "numpymmap_fs_dax1": {"open_time": 27.10774040222168, "copy_time": 3.9052422046661377, "close_persist_time": 5.947011709213257}, "pymm_dram_fs_dax0": {"open_time": 6.628216505050659, "copy_time": 4.531525373458862, "close_persist_time": 0.020344257354736328}, "pymm_dram_fs_dax1": {"open_time": 24.051517248153687, "copy_time": 4.596898794174194, "close_persist_time": 0.02097463607788086}, "pymm_dram_dev_dax0": {"open_time": 3.852396249771118, "copy_time": 4.451113700866699, "close_persist_time": 0.020929813385009766}, "pymm_dram_dev_dax1": {"open_time": 14.900348424911499, "copy_time": 4.549997329711914, "close_persist_time": 0.021111726760864258}, "pymm_dram_nvme": {"open_time": 10.332793474197388, "copy_time": 4.198063850402832, "close_persist_time": 0.010704755783081055}, "ndarray_save_dram_nvme": {"open_time": 9.976253032684326, "copy_time": 4.598045825958252, "close_persist_time": 9.832349300384521}, "ndarray_save_dram_fs_dax0": {"open_time": 6.5754430294036865, "copy_time": 2.763451099395752, "close_persist_time": 5.83252477645874}, "ndarray_save_dram_fs_dax1": {"open_time": 23.315412282943726, "copy_time": 2.7394986152648926, "close_persist_time": 20.068466663360596}}