{"dram": {"open_time": 2.0742416381835938e-05, "copy_time": 9.69075870513916, "close_persist_time": 0}, "numpymmap_nvme": {"open_time": 13.762208223342896, "copy_time": 14.026085138320923, "close_persist_time": 3.1856677532196045}, "numpymmap_fs_dax0": {"open_time": 11.316751956939697, "copy_time": 11.47190523147583, "close_persist_time": 4.881953954696655}, "numpymmap_fs_dax1": {"open_time": 27.167315244674683, "copy_time": 34.9160258769989, "close_persist_time": 5.9532177448272705}, "pymm_dram_fs_dax0": {"open_time": 6.7590038776397705, "copy_time": 12.022491693496704, "close_persist_time": 0.03494524955749512}, "pymm_dram_fs_dax1": {"open_time": 24.064962148666382, "copy_time": 35.426539182662964, "close_persist_time": 0.03495931625366211}, "pymm_dram_dev_dax0": {"open_time": 3.8321354389190674, "copy_time": 12.01380705833435, "close_persist_time": 0.03531146049499512}, "pymm_dram_dev_dax1": {"open_time": 14.907440662384033, "copy_time": 35.341734409332275, "close_persist_time": 0.03492403030395508}, "pymm_dram_nvme": {"open_time": 10.596721172332764, "copy_time": 21.689805030822754, "close_persist_time": 0.0448915958404541}, "ndarray_save_dram_nvme": {"open_time": 10.224498271942139, "copy_time": 11.556010484695435, "close_persist_time": 10.354490995407104}, "ndarray_save_dram_fs_dax0": {"open_time": 6.6219542026519775, "copy_time": 11.476338863372803, "close_persist_time": 6.74678373336792}, "ndarray_save_dram_fs_dax1": {"open_time": 23.29521632194519, "copy_time": 11.514715909957886, "close_persist_time": 23.19345474243164}}