{"dram": {"open_time": 1.5974044799804688e-05, "copy_time": 3.018261671066284, "close_persist_time": 0}, "numpymmap_nvme": {"open_time": 13.834552526473999, "copy_time": 5.16395378112793, "close_persist_time": 1.5183193683624268}, "numpymmap_fs_dax0": {"open_time": 11.35960865020752, "copy_time": 3.743070602416992, "close_persist_time": 4.89279580116272}, "numpymmap_fs_dax1": {"open_time": 27.10940980911255, "copy_time": 3.7836556434631348, "close_persist_time": 5.954864263534546}, "pymm_dram_fs_dax0": {"open_time": 6.72249698638916, "copy_time": 4.351521730422974, "close_persist_time": 0.020158767700195312}, "pymm_dram_fs_dax1": {"open_time": 24.035138368606567, "copy_time": 4.414867162704468, "close_persist_time": 0.02064990997314453}, "pymm_dram_dev_dax0": {"open_time": 3.8698947429656982, "copy_time": 4.303589105606079, "close_persist_time": 0.02012777328491211}, "pymm_dram_dev_dax1": {"open_time": 14.985240459442139, "copy_time": 4.394898414611816, "close_persist_time": 0.020815134048461914}, "pymm_dram_nvme": {"open_time": 10.520139217376709, "copy_time": 6.876657247543335, "close_persist_time": 0.010974407196044922}, "ndarray_save_dram_nvme": {"open_time": 10.389278411865234, "copy_time": 2.6985645294189453, "close_persist_time": 9.999819040298462}, "ndarray_save_dram_fs_dax0": {"open_time": 6.550029754638672, "copy_time": 2.6920714378356934, "close_persist_time": 5.757679224014282}, "ndarray_save_dram_fs_dax1": {"open_time": 23.301682472229004, "copy_time": 2.6752543449401855, "close_persist_time": 20.07169771194458}}