{"dram": {"open_time": 1.811981201171875e-05, "copy_time": 2.9984023571014404, "close_persist_time": 0}, "numpymmap_nvme": {"open_time": 13.900063753128052, "copy_time": 5.267024517059326, "close_persist_time": 1.5155811309814453}, "numpymmap_fs_dax0": {"open_time": 11.372633457183838, "copy_time": 3.7705652713775635, "close_persist_time": 4.886508226394653}, "numpymmap_fs_dax1": {"open_time": 27.108224391937256, "copy_time": 3.8953959941864014, "close_persist_time": 5.957042217254639}, "pymm_dram_fs_dax0": {"open_time": 6.736077070236206, "copy_time": 4.478451251983643, "close_persist_time": 0.015255212783813477}, "pymm_dram_fs_dax1": {"open_time": 24.036914110183716, "copy_time": 4.453685522079468, "close_persist_time": 0.016839265823364258}, "pymm_dram_dev_dax0": {"open_time": 3.8701436519622803, "copy_time": 4.366873741149902, "close_persist_time": 0.01725292205810547}, "pymm_dram_dev_dax1": {"open_time": 14.9359712600708, "copy_time": 4.466993808746338, "close_persist_time": 0.016844987869262695}, "pymm_dram_nvme": {"open_time": 10.569496154785156, "copy_time": 7.125623941421509, "close_persist_time": 0.010995864868164062}, "ndarray_save_dram_nvme": {"open_time": 10.282179117202759, "copy_time": 2.6697824001312256, "close_persist_time": 9.88168478012085}, "ndarray_save_dram_fs_dax0": {"open_time": 6.53403902053833, "copy_time": 2.6600124835968018, "close_persist_time": 5.791536092758179}, "ndarray_save_dram_fs_dax1": {"open_time": 23.310302734375, "copy_time": 2.644744396209717, "close_persist_time": 20.0838942527771}}