{"dram": {"open_time": 1.8358230590820312e-05, "copy_time": 9.55843734741211, "close_persist_time": 0}, "numpymmap_nvme": {"open_time": 13.809655666351318, "copy_time": 13.800532817840576, "close_persist_time": 3.158618927001953}, "numpymmap_fs_dax0": {"open_time": 11.420938968658447, "copy_time": 11.393923044204712, "close_persist_time": 4.8832316398620605}, "numpymmap_fs_dax1": {"open_time": 27.111374378204346, "copy_time": 34.69875979423523, "close_persist_time": 5.938879728317261}, "pymm_dram_fs_dax0": {"open_time": 6.6132049560546875, "copy_time": 11.80260181427002, "close_persist_time": 0.03685283660888672}, "pymm_dram_fs_dax1": {"open_time": 24.050416946411133, "copy_time": 35.22299838066101, "close_persist_time": 0.03504657745361328}, "pymm_dram_dev_dax0": {"open_time": 3.8615713119506836, "copy_time": 11.921746969223022, "close_persist_time": 0.03508353233337402}, "pymm_dram_dev_dax1": {"open_time": 14.956619024276733, "copy_time": 35.195826292037964, "close_persist_time": 0.0349583625793457}, "pymm_dram_nvme": {"open_time": 10.572730302810669, "copy_time": 21.195926666259766, "close_persist_time": 0.04534554481506348}, "ndarray_save_dram_nvme": {"open_time": 10.087728023529053, "copy_time": 11.387242317199707, "close_persist_time": 10.379379749298096}, "ndarray_save_dram_fs_dax0": {"open_time": 6.552363395690918, "copy_time": 11.348020315170288, "close_persist_time": 6.7233288288116455}, "ndarray_save_dram_fs_dax1": {"open_time": 23.281852960586548, "copy_time": 11.38787031173706, "close_persist_time": 23.20120096206665}}