{"dram": {"open_time": 1.621246337890625e-05, "copy_time": 7.666356325149536, "close_persist_time": 0}, "numpymmap_nvme": {"open_time": 13.845987319946289, "copy_time": 8.597321033477783, "close_persist_time": 2.815725803375244}, "numpymmap_fs_dax0": {"open_time": 11.444049596786499, "copy_time": 7.676100969314575, "close_persist_time": 4.804568290710449}, "numpymmap_fs_dax1": {"open_time": 27.10970401763916, "copy_time": 25.69538140296936, "close_persist_time": 5.841714382171631}, "pymm_dram_fs_dax0": {"open_time": 6.742059707641602, "copy_time": 7.642223834991455, "close_persist_time": 0.026556968688964844}, "pymm_dram_fs_dax1": {"open_time": 24.025371551513672, "copy_time": 25.67486834526062, "close_persist_time": 0.026729345321655273}, "pymm_dram_dev_dax0": {"open_time": 3.86894154548645, "copy_time": 7.682733058929443, "close_persist_time": 0.026632308959960938}, "pymm_dram_dev_dax1": {"open_time": 14.977104425430298, "copy_time": 25.699953079223633, "close_persist_time": 0.0266416072845459}, "pymm_dram_nvme": {"open_time": 10.653293371200562, "copy_time": 10.428537130355835, "close_persist_time": 0.02658867835998535}, "ndarray_save_dram_nvme": {"open_time": 10.74299430847168, "copy_time": 9.937020540237427, "close_persist_time": 10.255473375320435}, "ndarray_save_dram_fs_dax0": {"open_time": 6.572590589523315, "copy_time": 9.95873212814331, "close_persist_time": 6.557876110076904}, "ndarray_save_dram_fs_dax1": {"open_time": 23.367518424987793, "copy_time": 9.945903062820435, "close_persist_time": 22.629172801971436}}