{"dram": {"open_time": 1.9788742065429688e-05, "copy_time": 3.0804660320281982, "close_persist_time": 0}, "numpymmap_nvme": {"open_time": 13.826044082641602, "copy_time": 5.384916543960571, "close_persist_time": 1.55210542678833}, "numpymmap_fs_dax0": {"open_time": 11.329308271408081, "copy_time": 4.003030300140381, "close_persist_time": 4.8839967250823975}, "numpymmap_fs_dax1": {"open_time": 27.12036657333374, "copy_time": 4.082634687423706, "close_persist_time": 6.028532266616821}, "pymm_dram_fs_dax0": {"open_time": 6.741906642913818, "copy_time": 4.739917516708374, "close_persist_time": 0.012551546096801758}, "pymm_dram_fs_dax1": {"open_time": 24.02104377746582, "copy_time": 4.730452060699463, "close_persist_time": 0.01317143440246582}, "pymm_dram_dev_dax0": {"open_time": 3.86822509765625, "copy_time": 4.644541501998901, "close_persist_time": 0.01357269287109375}, "pymm_dram_dev_dax1": {"open_time": 14.964746952056885, "copy_time": 4.7614006996154785, "close_persist_time": 0.013254165649414062}, "pymm_dram_nvme": {"open_time": 10.312260150909424, "copy_time": 4.322145223617554, "close_persist_time": 0.01140737533569336}, "ndarray_save_dram_nvme": {"open_time": 9.892446994781494, "copy_time": 2.8509116172790527, "close_persist_time": 11.171476125717163}, "ndarray_save_dram_fs_dax0": {"open_time": 8.229979991912842, "copy_time": 2.831348419189453, "close_persist_time": 5.802140235900879}, "ndarray_save_dram_fs_dax1": {"open_time": 23.29612946510315, "copy_time": 2.8144726753234863, "close_persist_time": 20.240886211395264}}