{"dram": {"open_time": 1.8835067749023438e-05, "copy_time": 3.6340293884277344, "close_persist_time": 0}, "numpymmap_nvme": {"open_time": 13.705552339553833, "copy_time": 6.356793642044067, "close_persist_time": 1.9136340618133545}, "numpymmap_fs_dax0": {"open_time": 11.335792064666748, "copy_time": 5.799119472503662, "close_persist_time": 4.888885021209717}, "numpymmap_fs_dax1": {"open_time": 27.151628494262695, "copy_time": 6.470345735549927, "close_persist_time": 6.1726109981536865}, "pymm_dram_fs_dax0": {"open_time": 6.733760833740234, "copy_time": 6.424002647399902, "close_persist_time": 0.01788330078125}, "pymm_dram_fs_dax1": {"open_time": 24.02972674369812, "copy_time": 6.944561719894409, "close_persist_time": 0.017846345901489258}, "pymm_dram_dev_dax0": {"open_time": 3.851950168609619, "copy_time": 6.335367441177368, "close_persist_time": 0.01862812042236328}, "pymm_dram_dev_dax1": {"open_time": 14.905468463897705, "copy_time": 6.95095682144165, "close_persist_time": 0.017954349517822266}, "pymm_dram_nvme": {"open_time": 10.573343276977539, "copy_time": 8.34987497329712, "close_persist_time": 0.014292240142822266}, "ndarray_save_dram_nvme": {"open_time": 10.774062156677246, "copy_time": 4.048367500305176, "close_persist_time": 10.161179542541504}, "ndarray_save_dram_fs_dax0": {"open_time": 6.6188132762908936, "copy_time": 4.039480924606323, "close_persist_time": 6.12973952293396}, "ndarray_save_dram_fs_dax1": {"open_time": 23.28507709503174, "copy_time": 4.010873317718506, "close_persist_time": 21.1881422996521}}