{"dram": {"open_time": 1.1444091796875e-05, "copy_time": 7.086399793624878, "close_persist_time": 0}, "numpymmap_nvme": {"open_time": 13.872496843338013, "copy_time": 8.588072299957275, "close_persist_time": 3.075134515762329}, "numpymmap_fs_dax0": {"open_time": 11.422149419784546, "copy_time": 5.831038236618042, "close_persist_time": 4.88993763923645}, "numpymmap_fs_dax1": {"open_time": 27.13254475593567, "copy_time": 26.235337018966675, "close_persist_time": 5.94467830657959}, "pymm_dram_fs_dax0": {"open_time": 6.657046794891357, "copy_time": 5.8571319580078125, "close_persist_time": 0.030209779739379883}, "pymm_dram_fs_dax1": {"open_time": 24.04763889312744, "copy_time": 26.248021841049194, "close_persist_time": 0.030388355255126953}, "pymm_dram_dev_dax0": {"open_time": 3.8000175952911377, "copy_time": 6.223658084869385, "close_persist_time": 0.030619144439697266}, "pymm_dram_dev_dax1": {"open_time": 14.963703155517578, "copy_time": 26.248287439346313, "close_persist_time": 0.030520915985107422}, "pymm_dram_nvme": {"open_time": 10.362796306610107, "copy_time": 5.581999778747559, "close_persist_time": 0.030345678329467773}, "ndarray_save_dram_nvme": {"open_time": 9.865293979644775, "copy_time": 8.69711422920227, "close_persist_time": 12.05131721496582}, "ndarray_save_dram_fs_dax0": {"open_time": 6.50530743598938, "copy_time": 8.547952651977539, "close_persist_time": 6.5187060832977295}, "ndarray_save_dram_fs_dax1": {"open_time": 23.298438787460327, "copy_time": 8.577953577041626, "close_persist_time": 22.882391452789307}}