{"numpymmap_nvme": {"open_time": 130.37991070747375, "copy_time": 8.290036678314209, "close_persist_time": 16.987278699874878}, "pymm_dram_fs_dax0": {"open_time": 69.07545518875122, "copy_time": 5.178866386413574, "close_persist_time": 2.312509536743164}, "pymm_dram_dev_dax0": {"open_time": 38.329018354415894, "copy_time": 5.150278568267822, "close_persist_time": 2.332798957824707}}