{"numpymmap_nvme": {"open_time": 130.55324697494507, "copy_time": 7.592298984527588, "close_persist_time": 14.16789436340332}, "pymm_dram_fs_dax0": {"open_time": 69.10621333122253, "copy_time": 4.848156452178955, "close_persist_time": 2.230722188949585}, "pymm_dram_dev_dax0": {"open_time": 38.188448429107666, "copy_time": 4.790699243545532, "close_persist_time": 2.275674819946289}}