{"numpymmap_nvme": {"open_time": 126.06644415855408, "copy_time": 7.548369646072388, "close_persist_time": 15.191771507263184}, "pymm_dram_fs_dax0": {"open_time": 69.03110194206238, "copy_time": 4.698441028594971, "close_persist_time": 2.2412257194519043}, "pymm_dram_dev_dax0": {"open_time": 37.47570872306824, "copy_time": 4.74004340171814, "close_persist_time": 2.2802982330322266}}