{"numpymmap_nvme": {"open_time": 130.2673282623291, "copy_time": 30.338592290878296, "close_persist_time": 30.026503801345825}, "pymm_dram_fs_dax0": {"open_time": 70.03677272796631, "copy_time": 14.101026773452759, "close_persist_time": 7.02002215385437}, "pymm_dram_dev_dax0": {"open_time": 38.34364867210388, "copy_time": 12.739621639251709, "close_persist_time": 7.093464136123657}}