{"numpymmap_nvme": {"open_time": 130.60283255577087, "copy_time": 17.573975086212158, "close_persist_time": 13.32538890838623}, "pymm_dram_fs_dax0": {"open_time": 68.07384300231934, "copy_time": 7.819589376449585, "close_persist_time": 3.6669864654541016}, "pymm_dram_dev_dax0": {"open_time": 38.41924858093262, "copy_time": 6.660292387008667, "close_persist_time": 3.6129796504974365}}