{"numpymmap_nvme": {"open_time": 130.41975378990173, "copy_time": 10.119715690612793, "close_persist_time": 15.8230881690979}, "pymm_dram_fs_dax0": {"open_time": 69.18793964385986, "copy_time": 6.365979909896851, "close_persist_time": 2.8645427227020264}, "pymm_dram_dev_dax0": {"open_time": 38.37916159629822, "copy_time": 6.259125232696533, "close_persist_time": 2.8864665031433105}}