{"numpymmap_nvme": {"open_time": 129.96622848510742, "copy_time": 17.4521062374115, "close_persist_time": 13.299452781677246}, "pymm_dram_fs_dax0": {"open_time": 70.08965563774109, "copy_time": 7.8068883419036865, "close_persist_time": 3.6037182807922363}, "pymm_dram_dev_dax0": {"open_time": 37.78971290588379, "copy_time": 6.653702259063721, "close_persist_time": 3.6041321754455566}}