{"numpymmap_nvme": {"open_time": 130.01381015777588, "copy_time": 7.523580551147461, "close_persist_time": 13.920653104782104}, "pymm_dram_fs_dax0": {"open_time": 69.46523904800415, "copy_time": 4.596284627914429, "close_persist_time": 2.208317995071411}, "pymm_dram_dev_dax0": {"open_time": 37.68777060508728, "copy_time": 4.602016925811768, "close_persist_time": 2.1842548847198486}}