{"numpymmap_nvme": {"open_time": 129.92600989341736, "copy_time": 7.758738040924072, "close_persist_time": 14.308096408843994}, "pymm_dram_fs_dax0": {"open_time": 67.81369376182556, "copy_time": 4.674841642379761, "close_persist_time": 2.294416904449463}, "pymm_dram_dev_dax0": {"open_time": 37.72700476646423, "copy_time": 4.634791851043701, "close_persist_time": 2.2997117042541504}}