{"numpymmap_nvme": {"open_time": 130.47603607177734, "copy_time": 30.358978509902954, "close_persist_time": 31.33991813659668}, "pymm_dram_fs_dax0": {"open_time": 68.30959963798523, "copy_time": 14.031875610351562, "close_persist_time": 7.086440086364746}, "pymm_dram_dev_dax0": {"open_time": 37.94398331642151, "copy_time": 12.597843408584595, "close_persist_time": 7.142861366271973}}