{"numpymmap_nvme": {"open_time": 129.71083760261536, "copy_time": 10.332251787185669, "close_persist_time": 16.85309886932373}, "pymm_dram_fs_dax0": {"open_time": 70.44195437431335, "copy_time": 6.455363988876343, "close_persist_time": 2.8772642612457275}, "pymm_dram_dev_dax0": {"open_time": 37.87194466590881, "copy_time": 6.32119345664978, "close_persist_time": 2.9351284503936768}}