{"numpymmap_nvme": {"open_time": 130.03658246994019, "copy_time": 8.147035360336304, "close_persist_time": 15.853447914123535}, "pymm_dram_fs_dax0": {"open_time": 67.2922751903534, "copy_time": 5.028728246688843, "close_persist_time": 2.2840049266815186}, "pymm_dram_dev_dax0": {"open_time": 38.19350624084473, "copy_time": 4.990378379821777, "close_persist_time": 2.3157758712768555}}