{"numpymmap_nvme": {"open_time": 130.80131816864014, "copy_time": 13.711435317993164, "close_persist_time": 9.609853267669678}, "pymm_dram_fs_dax0": {"open_time": 67.09333086013794, "copy_time": 8.287696123123169, "close_persist_time": 9.287426710128784}, "pymm_dram_dev_dax0": {"open_time": 38.17370057106018, "copy_time": 7.848377704620361, "close_persist_time": 9.304987668991089}}