{"numpymmap_nvme": {"open_time": 129.98834586143494, "copy_time": 17.5375657081604, "close_persist_time": 13.42019510269165}, "pymm_dram_fs_dax0": {"open_time": 68.26193046569824, "copy_time": 7.805957078933716, "close_persist_time": 3.6027987003326416}, "pymm_dram_dev_dax0": {"open_time": 38.367591857910156, "copy_time": 6.636318206787109, "close_persist_time": 3.5788919925689697}}