{"numpymmap_nvme": {"open_time": 130.22175550460815, "copy_time": 8.40861964225769, "close_persist_time": 14.068765878677368}, "pymm_dram_fs_dax0": {"open_time": 69.14031171798706, "copy_time": 4.9697630405426025, "close_persist_time": 2.3323140144348145}, "pymm_dram_dev_dax0": {"open_time": 37.62357187271118, "copy_time": 4.933606863021851, "close_persist_time": 2.3090121746063232}}