{"numpymmap_nvme": {"open_time": 130.27382349967957, "copy_time": 10.357023239135742, "close_persist_time": 18.635714769363403}, "pymm_dram_fs_dax0": {"open_time": 68.28993320465088, "copy_time": 6.388778448104858, "close_persist_time": 2.8107378482818604}, "pymm_dram_dev_dax0": {"open_time": 38.29699492454529, "copy_time": 6.276817083358765, "close_persist_time": 2.8050284385681152}}