{"numpymmap_nvme": {"open_time": 130.06048488616943, "copy_time": 7.720212936401367, "close_persist_time": 14.675134181976318}, "pymm_dram_fs_dax0": {"open_time": 67.98312973976135, "copy_time": 4.837801456451416, "close_persist_time": 2.2286555767059326}, "pymm_dram_dev_dax0": {"open_time": 38.05279088020325, "copy_time": 4.8716819286346436, "close_persist_time": 2.2289540767669678}}