{"numpymmap_nvme": {"open_time": 130.62681007385254, "copy_time": 13.641090869903564, "close_persist_time": 9.58863377571106}, "pymm_dram_fs_dax0": {"open_time": 71.46242022514343, "copy_time": 8.342681169509888, "close_persist_time": 9.299855709075928}, "pymm_dram_dev_dax0": {"open_time": 38.164684772491455, "copy_time": 7.844721794128418, "close_persist_time": 9.306048154830933}}