{"numpymmap_nvme": {"open_time": 130.16093587875366, "copy_time": 7.788041830062866, "close_persist_time": 15.648604393005371}, "pymm_dram_fs_dax0": {"open_time": 69.85667419433594, "copy_time": 4.855585813522339, "close_persist_time": 2.259331226348877}, "pymm_dram_dev_dax0": {"open_time": 38.05847764015198, "copy_time": 4.935487747192383, "close_persist_time": 2.2485198974609375}}