{"numpymmap_nvme": {"open_time": 130.3424894809723, "copy_time": 10.206950187683105, "close_persist_time": 18.746840238571167}, "pymm_dram_fs_dax0": {"open_time": 71.00387644767761, "copy_time": 6.412760496139526, "close_persist_time": 2.882627487182617}, "pymm_dram_dev_dax0": {"open_time": 38.38113260269165, "copy_time": 6.35624885559082, "close_persist_time": 2.8722329139709473}}