{"numpymmap_nvme": {"open_time": 130.64281272888184, "copy_time": 13.729527950286865, "close_persist_time": 9.656123876571655}, "pymm_dram_fs_dax0": {"open_time": 69.29003286361694, "copy_time": 8.23099136352539, "close_persist_time": 9.277105569839478}, "pymm_dram_dev_dax0": {"open_time": 38.127665519714355, "copy_time": 7.814182996749878, "close_persist_time": 9.305772066116333}}