{"numpymmap_nvme": {"open_time": 129.82872533798218, "copy_time": 7.727457284927368, "close_persist_time": 13.814114570617676}, "pymm_dram_fs_dax0": {"open_time": 68.96490240097046, "copy_time": 4.708358287811279, "close_persist_time": 2.2374367713928223}, "pymm_dram_dev_dax0": {"open_time": 37.660677909851074, "copy_time": 4.664379835128784, "close_persist_time": 2.2593696117401123}}