{"numpymmap_nvme": {"open_time": 130.52124404907227, "copy_time": 30.430838108062744, "close_persist_time": 31.53402876853943}, "pymm_dram_fs_dax0": {"open_time": 67.94194293022156, "copy_time": 14.177189588546753, "close_persist_time": 7.220509052276611}, "pymm_dram_dev_dax0": {"open_time": 38.18699049949646, "copy_time": 12.84075927734375, "close_persist_time": 7.338038921356201}}