{"numpymmap_nvme": {"open_time": 130.3724648952484, "copy_time": 17.46539616584778, "close_persist_time": 13.318506240844727}, "pymm_dram_fs_dax0": {"open_time": 67.9352240562439, "copy_time": 7.721935510635376, "close_persist_time": 3.5702459812164307}, "pymm_dram_dev_dax0": {"open_time": 38.19106364250183, "copy_time": 6.635018348693848, "close_persist_time": 3.612689256668091}}