{"numpymmap_nvme": {"open_time": 129.64715027809143, "copy_time": 7.545105695724487, "close_persist_time": 13.740416765213013}, "pymm_dram_fs_dax0": {"open_time": 70.97355961799622, "copy_time": 4.641160726547241, "close_persist_time": 2.213916063308716}, "pymm_dram_dev_dax0": {"open_time": 38.36073040962219, "copy_time": 4.67312479019165, "close_persist_time": 2.2430620193481445}}