{"numpymmap_nvme": {"open_time": 130.07137751579285, "copy_time": 30.458706617355347, "close_persist_time": 32.75705075263977}, "pymm_dram_fs_dax0": {"open_time": 69.39273881912231, "copy_time": 14.005856990814209, "close_persist_time": 7.03670859336853}, "pymm_dram_dev_dax0": {"open_time": 37.96744513511658, "copy_time": 12.706695318222046, "close_persist_time": 7.132690906524658}}