{"numpymmap_nvme": {"open_time": 130.4409885406494, "copy_time": 13.639182329177856, "close_persist_time": 9.627655029296875}, "pymm_dram_fs_dax0": {"open_time": 69.58325529098511, "copy_time": 8.233457565307617, "close_persist_time": 9.284366607666016}, "pymm_dram_dev_dax0": {"open_time": 37.90320563316345, "copy_time": 7.836855888366699, "close_persist_time": 9.303847789764404}}