{"numpymmap_nvme": {"open_time": 130.67159628868103, "copy_time": 8.361734867095947, "close_persist_time": 15.51962685585022}, "pymm_dram_fs_dax0": {"open_time": 70.11395215988159, "copy_time": 4.892640590667725, "close_persist_time": 2.3303680419921875}, "pymm_dram_dev_dax0": {"open_time": 38.142444372177124, "copy_time": 4.9338059425354, "close_persist_time": 2.297370672225952}}