{"numpymmap_nvme": {"open_time": 130.41306853294373, "copy_time": 10.279178142547607, "close_persist_time": 16.851906776428223}, "pymm_dram_fs_dax0": {"open_time": 68.38002681732178, "copy_time": 6.361006021499634, "close_persist_time": 2.8885130882263184}, "pymm_dram_dev_dax0": {"open_time": 38.16263031959534, "copy_time": 6.229469299316406, "close_persist_time": 2.863466501235962}}