{"numpymmap_nvme": {"open_time": 130.3884093761444, "copy_time": 7.703917980194092, "close_persist_time": 15.125486373901367}, "pymm_dram_fs_dax0": {"open_time": 69.58707165718079, "copy_time": 4.79736065864563, "close_persist_time": 2.3003361225128174}, "pymm_dram_dev_dax0": {"open_time": 38.20967483520508, "copy_time": 4.848875045776367, "close_persist_time": 2.320773124694824}}