{"dram": {"open_time": 0, "copy_time": 125.51735401153564, "close_persist_time": 0}, "pymm_dram_fs_dax0": {"open_time": 0.09924674034118652, "copy_time": 100.33399081230164, "close_persist_time": 0.12200164794921875}, "pymm_dram_dev_dax0": {"open_time": 0.0055255889892578125, "copy_time": 59.5082061290741, "close_persist_time": 0.12175273895263672}, "pymm_dram_nvme": {"open_time": 0.08954977989196777, "copy_time": 232.49030303955078, "close_persist_time": 0.17535138130187988}, "ndarray_save_dram_nvme": {"open_time": 0, "copy_time": 119.24514532089233, "close_persist_time": 0}}