{"dram": {"open_time": 0, "copy_time": 125.65445065498352, "close_persist_time": 0}, "pymm_dram_fs_dax0": {"open_time": 0.08629035949707031, "copy_time": 99.27348113059998, "close_persist_time": 0.12251925468444824}, "pymm_dram_dev_dax0": {"open_time": 0.005525112152099609, "copy_time": 59.43130803108215, "close_persist_time": 0.12247014045715332}, "pymm_dram_nvme": {"open_time": 0.09219169616699219, "copy_time": 232.19834685325623, "close_persist_time": 0.1753401756286621}, "ndarray_save_dram_nvme": {"open_time": 0, "copy_time": 122.8879623413086, "close_persist_time": 0}}