{"dram": {"open_time": 0, "copy_time": 125.70629978179932, "close_persist_time": 0}, "pymm_dram_fs_dax0": {"open_time": 0.08542084693908691, "copy_time": 99.55516695976257, "close_persist_time": 0.12181425094604492}, "pymm_dram_dev_dax0": {"open_time": 0.0055849552154541016, "copy_time": 59.424692153930664, "close_persist_time": 0.12190461158752441}, "pymm_dram_nvme": {"open_time": 0.10046172142028809, "copy_time": 233.4004888534546, "close_persist_time": 0.17502737045288086}, "ndarray_save_dram_nvme": {"open_time": 0, "copy_time": 120.00596690177917, "close_persist_time": 0}}