{"dram": {"open_time": 0, "copy_time": 126.5312979221344, "close_persist_time": 0}, "pymm_dram_fs_dax0": {"open_time": 0.0961155891418457, "copy_time": 100.37167143821716, "close_persist_time": 0.1225285530090332}, "pymm_dram_dev_dax0": {"open_time": 0.0054454803466796875, "copy_time": 60.14455580711365, "close_persist_time": 0.12190628051757812}, "pymm_dram_nvme": {"open_time": 0.08863949775695801, "copy_time": 234.9758276939392, "close_persist_time": 0.22402620315551758}, "ndarray_save_dram_nvme": {"open_time": 0, "copy_time": 133.39536714553833, "close_persist_time": 0}}