{"dram": {"open_time": 0, "copy_time": 126.2439637184143, "close_persist_time": 0}, "pymm_dram_fs_dax0": {"open_time": 0.0838930606842041, "copy_time": 100.18929553031921, "close_persist_time": 0.12205767631530762}, "pymm_dram_dev_dax0": {"open_time": 0.005539417266845703, "copy_time": 59.8077654838562, "close_persist_time": 0.12204480171203613}, "pymm_dram_nvme": {"open_time": 0.08451366424560547, "copy_time": 233.49257111549377, "close_persist_time": 0.23804736137390137}, "ndarray_save_dram_nvme": {"open_time": 0, "copy_time": 121.57584977149963, "close_persist_time": 0}}