{"dram": {"open_time": 0, "copy_time": 125.8299150466919, "close_persist_time": 0}, "pymm_dram_fs_dax0": {"open_time": 0.08460569381713867, "copy_time": 101.37288403511047, "close_persist_time": 0.12241029739379883}, "pymm_dram_dev_dax0": {"open_time": 0.005500078201293945, "copy_time": 60.1423077583313, "close_persist_time": 0.12203049659729004}, "pymm_dram_nvme": {"open_time": 0.08745884895324707, "copy_time": 233.35599303245544, "close_persist_time": 0.17533230781555176}, "ndarray_save_dram_nvme": {"open_time": 0, "copy_time": 133.94764018058777, "close_persist_time": 0}}