{"dram": {"open_time": 0, "copy_time": 125.8025050163269, "close_persist_time": 0}, "pymm_dram_fs_dax0": {"open_time": 0.09482169151306152, "copy_time": 101.57921171188354, "close_persist_time": 0.12237048149108887}, "pymm_dram_dev_dax0": {"open_time": 0.005533933639526367, "copy_time": 60.16090726852417, "close_persist_time": 0.1219937801361084}, "pymm_dram_nvme": {"open_time": 0.0830378532409668, "copy_time": 234.5896396636963, "close_persist_time": 0.23477578163146973}, "ndarray_save_dram_nvme": {"open_time": 0, "copy_time": 124.28277969360352, "close_persist_time": 0}}