{"dram": {"open_time": 0, "copy_time": 126.34802532196045, "close_persist_time": 0}, "pymm_dram_fs_dax0": {"open_time": 0.08449006080627441, "copy_time": 99.94123268127441, "close_persist_time": 0.12235856056213379}, "pymm_dram_dev_dax0": {"open_time": 0.005542755126953125, "copy_time": 59.87822079658508, "close_persist_time": 0.12228989601135254}, "pymm_dram_nvme": {"open_time": 0.07871317863464355, "copy_time": 231.84186625480652, "close_persist_time": 0.17533516883850098}, "ndarray_save_dram_nvme": {"open_time": 0, "copy_time": 131.69186449050903, "close_persist_time": 0}}