{"dram": {"open_time": 0, "copy_time": 125.87642550468445, "close_persist_time": 0}, "pymm_dram_fs_dax0": {"open_time": 0.08579444885253906, "copy_time": 100.21679854393005, "close_persist_time": 0.12180614471435547}, "pymm_dram_dev_dax0": {"open_time": 0.005524873733520508, "copy_time": 60.15039944648743, "close_persist_time": 0.12207579612731934}, "pymm_dram_nvme": {"open_time": 0.07934331893920898, "copy_time": 232.29172015190125, "close_persist_time": 0.2375185489654541}, "ndarray_save_dram_nvme": {"open_time": 0, "copy_time": 124.98306274414062, "close_persist_time": 0}}