{"dram": {"open_time": 0, "copy_time": 126.10720157623291, "close_persist_time": 0}, "pymm_dram_fs_dax0": {"open_time": 0.09713864326477051, "copy_time": 100.32467484474182, "close_persist_time": 0.12163758277893066}, "pymm_dram_dev_dax0": {"open_time": 0.005507707595825195, "copy_time": 59.79938006401062, "close_persist_time": 0.1219339370727539}, "pymm_dram_nvme": {"open_time": 0.1064908504486084, "copy_time": 232.93551063537598, "close_persist_time": 0.1764233112335205}, "ndarray_save_dram_nvme": {"open_time": 0, "copy_time": 134.55801939964294, "close_persist_time": 0}}