{"dram": {"open_time": 0, "copy_time": 124.46621203422546, "close_persist_time": 0}, "pymm_dram_fs_dax0": {"open_time": 0.09735918045043945, "copy_time": 98.88548946380615, "close_persist_time": 0.12115073204040527}, "pymm_dram_dev_dax0": {"open_time": 0.005478620529174805, "copy_time": 60.03003764152527, "close_persist_time": 0.12177491188049316}, "pymm_dram_nvme": {"open_time": 0.13857150077819824, "copy_time": 235.38987588882446, "close_persist_time": 0.17543339729309082}, "ndarray_save_dram_nvme": {"open_time": 0, "copy_time": 125.92631387710571, "close_persist_time": 0}}