{"dram": {"open_time": 0, "copy_time": 126.4447238445282, "close_persist_time": 0}, "pymm_dram_fs_dax0": {"open_time": 0.08594751358032227, "copy_time": 101.08025407791138, "close_persist_time": 0.12234115600585938}, "pymm_dram_dev_dax0": {"open_time": 0.005520820617675781, "copy_time": 60.177077531814575, "close_persist_time": 0.12187385559082031}, "pymm_dram_nvme": {"open_time": 0.08355236053466797, "copy_time": 233.6356177330017, "close_persist_time": 0.1768338680267334}, "ndarray_save_dram_nvme": {"open_time": 0, "copy_time": 122.73291850090027, "close_persist_time": 0}}