{"dram": {"open_time": 0, "copy_time": 124.7000150680542, "close_persist_time": 0}, "pymm_dram_fs_dax0": {"open_time": 0.08623695373535156, "copy_time": 99.77550864219666, "close_persist_time": 0.12241601943969727}, "pymm_dram_dev_dax0": {"open_time": 0.005418062210083008, "copy_time": 60.01751947402954, "close_persist_time": 0.12198543548583984}, "pymm_dram_nvme": {"open_time": 0.08230137825012207, "copy_time": 235.43225145339966, "close_persist_time": 0.17586112022399902}, "ndarray_save_dram_nvme": {"open_time": 0, "copy_time": 121.13754510879517, "close_persist_time": 0}}