{"dram": {"open_time": 0, "copy_time": 124.6067705154419, "close_persist_time": 0}, "pymm_dram_fs_dax0": {"open_time": 0.09925270080566406, "copy_time": 100.30367016792297, "close_persist_time": 0.12206459045410156}, "pymm_dram_dev_dax0": {"open_time": 0.0054547786712646484, "copy_time": 59.824532985687256, "close_persist_time": 0.1211540699005127}, "pymm_dram_nvme": {"open_time": 0.1270914077758789, "copy_time": 232.29972410202026, "close_persist_time": 0.22477245330810547}, "ndarray_save_dram_nvme": {"open_time": 0, "copy_time": 121.9110951423645, "close_persist_time": 0}}