{"dram": {"open_time": 0, "copy_time": 125.35236287117004, "close_persist_time": 0}, "pymm_dram_fs_dax0": {"open_time": 0.08480000495910645, "copy_time": 101.72224354743958, "close_persist_time": 0.12227797508239746}, "pymm_dram_dev_dax0": {"open_time": 0.005521297454833984, "copy_time": 59.997042417526245, "close_persist_time": 0.12186121940612793}, "pymm_dram_nvme": {"open_time": 0.10102701187133789, "copy_time": 234.3008668422699, "close_persist_time": 0.17500829696655273}, "ndarray_save_dram_nvme": {"open_time": 0, "copy_time": 121.90338802337646, "close_persist_time": 0}}