{"dram": {"open_time": 0, "copy_time": 125.53556656837463, "close_persist_time": 0}, "pymm_dram_fs_dax0": {"open_time": 0.09988856315612793, "copy_time": 100.26725935935974, "close_persist_time": 0.12223243713378906}, "pymm_dram_dev_dax0": {"open_time": 0.0054819583892822266, "copy_time": 60.16688251495361, "close_persist_time": 0.1222071647644043}, "pymm_dram_nvme": {"open_time": 0.1080465316772461, "copy_time": 232.56386065483093, "close_persist_time": 0.2340390682220459}, "ndarray_save_dram_nvme": {"open_time": 0, "copy_time": 121.70446443557739, "close_persist_time": 0}}