{"dram": {"open_time": 0, "copy_time": 125.18245768547058, "close_persist_time": 0}, "pymm_dram_fs_dax0": {"open_time": 0.08600163459777832, "copy_time": 100.13273358345032, "close_persist_time": 0.12234067916870117}, "pymm_dram_dev_dax0": {"open_time": 0.0055294036865234375, "copy_time": 59.69360089302063, "close_persist_time": 0.1218404769897461}, "pymm_dram_nvme": {"open_time": 0.10018301010131836, "copy_time": 233.7665514945984, "close_persist_time": 0.17493224143981934}, "ndarray_save_dram_nvme": {"open_time": 0, "copy_time": 119.97251987457275, "close_persist_time": 0}}