{"dram": {"open_time": 0, "copy_time": 125.71832823753357, "close_persist_time": 0}, "pymm_dram_fs_dax0": {"open_time": 0.09584760665893555, "copy_time": 100.18909692764282, "close_persist_time": 0.12157297134399414}, "pymm_dram_dev_dax0": {"open_time": 0.005524635314941406, "copy_time": 59.58620524406433, "close_persist_time": 0.12110233306884766}, "pymm_dram_nvme": {"open_time": 0.13080930709838867, "copy_time": 232.76414227485657, "close_persist_time": 0.17524147033691406}, "ndarray_save_dram_nvme": {"open_time": 0, "copy_time": 121.16025567054749, "close_persist_time": 0}}