{"dram": {"open_time": 0, "copy_time": 125.24060201644897, "close_persist_time": 0}, "pymm_dram_fs_dax0": {"open_time": 0.08589506149291992, "copy_time": 100.55434107780457, "close_persist_time": 0.12161803245544434}, "pymm_dram_dev_dax0": {"open_time": 0.00550079345703125, "copy_time": 60.035301208496094, "close_persist_time": 0.12146568298339844}, "pymm_dram_nvme": {"open_time": 0.09125161170959473, "copy_time": 231.07591247558594, "close_persist_time": 0.1748802661895752}, "ndarray_save_dram_nvme": {"open_time": 0, "copy_time": 122.91211152076721, "close_persist_time": 0}}