{"dram": {"open_time": 0, "copy_time": 125.33017778396606, "close_persist_time": 0}, "pymm_dram_fs_dax0": {"open_time": 0.0842137336730957, "copy_time": 100.31684947013855, "close_persist_time": 0.12233090400695801}, "pymm_dram_dev_dax0": {"open_time": 0.00553131103515625, "copy_time": 59.464940547943115, "close_persist_time": 0.12129497528076172}, "pymm_dram_nvme": {"open_time": 0.0980677604675293, "copy_time": 233.60489153862, "close_persist_time": 0.17529916763305664}, "ndarray_save_dram_nvme": {"open_time": 0, "copy_time": 124.40467262268066, "close_persist_time": 0}}