{"numpymmap_nvme": {"open_time": 0.01327061653137207, "copy_time": 237.0601406097412, "close_persist_time": 1.535470724105835}, "numpymmap_fs_dax0": {"open_time": 0.0036618709564208984, "copy_time": 99.23900866508484, "close_persist_time": 73.43853187561035}}