{"numpymmap_nvme": {"open_time": 0.022397994995117188, "copy_time": 236.47282457351685, "close_persist_time": 0.765549898147583}, "numpymmap_fs_dax0": {"open_time": 0.0037331581115722656, "copy_time": 99.08235764503479, "close_persist_time": 73.38723301887512}}