{"numpymmap_nvme": {"open_time": 0.013663530349731445, "copy_time": 236.26068425178528, "close_persist_time": 1.0148937702178955}, "numpymmap_fs_dax0": {"open_time": 0.0037109851837158203, "copy_time": 99.13919019699097, "close_persist_time": 73.316641330719}}