{"dram": {"open_time": 0, "copy_time": 4.632896661758423, "close_persist_time": 0}, "pickle_dram_nvme": {"open_time": 5.698204040527344e-05, "copy_time": 15.284967422485352, "close_persist_time": 1.5974044799804688e-05}, "pickle_dram_fs_dax0": {"open_time": 4.601478576660156e-05, "copy_time": 15.804491996765137, "close_persist_time": 1.7642974853515625e-05}, "pickle_dram_fs_dax1": {"open_time": 4.0531158447265625e-05, "copy_time": 32.06646704673767, "close_persist_time": 1.5020370483398438e-05}, "pymm_dram_fs_dax0": {"open_time": 0.016899585723876953, "copy_time": 6.65787935256958, "close_persist_time": 0.01938652992248535}, "pymm_dram_fs_dax1": {"open_time": 0.017421483993530273, "copy_time": 23.894985914230347, "close_persist_time": 0.019295930862426758}, "pymm_dram_dev_dax0": {"open_time": 0.003338336944580078, "copy_time": 3.9814236164093018, "close_persist_time": 0.019561290740966797}, "pymm_dram_dev_dax1": {"open_time": 0.003464221954345703, "copy_time": 14.942749500274658, "close_persist_time": 0.019181251525878906}, "pymm_dram_nvme": {"open_time": 0.017759323120117188, "copy_time": 9.563493251800537, "close_persist_time": 0.019139766693115234}, "ndarray_save_dram_nvme": {"open_time": 0, "copy_time": 7.548689126968384, "close_persist_time": 0}, "ndarray_save_dram_fs_dax0": {"open_time": 0, "copy_time": 6.6943488121032715, "close_persist_time": 0}, "ndarray_save_dram_fs_dax1": {"open_time": 0, "copy_time": 23.291154623031616, "close_persist_time": 0}}