{"dram": {"open_time": 0, "copy_time": 4.580042123794556, "close_persist_time": 0}, "pickle_dram_nvme": {"open_time": 6.008148193359375e-05, "copy_time": 14.978417873382568, "close_persist_time": 1.6450881958007812e-05}, "pickle_dram_fs_dax0": {"open_time": 5.0067901611328125e-05, "copy_time": 15.706666469573975, "close_persist_time": 1.7642974853515625e-05}, "pickle_dram_fs_dax1": {"open_time": 4.315376281738281e-05, "copy_time": 32.031890869140625, "close_persist_time": 1.52587890625e-05}, "pymm_dram_fs_dax0": {"open_time": 0.01702570915222168, "copy_time": 6.580586910247803, "close_persist_time": 0.01957535743713379}, "pymm_dram_fs_dax1": {"open_time": 0.017348766326904297, "copy_time": 23.837719678878784, "close_persist_time": 0.019387245178222656}, "pymm_dram_dev_dax0": {"open_time": 0.0033752918243408203, "copy_time": 4.003203630447388, "close_persist_time": 0.01929783821105957}, "pymm_dram_dev_dax1": {"open_time": 0.0034673213958740234, "copy_time": 14.948184967041016, "close_persist_time": 0.0192716121673584}, "pymm_dram_nvme": {"open_time": 0.013745307922363281, "copy_time": 9.567641019821167, "close_persist_time": 0.01904296875}, "ndarray_save_dram_nvme": {"open_time": 0, "copy_time": 7.654423713684082, "close_persist_time": 0}, "ndarray_save_dram_fs_dax0": {"open_time": 0, "copy_time": 6.705151557922363, "close_persist_time": 0}, "ndarray_save_dram_fs_dax1": {"open_time": 0, "copy_time": 23.328036308288574, "close_persist_time": 0}}