{"dram": {"open_time": 0, "copy_time": 4.5846617221832275, "close_persist_time": 0}, "pickle_dram_nvme": {"open_time": 5.626678466796875e-05, "copy_time": 15.231659173965454, "close_persist_time": 1.52587890625e-05}, "pickle_dram_fs_dax0": {"open_time": 4.839897155761719e-05, "copy_time": 15.850023746490479, "close_persist_time": 1.7404556274414062e-05}, "pickle_dram_fs_dax1": {"open_time": 4.1961669921875e-05, "copy_time": 32.04255652427673, "close_persist_time": 1.7404556274414062e-05}, "pymm_dram_fs_dax0": {"open_time": 0.017176389694213867, "copy_time": 6.655409574508667, "close_persist_time": 0.019561290740966797}, "pymm_dram_fs_dax1": {"open_time": 0.01755833625793457, "copy_time": 23.85288143157959, "close_persist_time": 0.019099712371826172}, "pymm_dram_dev_dax0": {"open_time": 0.003316640853881836, "copy_time": 3.9106953144073486, "close_persist_time": 0.019180774688720703}, "pymm_dram_dev_dax1": {"open_time": 0.0034532546997070312, "copy_time": 14.981276750564575, "close_persist_time": 0.019255399703979492}, "pymm_dram_nvme": {"open_time": 0.013943672180175781, "copy_time": 9.581429481506348, "close_persist_time": 0.01905202865600586}, "ndarray_save_dram_nvme": {"open_time": 0, "copy_time": 7.51065468788147, "close_persist_time": 0}, "ndarray_save_dram_fs_dax0": {"open_time": 0, "copy_time": 6.770716905593872, "close_persist_time": 0}, "ndarray_save_dram_fs_dax1": {"open_time": 0, "copy_time": 23.29701018333435, "close_persist_time": 0}}