{"dram": {"open_time": 0, "copy_time": 4.568604469299316, "close_persist_time": 0}, "pickle_dram_nvme": {"open_time": 5.936622619628906e-05, "copy_time": 15.327876091003418, "close_persist_time": 1.5735626220703125e-05}, "pickle_dram_fs_dax0": {"open_time": 4.57763671875e-05, "copy_time": 15.7573721408844, "close_persist_time": 1.9073486328125e-05}, "pickle_dram_fs_dax1": {"open_time": 4.124641418457031e-05, "copy_time": 32.01231360435486, "close_persist_time": 1.9073486328125e-05}, "pymm_dram_fs_dax0": {"open_time": 0.017066478729248047, "copy_time": 6.6499128341674805, "close_persist_time": 0.01935124397277832}, "pymm_dram_fs_dax1": {"open_time": 0.017373085021972656, "copy_time": 23.87108325958252, "close_persist_time": 0.019330739974975586}, "pymm_dram_dev_dax0": {"open_time": 0.0033407211303710938, "copy_time": 3.9614551067352295, "close_persist_time": 0.019283294677734375}, "pymm_dram_dev_dax1": {"open_time": 0.0035262107849121094, "copy_time": 14.975298166275024, "close_persist_time": 0.019268274307250977}, "pymm_dram_nvme": {"open_time": 0.014105081558227539, "copy_time": 9.531107187271118, "close_persist_time": 0.019025325775146484}, "ndarray_save_dram_nvme": {"open_time": 0, "copy_time": 7.6893470287323, "close_persist_time": 0}, "ndarray_save_dram_fs_dax0": {"open_time": 0, "copy_time": 6.760002613067627, "close_persist_time": 0}, "ndarray_save_dram_fs_dax1": {"open_time": 0, "copy_time": 23.30514430999756, "close_persist_time": 0}}