{"dram": {"open_time": 0, "copy_time": 4.632606267929077, "close_persist_time": 0}, "pickle_dram_nvme": {"open_time": 6.365776062011719e-05, "copy_time": 15.31811809539795, "close_persist_time": 1.5497207641601562e-05}, "pickle_dram_fs_dax0": {"open_time": 4.887580871582031e-05, "copy_time": 15.77217698097229, "close_persist_time": 1.8596649169921875e-05}, "pickle_dram_fs_dax1": {"open_time": 4.38690185546875e-05, "copy_time": 32.03240966796875, "close_persist_time": 1.9311904907226562e-05}, "pymm_dram_fs_dax0": {"open_time": 0.0170137882232666, "copy_time": 6.646833896636963, "close_persist_time": 0.019385337829589844}, "pymm_dram_fs_dax1": {"open_time": 0.01734447479248047, "copy_time": 23.857179164886475, "close_persist_time": 0.01902484893798828}, "pymm_dram_dev_dax0": {"open_time": 0.0033452510833740234, "copy_time": 4.006252765655518, "close_persist_time": 0.019179582595825195}, "pymm_dram_dev_dax1": {"open_time": 0.003462076187133789, "copy_time": 14.937609672546387, "close_persist_time": 0.019196033477783203}, "pymm_dram_nvme": {"open_time": 0.013695001602172852, "copy_time": 9.62517786026001, "close_persist_time": 0.019069194793701172}, "ndarray_save_dram_nvme": {"open_time": 0, "copy_time": 7.5700671672821045, "close_persist_time": 0}, "ndarray_save_dram_fs_dax0": {"open_time": 0, "copy_time": 6.721105575561523, "close_persist_time": 0}, "ndarray_save_dram_fs_dax1": {"open_time": 0, "copy_time": 23.300271034240723, "close_persist_time": 0}}