{"dram": {"open_time": 0, "copy_time": 4.640695571899414, "close_persist_time": 0}, "pickle_dram_nvme": {"open_time": 5.7697296142578125e-05, "copy_time": 15.074920177459717, "close_persist_time": 1.52587890625e-05}, "pickle_dram_fs_dax0": {"open_time": 4.506111145019531e-05, "copy_time": 15.675876379013062, "close_persist_time": 1.7404556274414062e-05}, "pickle_dram_fs_dax1": {"open_time": 4.2438507080078125e-05, "copy_time": 32.040345668792725, "close_persist_time": 1.5020370483398438e-05}, "pymm_dram_fs_dax0": {"open_time": 0.017023563385009766, "copy_time": 6.655045986175537, "close_persist_time": 0.019795894622802734}, "pymm_dram_fs_dax1": {"open_time": 0.0173795223236084, "copy_time": 23.89570713043213, "close_persist_time": 0.019494295120239258}, "pymm_dram_dev_dax0": {"open_time": 0.0033919811248779297, "copy_time": 4.024882793426514, "close_persist_time": 0.019505023956298828}, "pymm_dram_dev_dax1": {"open_time": 0.003451108932495117, "copy_time": 14.938478231430054, "close_persist_time": 0.019269466400146484}, "pymm_dram_nvme": {"open_time": 0.01368856430053711, "copy_time": 9.583249568939209, "close_persist_time": 0.01918816566467285}, "ndarray_save_dram_nvme": {"open_time": 0, "copy_time": 7.515172719955444, "close_persist_time": 0}, "ndarray_save_dram_fs_dax0": {"open_time": 0, "copy_time": 6.779658079147339, "close_persist_time": 0}, "ndarray_save_dram_fs_dax1": {"open_time": 0, "copy_time": 23.297112464904785, "close_persist_time": 0}}