{"dram": {"open_time": 0, "copy_time": 4.621190071105957, "close_persist_time": 0}, "pickle_dram_nvme": {"open_time": 6.0558319091796875e-05, "copy_time": 15.253253698348999, "close_persist_time": 1.6450881958007812e-05}, "pickle_dram_fs_dax0": {"open_time": 4.601478576660156e-05, "copy_time": 15.812102794647217, "close_persist_time": 1.5974044799804688e-05}, "pickle_dram_fs_dax1": {"open_time": 4.1484832763671875e-05, "copy_time": 31.983940362930298, "close_persist_time": 1.6689300537109375e-05}, "pymm_dram_fs_dax0": {"open_time": 0.01703619956970215, "copy_time": 6.638826370239258, "close_persist_time": 0.01950240135192871}, "pymm_dram_fs_dax1": {"open_time": 0.01734018325805664, "copy_time": 23.848149061203003, "close_persist_time": 0.01932239532470703}, "pymm_dram_dev_dax0": {"open_time": 0.0033736228942871094, "copy_time": 3.98732852935791, "close_persist_time": 0.019263029098510742}, "pymm_dram_dev_dax1": {"open_time": 0.003482341766357422, "copy_time": 14.947939395904541, "close_persist_time": 0.019338607788085938}, "pymm_dram_nvme": {"open_time": 0.014101028442382812, "copy_time": 9.669068098068237, "close_persist_time": 0.019070863723754883}, "ndarray_save_dram_nvme": {"open_time": 0, "copy_time": 7.515882253646851, "close_persist_time": 0}, "ndarray_save_dram_fs_dax0": {"open_time": 0, "copy_time": 6.745814323425293, "close_persist_time": 0}, "ndarray_save_dram_fs_dax1": {"open_time": 0, "copy_time": 23.29360580444336, "close_persist_time": 0}}