{"dram": {"open_time": 0, "copy_time": 4.637014865875244, "close_persist_time": 0}, "pickle_dram_nvme": {"open_time": 6.461143493652344e-05, "copy_time": 15.26983380317688, "close_persist_time": 1.5735626220703125e-05}, "pickle_dram_fs_dax0": {"open_time": 4.9114227294921875e-05, "copy_time": 15.7407865524292, "close_persist_time": 1.71661376953125e-05}, "pickle_dram_fs_dax1": {"open_time": 4.291534423828125e-05, "copy_time": 32.08366632461548, "close_persist_time": 1.6450881958007812e-05}, "pymm_dram_fs_dax0": {"open_time": 0.017099857330322266, "copy_time": 6.585529088973999, "close_persist_time": 0.01957392692565918}, "pymm_dram_fs_dax1": {"open_time": 0.017273664474487305, "copy_time": 23.8781955242157, "close_persist_time": 0.019278764724731445}, "pymm_dram_dev_dax0": {"open_time": 0.00334930419921875, "copy_time": 3.9911625385284424, "close_persist_time": 0.019161701202392578}, "pymm_dram_dev_dax1": {"open_time": 0.003443002700805664, "copy_time": 14.943868160247803, "close_persist_time": 0.019275426864624023}, "pymm_dram_nvme": {"open_time": 0.013581991195678711, "copy_time": 9.564929246902466, "close_persist_time": 0.01884913444519043}, "ndarray_save_dram_nvme": {"open_time": 0, "copy_time": 7.52297306060791, "close_persist_time": 0}, "ndarray_save_dram_fs_dax0": {"open_time": 0, "copy_time": 6.743147850036621, "close_persist_time": 0}, "ndarray_save_dram_fs_dax1": {"open_time": 0, "copy_time": 23.30851936340332, "close_persist_time": 0}}