{"dram": {"open_time": 0, "copy_time": 4.569811582565308, "close_persist_time": 0}, "pickle_dram_nvme": {"open_time": 6.031990051269531e-05, "copy_time": 15.167479276657104, "close_persist_time": 1.5497207641601562e-05}, "pickle_dram_fs_dax0": {"open_time": 4.482269287109375e-05, "copy_time": 16.005531549453735, "close_persist_time": 1.7404556274414062e-05}, "pickle_dram_fs_dax1": {"open_time": 4.291534423828125e-05, "copy_time": 31.917908668518066, "close_persist_time": 1.7642974853515625e-05}, "pymm_dram_fs_dax0": {"open_time": 0.017144203186035156, "copy_time": 6.5970778465271, "close_persist_time": 0.019840240478515625}, "pymm_dram_fs_dax1": {"open_time": 0.01741313934326172, "copy_time": 23.862768173217773, "close_persist_time": 0.019193172454833984}, "pymm_dram_dev_dax0": {"open_time": 0.003339052200317383, "copy_time": 3.979326009750366, "close_persist_time": 0.019331932067871094}, "pymm_dram_dev_dax1": {"open_time": 0.0035130977630615234, "copy_time": 14.989189386367798, "close_persist_time": 0.019145488739013672}, "pymm_dram_nvme": {"open_time": 0.013670682907104492, "copy_time": 9.367117643356323, "close_persist_time": 0.01891303062438965}, "ndarray_save_dram_nvme": {"open_time": 0, "copy_time": 6.2458086013793945, "close_persist_time": 0}, "ndarray_save_dram_fs_dax0": {"open_time": 0, "copy_time": 7.7914533615112305, "close_persist_time": 0}, "ndarray_save_dram_fs_dax1": {"open_time": 0, "copy_time": 23.310636043548584, "close_persist_time": 0}}