{"dram": {"open_time": 0, "copy_time": 4.593877553939819, "close_persist_time": 0}, "pickle_dram_nvme": {"open_time": 6.103515625e-05, "copy_time": 15.252605676651001, "close_persist_time": 1.5020370483398438e-05}, "pickle_dram_fs_dax0": {"open_time": 4.887580871582031e-05, "copy_time": 15.776955366134644, "close_persist_time": 1.7642974853515625e-05}, "pickle_dram_fs_dax1": {"open_time": 4.3392181396484375e-05, "copy_time": 32.018688917160034, "close_persist_time": 1.5735626220703125e-05}, "pymm_dram_fs_dax0": {"open_time": 0.01715993881225586, "copy_time": 6.597892999649048, "close_persist_time": 0.019652366638183594}, "pymm_dram_fs_dax1": {"open_time": 0.017307043075561523, "copy_time": 23.884851932525635, "close_persist_time": 0.01911163330078125}, "pymm_dram_dev_dax0": {"open_time": 0.0033512115478515625, "copy_time": 3.934391498565674, "close_persist_time": 0.01926445960998535}, "pymm_dram_dev_dax1": {"open_time": 0.0034835338592529297, "copy_time": 14.985328674316406, "close_persist_time": 0.01933455467224121}, "pymm_dram_nvme": {"open_time": 0.013741016387939453, "copy_time": 9.553179025650024, "close_persist_time": 0.018900156021118164}, "ndarray_save_dram_nvme": {"open_time": 0, "copy_time": 7.500600337982178, "close_persist_time": 0}, "ndarray_save_dram_fs_dax0": {"open_time": 0, "copy_time": 6.741424798965454, "close_persist_time": 0}, "ndarray_save_dram_fs_dax1": {"open_time": 0, "copy_time": 23.28858184814453, "close_persist_time": 0}}