{"dram": {"open_time": 0, "copy_time": 4.617410182952881, "close_persist_time": 0}, "pickle_dram_nvme": {"open_time": 6.222724914550781e-05, "copy_time": 15.078792572021484, "close_persist_time": 1.5497207641601562e-05}, "pickle_dram_fs_dax0": {"open_time": 4.267692565917969e-05, "copy_time": 15.85821270942688, "close_persist_time": 1.7881393432617188e-05}, "pickle_dram_fs_dax1": {"open_time": 4.4345855712890625e-05, "copy_time": 32.001893043518066, "close_persist_time": 1.6450881958007812e-05}, "pymm_dram_fs_dax0": {"open_time": 0.016993045806884766, "copy_time": 6.65244722366333, "close_persist_time": 0.01974320411682129}, "pymm_dram_fs_dax1": {"open_time": 0.018740415573120117, "copy_time": 23.844903707504272, "close_persist_time": 0.019334793090820312}, "pymm_dram_dev_dax0": {"open_time": 0.0033528804779052734, "copy_time": 3.9973461627960205, "close_persist_time": 0.019323110580444336}, "pymm_dram_dev_dax1": {"open_time": 0.0034983158111572266, "copy_time": 14.915388584136963, "close_persist_time": 0.01936626434326172}, "pymm_dram_nvme": {"open_time": 0.01380467414855957, "copy_time": 9.572604656219482, "close_persist_time": 0.019216060638427734}, "ndarray_save_dram_nvme": {"open_time": 0, "copy_time": 7.416332721710205, "close_persist_time": 0}, "ndarray_save_dram_fs_dax0": {"open_time": 0, "copy_time": 6.796913146972656, "close_persist_time": 0}, "ndarray_save_dram_fs_dax1": {"open_time": 0, "copy_time": 23.31278944015503, "close_persist_time": 0}}