{"dram": {"open_time": 0, "copy_time": 4.614644289016724, "close_persist_time": 0}, "pickle_dram_nvme": {"open_time": 6.413459777832031e-05, "copy_time": 15.262457847595215, "close_persist_time": 1.5974044799804688e-05}, "pickle_dram_fs_dax0": {"open_time": 4.5299530029296875e-05, "copy_time": 15.791144132614136, "close_persist_time": 1.7642974853515625e-05}, "pickle_dram_fs_dax1": {"open_time": 4.4345855712890625e-05, "copy_time": 32.05114412307739, "close_persist_time": 1.7404556274414062e-05}, "pymm_dram_fs_dax0": {"open_time": 0.017153024673461914, "copy_time": 6.637728929519653, "close_persist_time": 0.019527435302734375}, "pymm_dram_fs_dax1": {"open_time": 0.01730203628540039, "copy_time": 23.861575603485107, "close_persist_time": 0.01934814453125}, "pymm_dram_dev_dax0": {"open_time": 0.0033578872680664062, "copy_time": 3.9102492332458496, "close_persist_time": 0.01918172836303711}, "pymm_dram_dev_dax1": {"open_time": 0.003462076187133789, "copy_time": 14.93750524520874, "close_persist_time": 0.01923847198486328}, "pymm_dram_nvme": {"open_time": 0.013646364212036133, "copy_time": 9.515837669372559, "close_persist_time": 0.019047021865844727}, "ndarray_save_dram_nvme": {"open_time": 0, "copy_time": 7.51575779914856, "close_persist_time": 0}, "ndarray_save_dram_fs_dax0": {"open_time": 0, "copy_time": 6.626668214797974, "close_persist_time": 0}, "ndarray_save_dram_fs_dax1": {"open_time": 0, "copy_time": 23.298964738845825, "close_persist_time": 0}}