{"dram": {"open_time": 0, "copy_time": 4.644868612289429, "close_persist_time": 0}, "pickle_dram_nvme": {"open_time": 6.031990051269531e-05, "copy_time": 15.126830816268921, "close_persist_time": 1.4781951904296875e-05}, "pickle_dram_fs_dax0": {"open_time": 4.649162292480469e-05, "copy_time": 15.87062931060791, "close_persist_time": 1.7642974853515625e-05}, "pickle_dram_fs_dax1": {"open_time": 4.100799560546875e-05, "copy_time": 32.058855295181274, "close_persist_time": 1.5497207641601562e-05}, "pymm_dram_fs_dax0": {"open_time": 0.017041683197021484, "copy_time": 6.652056694030762, "close_persist_time": 0.01937079429626465}, "pymm_dram_fs_dax1": {"open_time": 0.01875901222229004, "copy_time": 23.86286759376526, "close_persist_time": 0.019077062606811523}, "pymm_dram_dev_dax0": {"open_time": 0.0033507347106933594, "copy_time": 4.004873275756836, "close_persist_time": 0.019228219985961914}, "pymm_dram_dev_dax1": {"open_time": 0.003473997116088867, "copy_time": 14.94166898727417, "close_persist_time": 0.0191805362701416}, "pymm_dram_nvme": {"open_time": 0.014951229095458984, "copy_time": 9.599939823150635, "close_persist_time": 0.019114017486572266}, "ndarray_save_dram_nvme": {"open_time": 0, "copy_time": 7.600105047225952, "close_persist_time": 0}, "ndarray_save_dram_fs_dax0": {"open_time": 0, "copy_time": 6.7411463260650635, "close_persist_time": 0}, "ndarray_save_dram_fs_dax1": {"open_time": 0, "copy_time": 23.30317735671997, "close_persist_time": 0}}