{"dram": {"open_time": 0, "copy_time": 4.6337995529174805, "close_persist_time": 0}, "pickle_dram_nvme": {"open_time": 6.914138793945312e-05, "copy_time": 15.248583316802979, "close_persist_time": 1.52587890625e-05}, "pickle_dram_fs_dax0": {"open_time": 4.4345855712890625e-05, "copy_time": 15.760554552078247, "close_persist_time": 1.9550323486328125e-05}, "pickle_dram_fs_dax1": {"open_time": 4.9591064453125e-05, "copy_time": 32.070873737335205, "close_persist_time": 1.7881393432617188e-05}, "pymm_dram_fs_dax0": {"open_time": 0.017152786254882812, "copy_time": 6.644355297088623, "close_persist_time": 0.019669771194458008}, "pymm_dram_fs_dax1": {"open_time": 0.01865839958190918, "copy_time": 23.841042041778564, "close_persist_time": 0.0191953182220459}, "pymm_dram_dev_dax0": {"open_time": 0.003346681594848633, "copy_time": 3.911914110183716, "close_persist_time": 0.018955230712890625}, "pymm_dram_dev_dax1": {"open_time": 0.0034389495849609375, "copy_time": 14.96696949005127, "close_persist_time": 0.019180774688720703}, "pymm_dram_nvme": {"open_time": 0.015229463577270508, "copy_time": 9.561474561691284, "close_persist_time": 0.018871307373046875}, "ndarray_save_dram_nvme": {"open_time": 0, "copy_time": 7.560266494750977, "close_persist_time": 0}, "ndarray_save_dram_fs_dax0": {"open_time": 0, "copy_time": 6.700290203094482, "close_persist_time": 0}, "ndarray_save_dram_fs_dax1": {"open_time": 0, "copy_time": 23.31453824043274, "close_persist_time": 0}}