{"dram": {"open_time": 0, "copy_time": 4.643925905227661, "close_persist_time": 0}, "pickle_dram_nvme": {"open_time": 6.079673767089844e-05, "copy_time": 15.326048851013184, "close_persist_time": 1.5735626220703125e-05}, "pickle_dram_fs_dax0": {"open_time": 4.57763671875e-05, "copy_time": 15.731740236282349, "close_persist_time": 1.6927719116210938e-05}, "pickle_dram_fs_dax1": {"open_time": 4.2438507080078125e-05, "copy_time": 32.05318641662598, "close_persist_time": 1.5020370483398438e-05}, "pymm_dram_fs_dax0": {"open_time": 0.01685309410095215, "copy_time": 6.772001504898071, "close_persist_time": 0.01970648765563965}, "pymm_dram_fs_dax1": {"open_time": 0.01731705665588379, "copy_time": 23.81743097305298, "close_persist_time": 0.019057035446166992}, "pymm_dram_dev_dax0": {"open_time": 0.0033359527587890625, "copy_time": 3.98344349861145, "close_persist_time": 0.01921224594116211}, "pymm_dram_dev_dax1": {"open_time": 0.0034379959106445312, "copy_time": 14.939022064208984, "close_persist_time": 0.01917123794555664}, "pymm_dram_nvme": {"open_time": 0.01536250114440918, "copy_time": 9.549616575241089, "close_persist_time": 0.019007205963134766}, "ndarray_save_dram_nvme": {"open_time": 0, "copy_time": 7.524232625961304, "close_persist_time": 0}, "ndarray_save_dram_fs_dax0": {"open_time": 0, "copy_time": 6.622660875320435, "close_persist_time": 0}, "ndarray_save_dram_fs_dax1": {"open_time": 0, "copy_time": 23.29984998703003, "close_persist_time": 0}}