{"dram": {"open_time": 0, "copy_time": 4.639920473098755, "close_persist_time": 0}, "pickle_dram_nvme": {"open_time": 6.341934204101562e-05, "copy_time": 15.269685983657837, "close_persist_time": 1.5497207641601562e-05}, "pickle_dram_fs_dax0": {"open_time": 4.506111145019531e-05, "copy_time": 15.74023151397705, "close_persist_time": 1.9311904907226562e-05}, "pickle_dram_fs_dax1": {"open_time": 4.1484832763671875e-05, "copy_time": 32.023868560791016, "close_persist_time": 1.5497207641601562e-05}, "pymm_dram_fs_dax0": {"open_time": 0.01708674430847168, "copy_time": 6.585706472396851, "close_persist_time": 0.01970648765563965}, "pymm_dram_fs_dax1": {"open_time": 0.017415761947631836, "copy_time": 23.88866877555847, "close_persist_time": 0.019314289093017578}, "pymm_dram_dev_dax0": {"open_time": 0.0033843517303466797, "copy_time": 3.9507715702056885, "close_persist_time": 0.019313573837280273}, "pymm_dram_dev_dax1": {"open_time": 0.003469228744506836, "copy_time": 14.92839527130127, "close_persist_time": 0.019320011138916016}, "pymm_dram_nvme": {"open_time": 0.021230697631835938, "copy_time": 9.562075853347778, "close_persist_time": 0.018951416015625}, "ndarray_save_dram_nvme": {"open_time": 0, "copy_time": 7.620964765548706, "close_persist_time": 0}, "ndarray_save_dram_fs_dax0": {"open_time": 0, "copy_time": 6.631785869598389, "close_persist_time": 0}, "ndarray_save_dram_fs_dax1": {"open_time": 0, "copy_time": 23.302129983901978, "close_persist_time": 0}}