{"dram": {"open_time": 0, "copy_time": 4.660851240158081, "close_persist_time": 0}, "pickle_dram_nvme": {"open_time": 6.079673767089844e-05, "copy_time": 15.294710159301758, "close_persist_time": 1.430511474609375e-05}, "pickle_dram_fs_dax0": {"open_time": 4.4345855712890625e-05, "copy_time": 15.673065900802612, "close_persist_time": 1.71661376953125e-05}, "pickle_dram_fs_dax1": {"open_time": 4.172325134277344e-05, "copy_time": 32.02679419517517, "close_persist_time": 1.6689300537109375e-05}, "pymm_dram_fs_dax0": {"open_time": 0.017195701599121094, "copy_time": 6.642382383346558, "close_persist_time": 0.0196530818939209}, "pymm_dram_fs_dax1": {"open_time": 0.01743340492248535, "copy_time": 23.854321479797363, "close_persist_time": 0.019240856170654297}, "pymm_dram_dev_dax0": {"open_time": 0.003364086151123047, "copy_time": 3.9671406745910645, "close_persist_time": 0.01902294158935547}, "pymm_dram_dev_dax1": {"open_time": 0.003435850143432617, "copy_time": 14.956535816192627, "close_persist_time": 0.019333839416503906}, "pymm_dram_nvme": {"open_time": 0.0214996337890625, "copy_time": 9.546943664550781, "close_persist_time": 0.018998146057128906}, "ndarray_save_dram_nvme": {"open_time": 0, "copy_time": 7.607543468475342, "close_persist_time": 0}, "ndarray_save_dram_fs_dax0": {"open_time": 0, "copy_time": 6.763101577758789, "close_persist_time": 0}, "ndarray_save_dram_fs_dax1": {"open_time": 0, "copy_time": 23.290612936019897, "close_persist_time": 0}}