{"dram": {"open_time": 0, "copy_time": 4.594578742980957, "close_persist_time": 0}, "pickle_dram_nvme": {"open_time": 6.437301635742188e-05, "copy_time": 15.026962041854858, "close_persist_time": 1.5020370483398438e-05}, "pickle_dram_fs_dax0": {"open_time": 4.601478576660156e-05, "copy_time": 15.659493923187256, "close_persist_time": 1.7642974853515625e-05}, "pickle_dram_fs_dax1": {"open_time": 4.2438507080078125e-05, "copy_time": 32.02531313896179, "close_persist_time": 1.6927719116210938e-05}, "pymm_dram_fs_dax0": {"open_time": 0.01708054542541504, "copy_time": 6.687835931777954, "close_persist_time": 0.01958632469177246}, "pymm_dram_fs_dax1": {"open_time": 0.017446517944335938, "copy_time": 23.83297824859619, "close_persist_time": 0.019486665725708008}, "pymm_dram_dev_dax0": {"open_time": 0.0033583641052246094, "copy_time": 3.9438374042510986, "close_persist_time": 0.0192413330078125}, "pymm_dram_dev_dax1": {"open_time": 0.0034728050231933594, "copy_time": 14.944205045700073, "close_persist_time": 0.019351720809936523}, "pymm_dram_nvme": {"open_time": 0.019362688064575195, "copy_time": 9.552048206329346, "close_persist_time": 0.019147634506225586}, "ndarray_save_dram_nvme": {"open_time": 0, "copy_time": 7.546156644821167, "close_persist_time": 0}, "ndarray_save_dram_fs_dax0": {"open_time": 0, "copy_time": 6.79061484336853, "close_persist_time": 0}, "ndarray_save_dram_fs_dax1": {"open_time": 0, "copy_time": 23.303255558013916, "close_persist_time": 0}}