{"dram": {"open_time": 0, "copy_time": 4.639773607254028, "close_persist_time": 0}, "pickle_dram_nvme": {"open_time": 6.079673767089844e-05, "copy_time": 15.021798372268677, "close_persist_time": 1.6689300537109375e-05}, "pickle_dram_fs_dax0": {"open_time": 4.482269287109375e-05, "copy_time": 15.70565414428711, "close_persist_time": 2.002716064453125e-05}, "pickle_dram_fs_dax1": {"open_time": 4.172325134277344e-05, "copy_time": 31.990569829940796, "close_persist_time": 1.6689300537109375e-05}, "pymm_dram_fs_dax0": {"open_time": 0.017139911651611328, "copy_time": 6.666003704071045, "close_persist_time": 0.01955413818359375}, "pymm_dram_fs_dax1": {"open_time": 0.01740407943725586, "copy_time": 23.856261730194092, "close_persist_time": 0.019365787506103516}, "pymm_dram_dev_dax0": {"open_time": 0.0033416748046875, "copy_time": 4.000158071517944, "close_persist_time": 0.019231557846069336}, "pymm_dram_dev_dax1": {"open_time": 0.0034530162811279297, "copy_time": 14.963219404220581, "close_persist_time": 0.01923823356628418}, "pymm_dram_nvme": {"open_time": 0.017840147018432617, "copy_time": 9.5882887840271, "close_persist_time": 0.01906442642211914}, "ndarray_save_dram_nvme": {"open_time": 0, "copy_time": 7.552418947219849, "close_persist_time": 0}, "ndarray_save_dram_fs_dax0": {"open_time": 0, "copy_time": 6.81945013999939, "close_persist_time": 0}, "ndarray_save_dram_fs_dax1": {"open_time": 0, "copy_time": 23.28972053527832, "close_persist_time": 0}}