{"dram": {"open_time": 0, "copy_time": 4.569613218307495, "close_persist_time": 0}, "pickle_dram_nvme": {"open_time": 6.103515625e-05, "copy_time": 15.256813049316406, "close_persist_time": 1.5497207641601562e-05}, "pickle_dram_fs_dax0": {"open_time": 4.363059997558594e-05, "copy_time": 15.603461980819702, "close_persist_time": 1.7642974853515625e-05}, "pickle_dram_fs_dax1": {"open_time": 3.981590270996094e-05, "copy_time": 32.00219130516052, "close_persist_time": 1.621246337890625e-05}, "pymm_dram_fs_dax0": {"open_time": 0.01708078384399414, "copy_time": 6.738102197647095, "close_persist_time": 0.019655942916870117}, "pymm_dram_fs_dax1": {"open_time": 0.017410755157470703, "copy_time": 23.84808874130249, "close_persist_time": 0.019286632537841797}, "pymm_dram_dev_dax0": {"open_time": 0.0033338069915771484, "copy_time": 3.9887819290161133, "close_persist_time": 0.019228219985961914}, "pymm_dram_dev_dax1": {"open_time": 0.0034584999084472656, "copy_time": 14.937207221984863, "close_persist_time": 0.0193173885345459}, "pymm_dram_nvme": {"open_time": 0.01718735694885254, "copy_time": 9.527824640274048, "close_persist_time": 0.0189666748046875}, "ndarray_save_dram_nvme": {"open_time": 0, "copy_time": 7.57556939125061, "close_persist_time": 0}, "ndarray_save_dram_fs_dax0": {"open_time": 0, "copy_time": 6.75589919090271, "close_persist_time": 0}, "ndarray_save_dram_fs_dax1": {"open_time": 0, "copy_time": 23.2943696975708, "close_persist_time": 0}}