{"numpymmap_nvme": {"open_time": 0.002573728561401367, "copy_time": 9.444939613342285, "close_persist_time": 3.3502347469329834}, "numpymmap_fs_dax0": {"open_time": 0.00034427642822265625, "copy_time": 6.627995729446411, "close_persist_time": 4.893576622009277}, "numpymmap_fs_dax1": {"open_time": 0.0002655982971191406, "copy_time": 21.119622230529785, "close_persist_time": 5.9553303718566895}}