{"numpymmap_nvme": {"open_time": 0.0026166439056396484, "copy_time": 9.45231580734253, "close_persist_time": 3.3219921588897705}, "numpymmap_fs_dax0": {"open_time": 0.0003705024719238281, "copy_time": 6.619497776031494, "close_persist_time": 4.898441314697266}, "numpymmap_fs_dax1": {"open_time": 0.0002899169921875, "copy_time": 21.11848759651184, "close_persist_time": 5.949166297912598}}