{"numpymmap_nvme": {"open_time": 0.0027534961700439453, "copy_time": 9.43999719619751, "close_persist_time": 3.4286160469055176}, "numpymmap_fs_dax0": {"open_time": 0.00032401084899902344, "copy_time": 6.612865209579468, "close_persist_time": 4.896849632263184}, "numpymmap_fs_dax1": {"open_time": 0.00028967857360839844, "copy_time": 21.121968030929565, "close_persist_time": 5.951585531234741}}