{"numpymmap_nvme": {"open_time": 0.0028197765350341797, "copy_time": 9.44170093536377, "close_persist_time": 3.4553382396698}, "numpymmap_fs_dax0": {"open_time": 0.000370025634765625, "copy_time": 6.59372353553772, "close_persist_time": 4.895458459854126}, "numpymmap_fs_dax1": {"open_time": 0.0002796649932861328, "copy_time": 21.127962350845337, "close_persist_time": 5.956837892532349}}