{"numpymmap_nvme": {"open_time": 0.0026869773864746094, "copy_time": 9.469148635864258, "close_persist_time": 3.4040396213531494}, "numpymmap_fs_dax0": {"open_time": 0.0003612041473388672, "copy_time": 6.6132423877716064, "close_persist_time": 4.882920265197754}, "numpymmap_fs_dax1": {"open_time": 0.0002911090850830078, "copy_time": 21.12618923187256, "close_persist_time": 5.942025899887085}}