{"numpymmap_nvme": {"open_time": 0.002845287322998047, "copy_time": 9.471131801605225, "close_persist_time": 3.370105743408203}, "numpymmap_fs_dax0": {"open_time": 0.0003509521484375, "copy_time": 6.635900259017944, "close_persist_time": 4.890848875045776}, "numpymmap_fs_dax1": {"open_time": 0.0002856254577636719, "copy_time": 21.139132976531982, "close_persist_time": 5.948976993560791}}