{"numpymmap_nvme": {"open_time": 0.002767324447631836, "copy_time": 9.480515241622925, "close_persist_time": 3.169548749923706}, "numpymmap_fs_dax0": {"open_time": 0.0003609657287597656, "copy_time": 6.643378257751465, "close_persist_time": 4.8927130699157715}, "numpymmap_fs_dax1": {"open_time": 0.0002846717834472656, "copy_time": 21.132214784622192, "close_persist_time": 5.959267616271973}}