{"numpymmap_nvme": {"open_time": 0.0026297569274902344, "copy_time": 9.478187322616577, "close_persist_time": 3.3635590076446533}, "numpymmap_fs_dax0": {"open_time": 0.0003657341003417969, "copy_time": 6.636851072311401, "close_persist_time": 4.89646315574646}, "numpymmap_fs_dax1": {"open_time": 0.0002942085266113281, "copy_time": 21.13245677947998, "close_persist_time": 5.956361532211304}}