{"numpymmap_nvme": {"open_time": 0.002604961395263672, "copy_time": 9.473504066467285, "close_persist_time": 3.4367053508758545}, "numpymmap_fs_dax0": {"open_time": 0.0003650188446044922, "copy_time": 6.5597217082977295, "close_persist_time": 4.897617816925049}, "numpymmap_fs_dax1": {"open_time": 0.00028228759765625, "copy_time": 21.135823249816895, "close_persist_time": 5.952641248703003}}