{"numpymmap_nvme": {"open_time": 0.0027534961700439453, "copy_time": 9.453555583953857, "close_persist_time": 3.428957223892212}, "numpymmap_fs_dax0": {"open_time": 0.00034809112548828125, "copy_time": 6.596007823944092, "close_persist_time": 4.891565561294556}, "numpymmap_fs_dax1": {"open_time": 0.0002818107604980469, "copy_time": 21.1254723072052, "close_persist_time": 5.954364538192749}}