{"numpymmap_nvme": {"open_time": 0.0027654170989990234, "copy_time": 9.64978814125061, "close_persist_time": 3.049046039581299}, "numpymmap_fs_dax0": {"open_time": 0.000362396240234375, "copy_time": 6.621840476989746, "close_persist_time": 4.889482736587524}, "numpymmap_fs_dax1": {"open_time": 0.0002815723419189453, "copy_time": 21.116158962249756, "close_persist_time": 5.950589656829834}}