{"numpymmap_nvme": {"open_time": 0.002609729766845703, "copy_time": 9.48959493637085, "close_persist_time": 3.3906257152557373}, "numpymmap_fs_dax0": {"open_time": 0.0003497600555419922, "copy_time": 6.603773355484009, "close_persist_time": 4.894574403762817}, "numpymmap_fs_dax1": {"open_time": 0.00026869773864746094, "copy_time": 21.121338844299316, "close_persist_time": 5.961819648742676}}