{"numpymmap_nvme": {"open_time": 0.0026979446411132812, "copy_time": 9.447247743606567, "close_persist_time": 3.398704767227173}, "numpymmap_fs_dax0": {"open_time": 0.00036907196044921875, "copy_time": 6.6264426708221436, "close_persist_time": 4.891875743865967}, "numpymmap_fs_dax1": {"open_time": 0.0002913475036621094, "copy_time": 21.12310767173767, "close_persist_time": 5.9505393505096436}}