{"numpymmap_nvme": {"open_time": 0.002672433853149414, "copy_time": 9.472515106201172, "close_persist_time": 3.1872100830078125}, "numpymmap_fs_dax0": {"open_time": 0.00036025047302246094, "copy_time": 6.521132469177246, "close_persist_time": 4.884915590286255}, "numpymmap_fs_dax1": {"open_time": 0.00029015541076660156, "copy_time": 21.132612943649292, "close_persist_time": 5.957082509994507}}