{"numpymmap_nvme": {"open_time": 0.0024344921112060547, "copy_time": 9.461374044418335, "close_persist_time": 3.329913854598999}, "numpymmap_fs_dax0": {"open_time": 0.00034236907958984375, "copy_time": 6.592062950134277, "close_persist_time": 4.891294956207275}, "numpymmap_fs_dax1": {"open_time": 0.0002675056457519531, "copy_time": 21.13340425491333, "close_persist_time": 5.963891983032227}}