{"numpymmap_nvme": {"open_time": 0.002801656723022461, "copy_time": 9.497584581375122, "close_persist_time": 3.4173901081085205}, "numpymmap_fs_dax0": {"open_time": 0.0003483295440673828, "copy_time": 6.645488739013672, "close_persist_time": 4.888110160827637}, "numpymmap_fs_dax1": {"open_time": 0.00029349327087402344, "copy_time": 21.126702070236206, "close_persist_time": 5.955578088760376}}