{"numpymmap_nvme": {"open_time": 0.0027883052825927734, "copy_time": 9.697322845458984, "close_persist_time": 3.0595977306365967}, "numpymmap_fs_dax0": {"open_time": 0.0003573894500732422, "copy_time": 6.523968458175659, "close_persist_time": 4.880589485168457}, "numpymmap_fs_dax1": {"open_time": 0.0002734661102294922, "copy_time": 21.155550718307495, "close_persist_time": 5.955389022827148}}