{"numpymmap_nvme": {"open_time": 0.0025424957275390625, "copy_time": 9.467175722122192, "close_persist_time": 3.405482292175293}, "numpymmap_fs_dax0": {"open_time": 0.0003638267517089844, "copy_time": 6.644569396972656, "close_persist_time": 4.895099401473999}, "numpymmap_fs_dax1": {"open_time": 0.0002777576446533203, "copy_time": 21.158631563186646, "close_persist_time": 5.9562156200408936}}