{"numpymmap_nvme": {"open_time": 0.002578258514404297, "copy_time": 9.451814413070679, "close_persist_time": 3.4230406284332275}, "numpymmap_fs_dax0": {"open_time": 0.00035834312438964844, "copy_time": 6.63630485534668, "close_persist_time": 4.892561912536621}, "numpymmap_fs_dax1": {"open_time": 0.0002741813659667969, "copy_time": 21.156022310256958, "close_persist_time": 5.956752300262451}}