{"numpymmap_nvme": {"open_time": 5.619282245635986, "copy_time": 9.434318780899048, "close_persist_time": 3.384307384490967}, "numpymmap_fs_dax0": {"open_time": 0.16195201873779297, "copy_time": 6.5725812911987305, "close_persist_time": 4.894957542419434}, "numpymmap_fs_dax1": {"open_time": 0.008977651596069336, "copy_time": 23.0096275806427, "close_persist_time": 6.329512596130371}}