{"numpymmap_nvme": {"open_time": 0.002652883529663086, "copy_time": 9.444207906723022, "close_persist_time": 3.4187638759613037}, "numpymmap_fs_dax0": {"open_time": 0.0003497600555419922, "copy_time": 6.6101837158203125, "close_persist_time": 4.89096736907959}, "numpymmap_fs_dax1": {"open_time": 0.0002868175506591797, "copy_time": 21.123733282089233, "close_persist_time": 5.952985525131226}}