{"dram": {"open_time": 1.9788742065429688e-05, "copy_time": 2.9947547912597656, "close_persist_time": 0}, "numpymmap_nvme": {"open_time": 135.8908233642578, "copy_time": 6.406307697296143, "close_persist_time": 0.8311030864715576}, "numpymmap_fs_dax0": {"open_time": 115.31633830070496, "copy_time": 4.116031169891357, "close_persist_time": 47.9791316986084}, "pymm_dram_fs_dax0": {"open_time": 70.28069567680359, "copy_time": 4.48320198059082, "close_persist_time": 0.011965036392211914}, "pymm_dram_dev_dax0": {"open_time": 38.02973461151123, "copy_time": 4.516975164413452, "close_persist_time": 0.017507314682006836}, "ndarray_save_dram_nvme": {"open_time": 77.78598928451538, "copy_time": 4.083473443984985, "close_persist_time": 77.04585647583008}, "ndarray_save_dram_fs_dax0": {"open_time": 65.48093605041504, "copy_time": 4.05259370803833, "close_persist_time": 50.142863273620605}}