{"dram": {"open_time": 1.5974044799804688e-05, "copy_time": 3.5833230018615723, "close_persist_time": 0}, "numpymmap_nvme": {"open_time": 136.49909019470215, "copy_time": 6.675057888031006, "close_persist_time": 1.0462315082550049}, "numpymmap_fs_dax0": {"open_time": 113.62900376319885, "copy_time": 3.934333086013794, "close_persist_time": 48.89491128921509}, "pymm_dram_fs_dax0": {"open_time": 70.7752320766449, "copy_time": 4.501264810562134, "close_persist_time": 0.019389867782592773}, "pymm_dram_dev_dax0": {"open_time": 37.914127349853516, "copy_time": 4.486426591873169, "close_persist_time": 0.020121335983276367}, "ndarray_save_dram_nvme": {"open_time": 75.834552526474, "copy_time": 4.030524969100952, "close_persist_time": 77.76816844940186}, "ndarray_save_dram_fs_dax0": {"open_time": 65.71342372894287, "copy_time": 4.037083387374878, "close_persist_time": 50.337043046951294}}