{"dram": {"open_time": 2.002716064453125e-05, "copy_time": 19.59131407737732, "close_persist_time": 0}, "numpymmap_nvme": {"open_time": 133.72523760795593, "copy_time": 28.24611759185791, "close_persist_time": 10.470613956451416}, "numpymmap_fs_dax0": {"open_time": 113.3290388584137, "copy_time": 13.218757629394531, "close_persist_time": 48.72659730911255}, "pymm_dram_fs_dax0": {"open_time": 70.79105854034424, "copy_time": 13.212939977645874, "close_persist_time": 0.0387578010559082}, "pymm_dram_dev_dax0": {"open_time": 38.21948528289795, "copy_time": 13.315581560134888, "close_persist_time": 0.038831472396850586}, "ndarray_save_dram_nvme": {"open_time": 75.94116258621216, "copy_time": 26.61151957511902, "close_persist_time": 77.69367456436157}, "ndarray_save_dram_fs_dax0": {"open_time": 65.55724310874939, "copy_time": 26.704665899276733, "close_persist_time": 56.947721004486084}}