{"dram": {"open_time": 1.9550323486328125e-05, "copy_time": 3.6982364654541016, "close_persist_time": 0}, "numpymmap_nvme": {"open_time": 136.93545627593994, "copy_time": 6.669664621353149, "close_persist_time": 1.9067301750183105}, "numpymmap_fs_dax0": {"open_time": 113.65286588668823, "copy_time": 4.166885137557983, "close_persist_time": 48.93144631385803}, "pymm_dram_fs_dax0": {"open_time": 69.36789870262146, "copy_time": 4.653746604919434, "close_persist_time": 0.012231826782226562}, "pymm_dram_dev_dax0": {"open_time": 37.98390817642212, "copy_time": 4.722896099090576, "close_persist_time": 0.012151479721069336}, "ndarray_save_dram_nvme": {"open_time": 75.83656930923462, "copy_time": 4.373366832733154, "close_persist_time": 77.21953129768372}, "ndarray_save_dram_fs_dax0": {"open_time": 65.55642747879028, "copy_time": 4.36971640586853, "close_persist_time": 50.28614330291748}}