{"dram": {"open_time": 1.5735626220703125e-05, "copy_time": 13.793208599090576, "close_persist_time": 0}, "numpymmap_nvme": {"open_time": 134.17807483673096, "copy_time": 16.046093463897705, "close_persist_time": 2.743762731552124}, "numpymmap_fs_dax0": {"open_time": 113.40562033653259, "copy_time": 7.928194284439087, "close_persist_time": 15.867979526519775}, "pymm_dram_fs_dax0": {"open_time": 72.06537628173828, "copy_time": 7.999104261398315, "close_persist_time": 0.02939891815185547}, "pymm_dram_dev_dax0": {"open_time": 38.18010592460632, "copy_time": 7.833268404006958, "close_persist_time": 0.029187440872192383}, "ndarray_save_dram_nvme": {"open_time": 76.22923135757446, "copy_time": 23.889561891555786, "close_persist_time": 76.96202325820923}, "ndarray_save_dram_fs_dax0": {"open_time": 65.33507323265076, "copy_time": 22.953938007354736, "close_persist_time": 63.64460229873657}}