{"dram": {"open_time": 2.4080276489257812e-05, "copy_time": 4.887411117553711, "close_persist_time": 0}, "numpymmap_nvme": {"open_time": 136.0457239151001, "copy_time": 8.338408708572388, "close_persist_time": 2.494948625564575}, "numpymmap_fs_dax0": {"open_time": 114.35125637054443, "copy_time": 6.132962942123413, "close_persist_time": 48.52273416519165}, "pymm_dram_fs_dax0": {"open_time": 69.65120673179626, "copy_time": 6.4571967124938965, "close_persist_time": 0.01539921760559082}, "pymm_dram_dev_dax0": {"open_time": 37.645142555236816, "copy_time": 6.450214862823486, "close_persist_time": 0.015444040298461914}, "ndarray_save_dram_nvme": {"open_time": 75.82181310653687, "copy_time": 6.687897443771362, "close_persist_time": 76.24364686012268}, "ndarray_save_dram_fs_dax0": {"open_time": 65.61799740791321, "copy_time": 6.601003885269165, "close_persist_time": 50.8704628944397}}