{"dram": {"open_time": 1.3113021850585938e-05, "copy_time": 14.106696367263794, "close_persist_time": 0}, "numpymmap_nvme": {"open_time": 134.37560606002808, "copy_time": 17.60802674293518, "close_persist_time": 6.831284284591675}, "numpymmap_fs_dax0": {"open_time": 113.61475563049316, "copy_time": 7.829488277435303, "close_persist_time": 43.422186851501465}, "pymm_dram_fs_dax0": {"open_time": 70.01552629470825, "copy_time": 7.651708364486694, "close_persist_time": 0.033556222915649414}, "pymm_dram_dev_dax0": {"open_time": 37.601534843444824, "copy_time": 7.733061790466309, "close_persist_time": 0.03329062461853027}, "ndarray_save_dram_nvme": {"open_time": 77.20351457595825, "copy_time": 19.336904764175415, "close_persist_time": 78.9032027721405}, "ndarray_save_dram_fs_dax0": {"open_time": 65.29466152191162, "copy_time": 18.534268140792847, "close_persist_time": 55.161015033721924}}