{"dram": {"open_time": 1.9073486328125e-05, "copy_time": 3.481489419937134, "close_persist_time": 0}, "numpymmap_nvme": {"open_time": 134.94022130966187, "copy_time": 6.066397190093994, "close_persist_time": 1.2490556240081787}, "numpymmap_fs_dax0": {"open_time": 115.21032619476318, "copy_time": 4.060486078262329, "close_persist_time": 48.04563117027283}, "pymm_dram_fs_dax0": {"open_time": 70.58505535125732, "copy_time": 4.398496389389038, "close_persist_time": 0.011356115341186523}, "pymm_dram_dev_dax0": {"open_time": 37.88140630722046, "copy_time": 4.3856706619262695, "close_persist_time": 0.016396284103393555}, "ndarray_save_dram_nvme": {"open_time": 77.57582569122314, "copy_time": 3.973334789276123, "close_persist_time": 78.40592908859253}, "ndarray_save_dram_fs_dax0": {"open_time": 65.57752752304077, "copy_time": 3.976083517074585, "close_persist_time": 50.002341747283936}}