{"dram": {"open_time": 2.002716064453125e-05, "copy_time": 3.9661152362823486, "close_persist_time": 0}, "numpymmap_nvme": {"open_time": 134.62332487106323, "copy_time": 7.085372447967529, "close_persist_time": 0.7670371532440186}, "numpymmap_fs_dax0": {"open_time": 113.7247862815857, "copy_time": 4.215611934661865, "close_persist_time": 48.865105867385864}, "pymm_dram_fs_dax0": {"open_time": 70.80618381500244, "copy_time": 4.7830421924591064, "close_persist_time": 0.012103557586669922}, "pymm_dram_dev_dax0": {"open_time": 37.707460165023804, "copy_time": 4.76954460144043, "close_persist_time": 0.01219320297241211}, "ndarray_save_dram_nvme": {"open_time": 76.10501027107239, "copy_time": 4.50882887840271, "close_persist_time": 77.2208194732666}, "ndarray_save_dram_fs_dax0": {"open_time": 65.13860297203064, "copy_time": 4.500725269317627, "close_persist_time": 50.36285710334778}}