{"dram": {"open_time": 1.9788742065429688e-05, "copy_time": 19.602842092514038, "close_persist_time": 0}, "numpymmap_nvme": {"open_time": 131.7440779209137, "copy_time": 27.5958514213562, "close_persist_time": 9.859419345855713}, "numpymmap_fs_dax0": {"open_time": 114.0740020275116, "copy_time": 12.756924867630005, "close_persist_time": 48.80651378631592}, "pymm_dram_fs_dax0": {"open_time": 70.05515432357788, "copy_time": 13.064388275146484, "close_persist_time": 0.03859591484069824}, "pymm_dram_dev_dax0": {"open_time": 38.35749101638794, "copy_time": 13.130234718322754, "close_persist_time": 0.0385439395904541}, "ndarray_save_dram_nvme": {"open_time": 76.16287970542908, "copy_time": 26.64941954612732, "close_persist_time": 80.60526895523071}, "ndarray_save_dram_fs_dax0": {"open_time": 65.6499125957489, "copy_time": 26.296892881393433, "close_persist_time": 55.91315579414368}}