{"dram": {"open_time": 1.4543533325195312e-05, "copy_time": 3.542142152786255, "close_persist_time": 0}, "numpymmap_nvme": {"open_time": 134.3442006111145, "copy_time": 5.998271465301514, "close_persist_time": 2.3247389793395996}, "numpymmap_fs_dax0": {"open_time": 113.51985359191895, "copy_time": 3.828080177307129, "close_persist_time": 48.89711141586304}, "pymm_dram_fs_dax0": {"open_time": 69.92451286315918, "copy_time": 4.41745400428772, "close_persist_time": 0.01969599723815918}, "pymm_dram_dev_dax0": {"open_time": 38.13664770126343, "copy_time": 4.425023794174194, "close_persist_time": 0.02057623863220215}, "ndarray_save_dram_nvme": {"open_time": 77.55527329444885, "copy_time": 4.02257513999939, "close_persist_time": 76.83735513687134}, "ndarray_save_dram_fs_dax0": {"open_time": 65.33993363380432, "copy_time": 4.006100177764893, "close_persist_time": 49.99140763282776}}