{"dram": {"open_time": 1.6450881958007812e-05, "copy_time": 13.888220310211182, "close_persist_time": 0}, "numpymmap_nvme": {"open_time": 133.11135482788086, "copy_time": 16.365527629852295, "close_persist_time": 2.0656306743621826}, "numpymmap_fs_dax0": {"open_time": 113.72842764854431, "copy_time": 7.791296720504761, "close_persist_time": 15.832392454147339}, "pymm_dram_fs_dax0": {"open_time": 71.66605710983276, "copy_time": 7.8938610553741455, "close_persist_time": 0.02886033058166504}, "pymm_dram_dev_dax0": {"open_time": 37.748730182647705, "copy_time": 7.750494003295898, "close_persist_time": 0.030933380126953125}, "ndarray_save_dram_nvme": {"open_time": 77.7146155834198, "copy_time": 23.97550940513611, "close_persist_time": 79.59233689308167}, "ndarray_save_dram_fs_dax0": {"open_time": 65.37803554534912, "copy_time": 22.825156927108765, "close_persist_time": 63.10922360420227}}