{"dram": {"open_time": 1.33514404296875e-05, "copy_time": 14.1831214427948, "close_persist_time": 0}, "numpymmap_nvme": {"open_time": 132.29686880111694, "copy_time": 17.369818925857544, "close_persist_time": 7.47519850730896}, "numpymmap_fs_dax0": {"open_time": 113.76166296005249, "copy_time": 7.943563222885132, "close_persist_time": 43.28869414329529}, "pymm_dram_fs_dax0": {"open_time": 71.18285202980042, "copy_time": 7.644331693649292, "close_persist_time": 0.03318047523498535}, "pymm_dram_dev_dax0": {"open_time": 37.90424370765686, "copy_time": 7.7386181354522705, "close_persist_time": 0.03351283073425293}, "ndarray_save_dram_nvme": {"open_time": 76.1831431388855, "copy_time": 19.340471506118774, "close_persist_time": 79.76194596290588}, "ndarray_save_dram_fs_dax0": {"open_time": 65.69107294082642, "copy_time": 18.7341730594635, "close_persist_time": 55.22884702682495}}