{"dram": {"open_time": 1.8596649169921875e-05, "copy_time": 4.9690635204315186, "close_persist_time": 0}, "numpymmap_nvme": {"open_time": 134.4857633113861, "copy_time": 7.897161483764648, "close_persist_time": 3.2250638008117676}, "numpymmap_fs_dax0": {"open_time": 114.32101702690125, "copy_time": 6.09839129447937, "close_persist_time": 48.52284622192383}, "pymm_dram_fs_dax0": {"open_time": 70.24528861045837, "copy_time": 6.4953765869140625, "close_persist_time": 0.0156552791595459}, "pymm_dram_dev_dax0": {"open_time": 37.92365837097168, "copy_time": 6.498390436172485, "close_persist_time": 0.015663623809814453}, "ndarray_save_dram_nvme": {"open_time": 75.39557385444641, "copy_time": 6.771684885025024, "close_persist_time": 76.70331573486328}, "ndarray_save_dram_fs_dax0": {"open_time": 65.36850833892822, "copy_time": 6.688072919845581, "close_persist_time": 50.920892000198364}}