{"dram": {"open_time": 1.9788742065429688e-05, "copy_time": 2.9745826721191406, "close_persist_time": 0}, "numpymmap_nvme": {"open_time": 139.71160435676575, "copy_time": 5.829039812088013, "close_persist_time": 2.3742477893829346}, "numpymmap_fs_dax0": {"open_time": 115.20098733901978, "copy_time": 3.830627202987671, "close_persist_time": 47.90314722061157}, "pymm_dram_fs_dax0": {"open_time": 69.86835408210754, "copy_time": 4.335411787033081, "close_persist_time": 0.016201496124267578}, "pymm_dram_dev_dax0": {"open_time": 37.705910205841064, "copy_time": 4.351359844207764, "close_persist_time": 0.016829729080200195}, "ndarray_save_dram_nvme": {"open_time": 75.04821634292603, "copy_time": 3.9980170726776123, "close_persist_time": 75.1521167755127}, "ndarray_save_dram_fs_dax0": {"open_time": 65.57985210418701, "copy_time": 4.006431579589844, "close_persist_time": 50.085318088531494}}