{"dram": {"open_time": 1.52587890625e-05, "copy_time": 13.63292145729065, "close_persist_time": 0}, "numpymmap_nvme": {"open_time": 138.0810763835907, "copy_time": 16.209639072418213, "close_persist_time": 3.138437509536743}, "numpymmap_fs_dax0": {"open_time": 113.91981267929077, "copy_time": 7.9580628871917725, "close_persist_time": 15.862958192825317}, "pymm_dram_fs_dax0": {"open_time": 69.87717747688293, "copy_time": 7.786237716674805, "close_persist_time": 0.02908611297607422}, "pymm_dram_dev_dax0": {"open_time": 38.180007457733154, "copy_time": 7.8179237842559814, "close_persist_time": 0.029071331024169922}, "ndarray_save_dram_nvme": {"open_time": 74.87272596359253, "copy_time": 23.922385215759277, "close_persist_time": 76.91302227973938}, "ndarray_save_dram_fs_dax0": {"open_time": 65.40291333198547, "copy_time": 22.9432692527771, "close_persist_time": 63.31134557723999}}