{"dram": {"open_time": 2.2411346435546875e-05, "copy_time": 3.178652286529541, "close_persist_time": 0}, "numpymmap_nvme": {"open_time": 141.5324466228485, "copy_time": 6.9075376987457275, "close_persist_time": 0.9892578125}, "numpymmap_fs_dax0": {"open_time": 113.85881280899048, "copy_time": 3.9494118690490723, "close_persist_time": 48.864922523498535}, "pymm_dram_fs_dax0": {"open_time": 70.19714617729187, "copy_time": 4.587947130203247, "close_persist_time": 0.012265443801879883}, "pymm_dram_dev_dax0": {"open_time": 37.46552562713623, "copy_time": 4.613793849945068, "close_persist_time": 0.01224064826965332}, "ndarray_save_dram_nvme": {"open_time": 76.55087447166443, "copy_time": 4.218454837799072, "close_persist_time": 75.20895457267761}, "ndarray_save_dram_fs_dax0": {"open_time": 65.59635925292969, "copy_time": 4.2257654666900635, "close_persist_time": 50.55434322357178}}