{"dram": {"open_time": 2.2411346435546875e-05, "copy_time": 4.883704423904419, "close_persist_time": 0}, "numpymmap_nvme": {"open_time": 142.02807211875916, "copy_time": 8.458757638931274, "close_persist_time": 2.557032823562622}, "numpymmap_fs_dax0": {"open_time": 114.20525765419006, "copy_time": 6.05566930770874, "close_persist_time": 48.52252435684204}, "pymm_dram_fs_dax0": {"open_time": 70.83115720748901, "copy_time": 6.510026216506958, "close_persist_time": 0.015621662139892578}, "pymm_dram_dev_dax0": {"open_time": 38.08896327018738, "copy_time": 6.525770664215088, "close_persist_time": 0.015423059463500977}, "ndarray_save_dram_nvme": {"open_time": 75.23645353317261, "copy_time": 6.67409348487854, "close_persist_time": 77.13302683830261}, "ndarray_save_dram_fs_dax0": {"open_time": 65.62210178375244, "copy_time": 6.702904462814331, "close_persist_time": 50.95652151107788}}