{"dram": {"open_time": 1.7881393432617188e-05, "copy_time": 19.29039764404297, "close_persist_time": 0}, "numpymmap_nvme": {"open_time": 139.7627625465393, "copy_time": 28.745168447494507, "close_persist_time": 10.529350757598877}, "numpymmap_fs_dax0": {"open_time": 114.07967114448547, "copy_time": 12.852202415466309, "close_persist_time": 48.70972967147827}, "pymm_dram_fs_dax0": {"open_time": 70.12215447425842, "copy_time": 13.007647037506104, "close_persist_time": 0.03857755661010742}, "pymm_dram_dev_dax0": {"open_time": 37.78420877456665, "copy_time": 13.108648300170898, "close_persist_time": 0.03890228271484375}, "ndarray_save_dram_nvme": {"open_time": 75.4792423248291, "copy_time": 26.40352988243103, "close_persist_time": 79.2902193069458}, "ndarray_save_dram_fs_dax0": {"open_time": 65.25421118736267, "copy_time": 25.714277267456055, "close_persist_time": 55.91893243789673}}