{"dram": {"open_time": 1.5735626220703125e-05, "copy_time": 3.5754826068878174, "close_persist_time": 0}, "numpymmap_nvme": {"open_time": 132.8342990875244, "copy_time": 5.793810129165649, "close_persist_time": 2.338775396347046}, "numpymmap_fs_dax0": {"open_time": 113.61164498329163, "copy_time": 3.880826473236084, "close_persist_time": 48.93031573295593}, "pymm_dram_fs_dax0": {"open_time": 70.42016673088074, "copy_time": 4.35628867149353, "close_persist_time": 0.019061565399169922}, "pymm_dram_dev_dax0": {"open_time": 38.17106771469116, "copy_time": 4.393121242523193, "close_persist_time": 0.01992511749267578}, "ndarray_save_dram_nvme": {"open_time": 76.67417287826538, "copy_time": 4.004816293716431, "close_persist_time": 77.75445294380188}, "ndarray_save_dram_fs_dax0": {"open_time": 65.57330918312073, "copy_time": 3.977163791656494, "close_persist_time": 50.09724831581116}}