{"dram": {"open_time": 1.3113021850585938e-05, "copy_time": 13.899970769882202, "close_persist_time": 0}, "numpymmap_nvme": {"open_time": 139.43874740600586, "copy_time": 17.914112329483032, "close_persist_time": 6.936526298522949}, "numpymmap_fs_dax0": {"open_time": 113.72082185745239, "copy_time": 8.015417098999023, "close_persist_time": 43.41208529472351}, "pymm_dram_fs_dax0": {"open_time": 70.17177295684814, "copy_time": 7.6126391887664795, "close_persist_time": 0.03349781036376953}, "pymm_dram_dev_dax0": {"open_time": 38.14647150039673, "copy_time": 7.687838792800903, "close_persist_time": 0.03321027755737305}, "ndarray_save_dram_nvme": {"open_time": 75.77768349647522, "copy_time": 19.243894815444946, "close_persist_time": 78.99414610862732}, "ndarray_save_dram_fs_dax0": {"open_time": 65.48064517974854, "copy_time": 18.42140483856201, "close_persist_time": 55.426743507385254}}