{"dram": {"open_time": 1.5497207641601562e-05, "copy_time": 13.737698554992676, "close_persist_time": 0}, "numpymmap_nvme": {"open_time": 136.059264421463, "copy_time": 16.38369655609131, "close_persist_time": 2.59488844871521}, "numpymmap_fs_dax0": {"open_time": 113.85241794586182, "copy_time": 8.000702857971191, "close_persist_time": 15.868247032165527}, "pymm_dram_fs_dax0": {"open_time": 70.71978664398193, "copy_time": 7.860924482345581, "close_persist_time": 0.02924036979675293}, "pymm_dram_dev_dax0": {"open_time": 37.78768730163574, "copy_time": 7.796715259552002, "close_persist_time": 0.029381990432739258}, "ndarray_save_dram_nvme": {"open_time": 76.72196388244629, "copy_time": 23.937904357910156, "close_persist_time": 79.16401314735413}, "ndarray_save_dram_fs_dax0": {"open_time": 65.53873658180237, "copy_time": 22.985130071640015, "close_persist_time": 62.81339645385742}}