{"dram": {"open_time": 1.9788742065429688e-05, "copy_time": 4.942361116409302, "close_persist_time": 0}, "numpymmap_nvme": {"open_time": 138.36143469810486, "copy_time": 7.837511777877808, "close_persist_time": 3.269099712371826}, "numpymmap_fs_dax0": {"open_time": 114.36069512367249, "copy_time": 6.132366180419922, "close_persist_time": 48.40943789482117}, "pymm_dram_fs_dax0": {"open_time": 69.76760601997375, "copy_time": 6.467423677444458, "close_persist_time": 0.015394926071166992}, "pymm_dram_dev_dax0": {"open_time": 38.00656819343567, "copy_time": 6.4455156326293945, "close_persist_time": 0.015282392501831055}, "ndarray_save_dram_nvme": {"open_time": 76.02073216438293, "copy_time": 6.743713855743408, "close_persist_time": 76.17454624176025}, "ndarray_save_dram_fs_dax0": {"open_time": 65.24084115028381, "copy_time": 6.655938386917114, "close_persist_time": 51.00700879096985}}