{"dram": {"open_time": 1.811981201171875e-05, "copy_time": 3.2054781913757324, "close_persist_time": 0}, "numpymmap_nvme": {"open_time": 138.06538033485413, "copy_time": 6.644366979598999, "close_persist_time": 1.5438446998596191}, "numpymmap_fs_dax0": {"open_time": 113.77879285812378, "copy_time": 4.066476345062256, "close_persist_time": 48.87104392051697}, "pymm_dram_fs_dax0": {"open_time": 70.27251195907593, "copy_time": 4.630661964416504, "close_persist_time": 0.012179851531982422}, "pymm_dram_dev_dax0": {"open_time": 38.044257164001465, "copy_time": 4.665928602218628, "close_persist_time": 0.012124300003051758}, "ndarray_save_dram_nvme": {"open_time": 75.53526043891907, "copy_time": 4.399105548858643, "close_persist_time": 75.79742693901062}, "ndarray_save_dram_fs_dax0": {"open_time": 65.56632947921753, "copy_time": 4.340196847915649, "close_persist_time": 50.502163887023926}}