{"dram": {"open_time": 2.1457672119140625e-05, "copy_time": 2.9871788024902344, "close_persist_time": 0}, "numpymmap_nvme": {"open_time": 138.20986366271973, "copy_time": 6.01194953918457, "close_persist_time": 1.6463136672973633}, "numpymmap_fs_dax0": {"open_time": 115.25363969802856, "copy_time": 3.9153194427490234, "close_persist_time": 47.92691469192505}, "pymm_dram_fs_dax0": {"open_time": 71.47222447395325, "copy_time": 4.482904672622681, "close_persist_time": 0.011232852935791016}, "pymm_dram_dev_dax0": {"open_time": 38.150856494903564, "copy_time": 4.509798765182495, "close_persist_time": 0.016985177993774414}, "ndarray_save_dram_nvme": {"open_time": 76.06182432174683, "copy_time": 4.055244207382202, "close_persist_time": 77.64549612998962}, "ndarray_save_dram_fs_dax0": {"open_time": 65.54729795455933, "copy_time": 4.031313896179199, "close_persist_time": 50.30410623550415}}