{"dram": {"open_time": 1.52587890625e-05, "copy_time": 3.6467232704162598, "close_persist_time": 0}, "numpymmap_nvme": {"open_time": 138.40649890899658, "copy_time": 6.547577142715454, "close_persist_time": 1.5613007545471191}, "numpymmap_fs_dax0": {"open_time": 113.9233763217926, "copy_time": 3.8101000785827637, "close_persist_time": 48.88239145278931}, "pymm_dram_fs_dax0": {"open_time": 71.31610441207886, "copy_time": 4.311152696609497, "close_persist_time": 0.018981218338012695}, "pymm_dram_dev_dax0": {"open_time": 38.06128144264221, "copy_time": 4.330537557601929, "close_persist_time": 0.02022266387939453}, "ndarray_save_dram_nvme": {"open_time": 75.76101303100586, "copy_time": 4.009837627410889, "close_persist_time": 75.62975430488586}, "ndarray_save_dram_fs_dax0": {"open_time": 65.56713533401489, "copy_time": 4.010307550430298, "close_persist_time": 50.354899406433105}}