{"dram": {"open_time": 1.2636184692382812e-05, "copy_time": 14.043909072875977, "close_persist_time": 0}, "numpymmap_nvme": {"open_time": 136.4423804283142, "copy_time": 17.796488285064697, "close_persist_time": 6.808202266693115}, "numpymmap_fs_dax0": {"open_time": 113.94608187675476, "copy_time": 8.053572416305542, "close_persist_time": 43.37852501869202}, "pymm_dram_fs_dax0": {"open_time": 70.15730834007263, "copy_time": 7.664892673492432, "close_persist_time": 0.03327345848083496}, "pymm_dram_dev_dax0": {"open_time": 38.13744401931763, "copy_time": 7.750688791275024, "close_persist_time": 0.03325057029724121}, "ndarray_save_dram_nvme": {"open_time": 76.23096704483032, "copy_time": 19.40614080429077, "close_persist_time": 79.00966906547546}, "ndarray_save_dram_fs_dax0": {"open_time": 65.56898093223572, "copy_time": 18.527878999710083, "close_persist_time": 55.12575888633728}}