{"dram": {"open_time": 2.0265579223632812e-05, "copy_time": 19.436134815216064, "close_persist_time": 0}, "numpymmap_nvme": {"open_time": 135.35098600387573, "copy_time": 35.511723041534424, "close_persist_time": 2.5708367824554443}, "numpymmap_fs_dax0": {"open_time": 114.15658521652222, "copy_time": 12.844059228897095, "close_persist_time": 48.714343309402466}, "pymm_dram_fs_dax0": {"open_time": 70.27741384506226, "copy_time": 13.116912603378296, "close_persist_time": 0.038545846939086914}, "pymm_dram_dev_dax0": {"open_time": 38.05974555015564, "copy_time": 13.220113515853882, "close_persist_time": 0.038565635681152344}, "ndarray_save_dram_nvme": {"open_time": 76.66491174697876, "copy_time": 26.6972234249115, "close_persist_time": 78.73325824737549}, "ndarray_save_dram_fs_dax0": {"open_time": 65.59582257270813, "copy_time": 26.688424825668335, "close_persist_time": 58.2200665473938}}