{"dram": {"open_time": 1.52587890625e-05, "copy_time": 13.916809558868408, "close_persist_time": 0}, "numpymmap_nvme": {"open_time": 134.17758011817932, "copy_time": 13.282866477966309, "close_persist_time": 5.851273059844971}, "numpymmap_fs_dax0": {"open_time": 114.06526350975037, "copy_time": 7.95589017868042, "close_persist_time": 15.867805480957031}, "pymm_dram_fs_dax0": {"open_time": 70.14298701286316, "copy_time": 7.851149797439575, "close_persist_time": 0.02945423126220703}, "pymm_dram_dev_dax0": {"open_time": 37.90374135971069, "copy_time": 7.819579362869263, "close_persist_time": 0.029206037521362305}, "ndarray_save_dram_nvme": {"open_time": 75.76190710067749, "copy_time": 23.988909006118774, "close_persist_time": 79.41518568992615}, "ndarray_save_dram_fs_dax0": {"open_time": 65.57873725891113, "copy_time": 22.963340282440186, "close_persist_time": 63.091073751449585}}