{"dram": {"open_time": 1.9311904907226562e-05, "copy_time": 4.899273157119751, "close_persist_time": 0}, "numpymmap_nvme": {"open_time": 135.9302158355713, "copy_time": 8.69273328781128, "close_persist_time": 1.8142192363739014}, "numpymmap_fs_dax0": {"open_time": 114.27743244171143, "copy_time": 6.0769665241241455, "close_persist_time": 48.46123719215393}, "pymm_dram_fs_dax0": {"open_time": 70.79138922691345, "copy_time": 6.442533016204834, "close_persist_time": 0.01530313491821289}, "pymm_dram_dev_dax0": {"open_time": 37.75854706764221, "copy_time": 6.5836780071258545, "close_persist_time": 0.015088081359863281}, "ndarray_save_dram_nvme": {"open_time": 77.56532835960388, "copy_time": 6.772746562957764, "close_persist_time": 76.38905668258667}, "ndarray_save_dram_fs_dax0": {"open_time": 65.48766827583313, "copy_time": 6.657707929611206, "close_persist_time": 51.01072645187378}}