{"dram": {"open_time": 1.9073486328125e-05, "copy_time": 19.69049072265625, "close_persist_time": 0}, "numpymmap_nvme": {"open_time": 134.36792492866516, "copy_time": 27.97516918182373, "close_persist_time": 10.189066648483276}, "numpymmap_fs_dax0": {"open_time": 113.9989640712738, "copy_time": 12.925979375839233, "close_persist_time": 48.826956033706665}, "pymm_dram_fs_dax0": {"open_time": 71.36211133003235, "copy_time": 13.15569257736206, "close_persist_time": 0.03883695602416992}, "pymm_dram_dev_dax0": {"open_time": 37.53256368637085, "copy_time": 13.159257650375366, "close_persist_time": 0.03889751434326172}, "ndarray_save_dram_nvme": {"open_time": 75.66522073745728, "copy_time": 26.753467798233032, "close_persist_time": 78.721346616745}, "ndarray_save_dram_fs_dax0": {"open_time": 65.41876649856567, "copy_time": 26.707414388656616, "close_persist_time": 58.80619955062866}}