{"dram": {"open_time": 1.1682510375976562e-05, "copy_time": 14.219959735870361, "close_persist_time": 0}, "numpymmap_nvme": {"open_time": 134.68912744522095, "copy_time": 17.635334014892578, "close_persist_time": 7.35271143913269}, "numpymmap_fs_dax0": {"open_time": 113.85419726371765, "copy_time": 8.126449823379517, "close_persist_time": 43.37725639343262}, "pymm_dram_fs_dax0": {"open_time": 71.4175488948822, "copy_time": 7.658135175704956, "close_persist_time": 0.033544301986694336}, "pymm_dram_dev_dax0": {"open_time": 38.21621751785278, "copy_time": 7.740643739700317, "close_persist_time": 0.03310799598693848}, "ndarray_save_dram_nvme": {"open_time": 76.30295944213867, "copy_time": 19.403446435928345, "close_persist_time": 79.3063735961914}, "ndarray_save_dram_fs_dax0": {"open_time": 65.80532312393188, "copy_time": 18.540292739868164, "close_persist_time": 55.338502645492554}}