{"dram": {"open_time": 1.4543533325195312e-05, "copy_time": 3.5447773933410645, "close_persist_time": 0}, "numpymmap_nvme": {"open_time": 136.87067651748657, "copy_time": 5.974749565124512, "close_persist_time": 2.404315233230591}, "numpymmap_fs_dax0": {"open_time": 113.77798533439636, "copy_time": 4.112573862075806, "close_persist_time": 48.86627697944641}, "pymm_dram_fs_dax0": {"open_time": 69.54622173309326, "copy_time": 4.594480037689209, "close_persist_time": 0.020122051239013672}, "pymm_dram_dev_dax0": {"open_time": 37.761150598526, "copy_time": 4.684002161026001, "close_persist_time": 0.02066779136657715}, "ndarray_save_dram_nvme": {"open_time": 76.3305287361145, "copy_time": 4.0071563720703125, "close_persist_time": 76.3098840713501}, "ndarray_save_dram_fs_dax0": {"open_time": 65.85080122947693, "copy_time": 4.004662275314331, "close_persist_time": 50.730138540267944}}