{"dram": {"open_time": 2.0503997802734375e-05, "copy_time": 3.21030855178833, "close_persist_time": 0}, "numpymmap_nvme": {"open_time": 136.23535704612732, "copy_time": 6.654118061065674, "close_persist_time": 1.0450644493103027}, "numpymmap_fs_dax0": {"open_time": 114.03452515602112, "copy_time": 4.031145334243774, "close_persist_time": 48.79921627044678}, "pymm_dram_fs_dax0": {"open_time": 70.17870831489563, "copy_time": 4.609375715255737, "close_persist_time": 0.012338399887084961}, "pymm_dram_dev_dax0": {"open_time": 37.41181564331055, "copy_time": 4.598783731460571, "close_persist_time": 0.011956214904785156}, "ndarray_save_dram_nvme": {"open_time": 78.0143871307373, "copy_time": 4.38569188117981, "close_persist_time": 75.69033527374268}, "ndarray_save_dram_fs_dax0": {"open_time": 65.3162305355072, "copy_time": 4.327930450439453, "close_persist_time": 50.34395456314087}}