{"dram": {"open_time": 1.9550323486328125e-05, "copy_time": 3.668797492980957, "close_persist_time": 0}, "numpymmap_nvme": {"open_time": 135.89781165122986, "copy_time": 6.063320875167847, "close_persist_time": 1.66748046875}, "numpymmap_fs_dax0": {"open_time": 115.10705375671387, "copy_time": 4.028676986694336, "close_persist_time": 47.803093910217285}, "pymm_dram_fs_dax0": {"open_time": 71.30042552947998, "copy_time": 4.60819935798645, "close_persist_time": 0.011310577392578125}, "pymm_dram_dev_dax0": {"open_time": 37.92754673957825, "copy_time": 4.602316617965698, "close_persist_time": 0.016296863555908203}, "ndarray_save_dram_nvme": {"open_time": 77.66455721855164, "copy_time": 4.183745622634888, "close_persist_time": 77.78881812095642}, "ndarray_save_dram_fs_dax0": {"open_time": 65.61836242675781, "copy_time": 4.205820560455322, "close_persist_time": 50.23309946060181}}