{"dram": {"open_time": 1.430511474609375e-05, "copy_time": 16.445788145065308, "close_persist_time": 0}, "numpymmap_nvme": {"open_time": 130.3966908454895, "copy_time": 6.0512330532073975, "close_persist_time": 2.323456048965454}, "numpymmap_fs_dax0": {"open_time": 112.79718470573425, "copy_time": 3.883812427520752, "close_persist_time": 48.94737505912781}, "pymm_dram_fs_dax0": {"open_time": 72.2789158821106, "copy_time": 4.397070407867432, "close_persist_time": 0.01902937889099121}, "pymm_dram_dev_dax0": {"open_time": 38.585970640182495, "copy_time": 4.408681392669678, "close_persist_time": 0.020956993103027344}, "ndarray_save_dram_nvme": {"open_time": 61.766340255737305, "copy_time": 3.9591376781463623, "close_persist_time": 77.85150146484375}, "ndarray_save_dram_fs_dax0": {"open_time": 65.83384966850281, "copy_time": 3.9946980476379395, "close_persist_time": 50.197739124298096}}